"pays_id","pays","zone_climatique_partagee","annee","scenario","classe_donnee","gravite","code","diagnostic","correction_recommandee"
"356","India","ind","2075","bau","scenario_CCKP_CMIP6_interpole","information","TW_HORS_DOMAINE_STULL","Tw est correctement indisponible car au moins une entrée est hors du domaine publié de Stull.","Aucune correction de données : conserver NC et afficher quelle entrée dépasse le domaine."
"064","Bhutan","ind","2075","bau","scenario_CCKP_CMIP6_interpole","information","TW_HORS_DOMAINE_STULL","Tw est correctement indisponible car au moins une entrée est hors du domaine publié de Stull.","Aucune correction de données : conserver NC et afficher quelle entrée dépasse le domaine."
"524","Nepal","ind","2075","bau","scenario_CCKP_CMIP6_interpole","information","TW_HORS_DOMAINE_STULL","Tw est correctement indisponible car au moins une entrée est hors du domaine publié de Stull.","Aucune correction de données : conserver NC et afficher quelle entrée dépasse le domaine."
"144","Sri Lanka","ind","2075","bau","scenario_CCKP_CMIP6_interpole","information","TW_HORS_DOMAINE_STULL","Tw est correctement indisponible car au moins une entrée est hors du domaine publié de Stull.","Aucune correction de données : conserver NC et afficher quelle entrée dépasse le domaine."
"356","India","ind","2076","bau","scenario_CCKP_CMIP6_interpole","information","TW_HORS_DOMAINE_STULL","Tw est correctement indisponible car au moins une entrée est hors du domaine publié de Stull.","Aucune correction de données : conserver NC et afficher quelle entrée dépasse le domaine."
"064","Bhutan","ind","2076","bau","scenario_CCKP_CMIP6_interpole","information","TW_HORS_DOMAINE_STULL","Tw est correctement indisponible car au moins une entrée est hors du domaine publié de Stull.","Aucune correction de données : conserver NC et afficher quelle entrée dépasse le domaine."
"524","Nepal","ind","2076","bau","scenario_CCKP_CMIP6_interpole","information","TW_HORS_DOMAINE_STULL","Tw est correctement indisponible car au moins une entrée est hors du domaine publié de Stull.","Aucune correction de données : conserver NC et afficher quelle entrée dépasse le domaine."
"144","Sri Lanka","ind","2076","bau","scenario_CCKP_CMIP6_interpole","information","TW_HORS_DOMAINE_STULL","Tw est correctement indisponible car au moins une entrée est hors du domaine publié de Stull.","Aucune correction de données : conserver NC et afficher quelle entrée dépasse le domaine."
"356","India","ind","2077","bau","scenario_CCKP_CMIP6_interpole","information","TW_HORS_DOMAINE_STULL","Tw est correctement indisponible car au moins une entrée est hors du domaine publié de Stull.","Aucune correction de données : conserver NC et afficher quelle entrée dépasse le domaine."
"064","Bhutan","ind","2077","bau","scenario_CCKP_CMIP6_interpole","information","TW_HORS_DOMAINE_STULL","Tw est correctement indisponible car au moins une entrée est hors du domaine publié de Stull.","Aucune correction de données : conserver NC et afficher quelle entrée dépasse le domaine."
"524","Nepal","ind","2077","bau","scenario_CCKP_CMIP6_interpole","information","TW_HORS_DOMAINE_STULL","Tw est correctement indisponible car au moins une entrée est hors du domaine publié de Stull.","Aucune correction de données : conserver NC et afficher quelle entrée dépasse le domaine."
"144","Sri Lanka","ind","2077","bau","scenario_CCKP_CMIP6_interpole","information","TW_HORS_DOMAINE_STULL","Tw est correctement indisponible car au moins une entrée est hors du domaine publié de Stull.","Aucune correction de données : conserver NC et afficher quelle entrée dépasse le domaine."
"356","India","ind","2078","bau","scenario_CCKP_CMIP6_interpole","information","TW_HORS_DOMAINE_STULL","Tw est correctement indisponible car au moins une entrée est hors du domaine publié de Stull.","Aucune correction de données : conserver NC et afficher quelle entrée dépasse le domaine."
"064","Bhutan","ind","2078","bau","scenario_CCKP_CMIP6_interpole","information","TW_HORS_DOMAINE_STULL","Tw est correctement indisponible car au moins une entrée est hors du domaine publié de Stull.","Aucune correction de données : conserver NC et afficher quelle entrée dépasse le domaine."
"524","Nepal","ind","2078","bau","scenario_CCKP_CMIP6_interpole","information","TW_HORS_DOMAINE_STULL","Tw est correctement indisponible car au moins une entrée est hors du domaine publié de Stull.","Aucune correction de données : conserver NC et afficher quelle entrée dépasse le domaine."
"144","Sri Lanka","ind","2078","bau","scenario_CCKP_CMIP6_interpole","information","TW_HORS_DOMAINE_STULL","Tw est correctement indisponible car au moins une entrée est hors du domaine publié de Stull.","Aucune correction de données : conserver NC et afficher quelle entrée dépasse le domaine."
"356","India","ind","2079","bau","scenario_CCKP_CMIP6_interpole","information","TW_HORS_DOMAINE_STULL","Tw est correctement indisponible car au moins une entrée est hors du domaine publié de Stull.","Aucune correction de données : conserver NC et afficher quelle entrée dépasse le domaine."
"064","Bhutan","ind","2079","bau","scenario_CCKP_CMIP6_interpole","information","TW_HORS_DOMAINE_STULL","Tw est correctement indisponible car au moins une entrée est hors du domaine publié de Stull.","Aucune correction de données : conserver NC et afficher quelle entrée dépasse le domaine."
"524","Nepal","ind","2079","bau","scenario_CCKP_CMIP6_interpole","information","TW_HORS_DOMAINE_STULL","Tw est correctement indisponible car au moins une entrée est hors du domaine publié de Stull.","Aucune correction de données : conserver NC et afficher quelle entrée dépasse le domaine."
"144","Sri Lanka","ind","2079","bau","scenario_CCKP_CMIP6_interpole","information","TW_HORS_DOMAINE_STULL","Tw est correctement indisponible car au moins une entrée est hors du domaine publié de Stull.","Aucune correction de données : conserver NC et afficher quelle entrée dépasse le domaine."
"356","India","ind","2080","bau","scenario_CCKP_CMIP6_interpole","information","TW_HORS_DOMAINE_STULL","Tw est correctement indisponible car au moins une entrée est hors du domaine publié de Stull.","Aucune correction de données : conserver NC et afficher quelle entrée dépasse le domaine."
"064","Bhutan","ind","2080","bau","scenario_CCKP_CMIP6_interpole","information","TW_HORS_DOMAINE_STULL","Tw est correctement indisponible car au moins une entrée est hors du domaine publié de Stull.","Aucune correction de données : conserver NC et afficher quelle entrée dépasse le domaine."
"524","Nepal","ind","2080","bau","scenario_CCKP_CMIP6_interpole","information","TW_HORS_DOMAINE_STULL","Tw est correctement indisponible car au moins une entrée est hors du domaine publié de Stull.","Aucune correction de données : conserver NC et afficher quelle entrée dépasse le domaine."
"144","Sri Lanka","ind","2080","bau","scenario_CCKP_CMIP6_interpole","information","TW_HORS_DOMAINE_STULL","Tw est correctement indisponible car au moins une entrée est hors du domaine publié de Stull.","Aucune correction de données : conserver NC et afficher quelle entrée dépasse le domaine."
"356","India","ind","2081","bau","scenario_CCKP_CMIP6_interpole","information","TW_HORS_DOMAINE_STULL","Tw est correctement indisponible car au moins une entrée est hors du domaine publié de Stull.","Aucune correction de données : conserver NC et afficher quelle entrée dépasse le domaine."
"064","Bhutan","ind","2081","bau","scenario_CCKP_CMIP6_interpole","information","TW_HORS_DOMAINE_STULL","Tw est correctement indisponible car au moins une entrée est hors du domaine publié de Stull.","Aucune correction de données : conserver NC et afficher quelle entrée dépasse le domaine."
"524","Nepal","ind","2081","bau","scenario_CCKP_CMIP6_interpole","information","TW_HORS_DOMAINE_STULL","Tw est correctement indisponible car au moins une entrée est hors du domaine publié de Stull.","Aucune correction de données : conserver NC et afficher quelle entrée dépasse le domaine."
"144","Sri Lanka","ind","2081","bau","scenario_CCKP_CMIP6_interpole","information","TW_HORS_DOMAINE_STULL","Tw est correctement indisponible car au moins une entrée est hors du domaine publié de Stull.","Aucune correction de données : conserver NC et afficher quelle entrée dépasse le domaine."
"356","India","ind","2082","bau","scenario_CCKP_CMIP6_interpole","information","TW_HORS_DOMAINE_STULL","Tw est correctement indisponible car au moins une entrée est hors du domaine publié de Stull.","Aucune correction de données : conserver NC et afficher quelle entrée dépasse le domaine."
"064","Bhutan","ind","2082","bau","scenario_CCKP_CMIP6_interpole","information","TW_HORS_DOMAINE_STULL","Tw est correctement indisponible car au moins une entrée est hors du domaine publié de Stull.","Aucune correction de données : conserver NC et afficher quelle entrée dépasse le domaine."
"524","Nepal","ind","2082","bau","scenario_CCKP_CMIP6_interpole","information","TW_HORS_DOMAINE_STULL","Tw est correctement indisponible car au moins une entrée est hors du domaine publié de Stull.","Aucune correction de données : conserver NC et afficher quelle entrée dépasse le domaine."
"144","Sri Lanka","ind","2082","bau","scenario_CCKP_CMIP6_interpole","information","TW_HORS_DOMAINE_STULL","Tw est correctement indisponible car au moins une entrée est hors du domaine publié de Stull.","Aucune correction de données : conserver NC et afficher quelle entrée dépasse le domaine."
"356","India","ind","2083","bau","scenario_CCKP_CMIP6_interpole","information","TW_HORS_DOMAINE_STULL","Tw est correctement indisponible car au moins une entrée est hors du domaine publié de Stull.","Aucune correction de données : conserver NC et afficher quelle entrée dépasse le domaine."
"064","Bhutan","ind","2083","bau","scenario_CCKP_CMIP6_interpole","information","TW_HORS_DOMAINE_STULL","Tw est correctement indisponible car au moins une entrée est hors du domaine publié de Stull.","Aucune correction de données : conserver NC et afficher quelle entrée dépasse le domaine."
"524","Nepal","ind","2083","bau","scenario_CCKP_CMIP6_interpole","information","TW_HORS_DOMAINE_STULL","Tw est correctement indisponible car au moins une entrée est hors du domaine publié de Stull.","Aucune correction de données : conserver NC et afficher quelle entrée dépasse le domaine."
"144","Sri Lanka","ind","2083","bau","scenario_CCKP_CMIP6_interpole","information","TW_HORS_DOMAINE_STULL","Tw est correctement indisponible car au moins une entrée est hors du domaine publié de Stull.","Aucune correction de données : conserver NC et afficher quelle entrée dépasse le domaine."
"356","India","ind","2084","bau","scenario_CCKP_CMIP6_interpole","information","TW_HORS_DOMAINE_STULL","Tw est correctement indisponible car au moins une entrée est hors du domaine publié de Stull.","Aucune correction de données : conserver NC et afficher quelle entrée dépasse le domaine."
"064","Bhutan","ind","2084","bau","scenario_CCKP_CMIP6_interpole","information","TW_HORS_DOMAINE_STULL","Tw est correctement indisponible car au moins une entrée est hors du domaine publié de Stull.","Aucune correction de données : conserver NC et afficher quelle entrée dépasse le domaine."
"524","Nepal","ind","2084","bau","scenario_CCKP_CMIP6_interpole","information","TW_HORS_DOMAINE_STULL","Tw est correctement indisponible car au moins une entrée est hors du domaine publié de Stull.","Aucune correction de données : conserver NC et afficher quelle entrée dépasse le domaine."
"144","Sri Lanka","ind","2084","bau","scenario_CCKP_CMIP6_interpole","information","TW_HORS_DOMAINE_STULL","Tw est correctement indisponible car au moins une entrée est hors du domaine publié de Stull.","Aucune correction de données : conserver NC et afficher quelle entrée dépasse le domaine."
"356","India","ind","2085","bau","scenario_CCKP_CMIP6_interpole","information","TW_HORS_DOMAINE_STULL","Tw est correctement indisponible car au moins une entrée est hors du domaine publié de Stull.","Aucune correction de données : conserver NC et afficher quelle entrée dépasse le domaine."
"064","Bhutan","ind","2085","bau","scenario_CCKP_CMIP6_interpole","information","TW_HORS_DOMAINE_STULL","Tw est correctement indisponible car au moins une entrée est hors du domaine publié de Stull.","Aucune correction de données : conserver NC et afficher quelle entrée dépasse le domaine."
"524","Nepal","ind","2085","bau","scenario_CCKP_CMIP6_interpole","information","TW_HORS_DOMAINE_STULL","Tw est correctement indisponible car au moins une entrée est hors du domaine publié de Stull.","Aucune correction de données : conserver NC et afficher quelle entrée dépasse le domaine."
"144","Sri Lanka","ind","2085","bau","scenario_CCKP_CMIP6_interpole","information","TW_HORS_DOMAINE_STULL","Tw est correctement indisponible car au moins une entrée est hors du domaine publié de Stull.","Aucune correction de données : conserver NC et afficher quelle entrée dépasse le domaine."
"356","India","ind","2086","bau","scenario_CCKP_CMIP6_interpole","information","TW_HORS_DOMAINE_STULL","Tw est correctement indisponible car au moins une entrée est hors du domaine publié de Stull.","Aucune correction de données : conserver NC et afficher quelle entrée dépasse le domaine."
"064","Bhutan","ind","2086","bau","scenario_CCKP_CMIP6_interpole","information","TW_HORS_DOMAINE_STULL","Tw est correctement indisponible car au moins une entrée est hors du domaine publié de Stull.","Aucune correction de données : conserver NC et afficher quelle entrée dépasse le domaine."
"524","Nepal","ind","2086","bau","scenario_CCKP_CMIP6_interpole","information","TW_HORS_DOMAINE_STULL","Tw est correctement indisponible car au moins une entrée est hors du domaine publié de Stull.","Aucune correction de données : conserver NC et afficher quelle entrée dépasse le domaine."
"144","Sri Lanka","ind","2086","bau","scenario_CCKP_CMIP6_interpole","information","TW_HORS_DOMAINE_STULL","Tw est correctement indisponible car au moins une entrée est hors du domaine publié de Stull.","Aucune correction de données : conserver NC et afficher quelle entrée dépasse le domaine."
"356","India","ind","2087","bau","scenario_CCKP_CMIP6_interpole","information","TW_HORS_DOMAINE_STULL","Tw est correctement indisponible car au moins une entrée est hors du domaine publié de Stull.","Aucune correction de données : conserver NC et afficher quelle entrée dépasse le domaine."
"064","Bhutan","ind","2087","bau","scenario_CCKP_CMIP6_interpole","information","TW_HORS_DOMAINE_STULL","Tw est correctement indisponible car au moins une entrée est hors du domaine publié de Stull.","Aucune correction de données : conserver NC et afficher quelle entrée dépasse le domaine."
"524","Nepal","ind","2087","bau","scenario_CCKP_CMIP6_interpole","information","TW_HORS_DOMAINE_STULL","Tw est correctement indisponible car au moins une entrée est hors du domaine publié de Stull.","Aucune correction de données : conserver NC et afficher quelle entrée dépasse le domaine."
"144","Sri Lanka","ind","2087","bau","scenario_CCKP_CMIP6_interpole","information","TW_HORS_DOMAINE_STULL","Tw est correctement indisponible car au moins une entrée est hors du domaine publié de Stull.","Aucune correction de données : conserver NC et afficher quelle entrée dépasse le domaine."
"356","India","ind","2088","bau","scenario_CCKP_CMIP6_interpole","information","TW_HORS_DOMAINE_STULL","Tw est correctement indisponible car au moins une entrée est hors du domaine publié de Stull.","Aucune correction de données : conserver NC et afficher quelle entrée dépasse le domaine."
"064","Bhutan","ind","2088","bau","scenario_CCKP_CMIP6_interpole","information","TW_HORS_DOMAINE_STULL","Tw est correctement indisponible car au moins une entrée est hors du domaine publié de Stull.","Aucune correction de données : conserver NC et afficher quelle entrée dépasse le domaine."
"524","Nepal","ind","2088","bau","scenario_CCKP_CMIP6_interpole","information","TW_HORS_DOMAINE_STULL","Tw est correctement indisponible car au moins une entrée est hors du domaine publié de Stull.","Aucune correction de données : conserver NC et afficher quelle entrée dépasse le domaine."
"144","Sri Lanka","ind","2088","bau","scenario_CCKP_CMIP6_interpole","information","TW_HORS_DOMAINE_STULL","Tw est correctement indisponible car au moins une entrée est hors du domaine publié de Stull.","Aucune correction de données : conserver NC et afficher quelle entrée dépasse le domaine."
"356","India","ind","2089","bau","scenario_CCKP_CMIP6_interpole","information","TW_HORS_DOMAINE_STULL","Tw est correctement indisponible car au moins une entrée est hors du domaine publié de Stull.","Aucune correction de données : conserver NC et afficher quelle entrée dépasse le domaine."
"064","Bhutan","ind","2089","bau","scenario_CCKP_CMIP6_interpole","information","TW_HORS_DOMAINE_STULL","Tw est correctement indisponible car au moins une entrée est hors du domaine publié de Stull.","Aucune correction de données : conserver NC et afficher quelle entrée dépasse le domaine."
"524","Nepal","ind","2089","bau","scenario_CCKP_CMIP6_interpole","information","TW_HORS_DOMAINE_STULL","Tw est correctement indisponible car au moins une entrée est hors du domaine publié de Stull.","Aucune correction de données : conserver NC et afficher quelle entrée dépasse le domaine."
"144","Sri Lanka","ind","2089","bau","scenario_CCKP_CMIP6_interpole","information","TW_HORS_DOMAINE_STULL","Tw est correctement indisponible car au moins une entrée est hors du domaine publié de Stull.","Aucune correction de données : conserver NC et afficher quelle entrée dépasse le domaine."
"356","India","ind","2090","bau","scenario_CCKP_CMIP6_interpole","information","TW_HORS_DOMAINE_STULL","Tw est correctement indisponible car au moins une entrée est hors du domaine publié de Stull.","Aucune correction de données : conserver NC et afficher quelle entrée dépasse le domaine."
"064","Bhutan","ind","2090","bau","scenario_CCKP_CMIP6_interpole","information","TW_HORS_DOMAINE_STULL","Tw est correctement indisponible car au moins une entrée est hors du domaine publié de Stull.","Aucune correction de données : conserver NC et afficher quelle entrée dépasse le domaine."
"524","Nepal","ind","2090","bau","scenario_CCKP_CMIP6_interpole","information","TW_HORS_DOMAINE_STULL","Tw est correctement indisponible car au moins une entrée est hors du domaine publié de Stull.","Aucune correction de données : conserver NC et afficher quelle entrée dépasse le domaine."
"144","Sri Lanka","ind","2090","bau","scenario_CCKP_CMIP6_interpole","information","TW_HORS_DOMAINE_STULL","Tw est correctement indisponible car au moins une entrée est hors du domaine publié de Stull.","Aucune correction de données : conserver NC et afficher quelle entrée dépasse le domaine."
"356","India","ind","2091","bau","scenario_CCKP_CMIP6_interpole","information","TW_HORS_DOMAINE_STULL","Tw est correctement indisponible car au moins une entrée est hors du domaine publié de Stull.","Aucune correction de données : conserver NC et afficher quelle entrée dépasse le domaine."
"064","Bhutan","ind","2091","bau","scenario_CCKP_CMIP6_interpole","information","TW_HORS_DOMAINE_STULL","Tw est correctement indisponible car au moins une entrée est hors du domaine publié de Stull.","Aucune correction de données : conserver NC et afficher quelle entrée dépasse le domaine."
"524","Nepal","ind","2091","bau","scenario_CCKP_CMIP6_interpole","information","TW_HORS_DOMAINE_STULL","Tw est correctement indisponible car au moins une entrée est hors du domaine publié de Stull.","Aucune correction de données : conserver NC et afficher quelle entrée dépasse le domaine."
"144","Sri Lanka","ind","2091","bau","scenario_CCKP_CMIP6_interpole","information","TW_HORS_DOMAINE_STULL","Tw est correctement indisponible car au moins une entrée est hors du domaine publié de Stull.","Aucune correction de données : conserver NC et afficher quelle entrée dépasse le domaine."
"784","United Arab Emirates","sau","2092","bau","scenario_CCKP_CMIP6_interpole","information","TW_HORS_DOMAINE_STULL","Tw est correctement indisponible car au moins une entrée est hors du domaine publié de Stull.","Aucune correction de données : conserver NC et afficher quelle entrée dépasse le domaine."
"634","Qatar","sau","2092","bau","scenario_CCKP_CMIP6_interpole","information","TW_HORS_DOMAINE_STULL","Tw est correctement indisponible car au moins une entrée est hors du domaine publié de Stull.","Aucune correction de données : conserver NC et afficher quelle entrée dépasse le domaine."
"414","Kuwait","sau","2092","bau","scenario_CCKP_CMIP6_interpole","information","TW_HORS_DOMAINE_STULL","Tw est correctement indisponible car au moins une entrée est hors du domaine publié de Stull.","Aucune correction de données : conserver NC et afficher quelle entrée dépasse le domaine."
"512","Oman","sau","2092","bau","scenario_CCKP_CMIP6_interpole","information","TW_HORS_DOMAINE_STULL","Tw est correctement indisponible car au moins une entrée est hors du domaine publié de Stull.","Aucune correction de données : conserver NC et afficher quelle entrée dépasse le domaine."
"356","India","ind","2092","bau","scenario_CCKP_CMIP6_interpole","information","TW_HORS_DOMAINE_STULL","Tw est correctement indisponible car au moins une entrée est hors du domaine publié de Stull.","Aucune correction de données : conserver NC et afficher quelle entrée dépasse le domaine."
"064","Bhutan","ind","2092","bau","scenario_CCKP_CMIP6_interpole","information","TW_HORS_DOMAINE_STULL","Tw est correctement indisponible car au moins une entrée est hors du domaine publié de Stull.","Aucune correction de données : conserver NC et afficher quelle entrée dépasse le domaine."
"524","Nepal","ind","2092","bau","scenario_CCKP_CMIP6_interpole","information","TW_HORS_DOMAINE_STULL","Tw est correctement indisponible car au moins une entrée est hors du domaine publié de Stull.","Aucune correction de données : conserver NC et afficher quelle entrée dépasse le domaine."
"144","Sri Lanka","ind","2092","bau","scenario_CCKP_CMIP6_interpole","information","TW_HORS_DOMAINE_STULL","Tw est correctement indisponible car au moins une entrée est hors du domaine publié de Stull.","Aucune correction de données : conserver NC et afficher quelle entrée dépasse le domaine."
"887","Yemen","sau","2092","bau","scenario_CCKP_CMIP6_interpole","information","TW_HORS_DOMAINE_STULL","Tw est correctement indisponible car au moins une entrée est hors du domaine publié de Stull.","Aucune correction de données : conserver NC et afficher quelle entrée dépasse le domaine."
"682","Saudi Arabia","sau","2092","bau","scenario_CCKP_CMIP6_interpole","information","TW_HORS_DOMAINE_STULL","Tw est correctement indisponible car au moins une entrée est hors du domaine publié de Stull.","Aucune correction de données : conserver NC et afficher quelle entrée dépasse le domaine."
"784","United Arab Emirates","sau","2093","bau","scenario_CCKP_CMIP6_interpole","information","TW_HORS_DOMAINE_STULL","Tw est correctement indisponible car au moins une entrée est hors du domaine publié de Stull.","Aucune correction de données : conserver NC et afficher quelle entrée dépasse le domaine."
"634","Qatar","sau","2093","bau","scenario_CCKP_CMIP6_interpole","information","TW_HORS_DOMAINE_STULL","Tw est correctement indisponible car au moins une entrée est hors du domaine publié de Stull.","Aucune correction de données : conserver NC et afficher quelle entrée dépasse le domaine."
"414","Kuwait","sau","2093","bau","scenario_CCKP_CMIP6_interpole","information","TW_HORS_DOMAINE_STULL","Tw est correctement indisponible car au moins une entrée est hors du domaine publié de Stull.","Aucune correction de données : conserver NC et afficher quelle entrée dépasse le domaine."
"512","Oman","sau","2093","bau","scenario_CCKP_CMIP6_interpole","information","TW_HORS_DOMAINE_STULL","Tw est correctement indisponible car au moins une entrée est hors du domaine publié de Stull.","Aucune correction de données : conserver NC et afficher quelle entrée dépasse le domaine."
"356","India","ind","2093","bau","scenario_CCKP_CMIP6_interpole","information","TW_HORS_DOMAINE_STULL","Tw est correctement indisponible car au moins une entrée est hors du domaine publié de Stull.","Aucune correction de données : conserver NC et afficher quelle entrée dépasse le domaine."
"064","Bhutan","ind","2093","bau","scenario_CCKP_CMIP6_interpole","information","TW_HORS_DOMAINE_STULL","Tw est correctement indisponible car au moins une entrée est hors du domaine publié de Stull.","Aucune correction de données : conserver NC et afficher quelle entrée dépasse le domaine."
"524","Nepal","ind","2093","bau","scenario_CCKP_CMIP6_interpole","information","TW_HORS_DOMAINE_STULL","Tw est correctement indisponible car au moins une entrée est hors du domaine publié de Stull.","Aucune correction de données : conserver NC et afficher quelle entrée dépasse le domaine."
"144","Sri Lanka","ind","2093","bau","scenario_CCKP_CMIP6_interpole","information","TW_HORS_DOMAINE_STULL","Tw est correctement indisponible car au moins une entrée est hors du domaine publié de Stull.","Aucune correction de données : conserver NC et afficher quelle entrée dépasse le domaine."
"887","Yemen","sau","2093","bau","scenario_CCKP_CMIP6_interpole","information","TW_HORS_DOMAINE_STULL","Tw est correctement indisponible car au moins une entrée est hors du domaine publié de Stull.","Aucune correction de données : conserver NC et afficher quelle entrée dépasse le domaine."
"682","Saudi Arabia","sau","2093","bau","scenario_CCKP_CMIP6_interpole","information","TW_HORS_DOMAINE_STULL","Tw est correctement indisponible car au moins une entrée est hors du domaine publié de Stull.","Aucune correction de données : conserver NC et afficher quelle entrée dépasse le domaine."
"784","United Arab Emirates","sau","2094","bau","scenario_CCKP_CMIP6_interpole","information","TW_HORS_DOMAINE_STULL","Tw est correctement indisponible car au moins une entrée est hors du domaine publié de Stull.","Aucune correction de données : conserver NC et afficher quelle entrée dépasse le domaine."
"634","Qatar","sau","2094","bau","scenario_CCKP_CMIP6_interpole","information","TW_HORS_DOMAINE_STULL","Tw est correctement indisponible car au moins une entrée est hors du domaine publié de Stull.","Aucune correction de données : conserver NC et afficher quelle entrée dépasse le domaine."
"414","Kuwait","sau","2094","bau","scenario_CCKP_CMIP6_interpole","information","TW_HORS_DOMAINE_STULL","Tw est correctement indisponible car au moins une entrée est hors du domaine publié de Stull.","Aucune correction de données : conserver NC et afficher quelle entrée dépasse le domaine."
"512","Oman","sau","2094","bau","scenario_CCKP_CMIP6_interpole","information","TW_HORS_DOMAINE_STULL","Tw est correctement indisponible car au moins une entrée est hors du domaine publié de Stull.","Aucune correction de données : conserver NC et afficher quelle entrée dépasse le domaine."
"356","India","ind","2094","bau","scenario_CCKP_CMIP6_interpole","information","TW_HORS_DOMAINE_STULL","Tw est correctement indisponible car au moins une entrée est hors du domaine publié de Stull.","Aucune correction de données : conserver NC et afficher quelle entrée dépasse le domaine."
"064","Bhutan","ind","2094","bau","scenario_CCKP_CMIP6_interpole","information","TW_HORS_DOMAINE_STULL","Tw est correctement indisponible car au moins une entrée est hors du domaine publié de Stull.","Aucune correction de données : conserver NC et afficher quelle entrée dépasse le domaine."
"524","Nepal","ind","2094","bau","scenario_CCKP_CMIP6_interpole","information","TW_HORS_DOMAINE_STULL","Tw est correctement indisponible car au moins une entrée est hors du domaine publié de Stull.","Aucune correction de données : conserver NC et afficher quelle entrée dépasse le domaine."
"144","Sri Lanka","ind","2094","bau","scenario_CCKP_CMIP6_interpole","information","TW_HORS_DOMAINE_STULL","Tw est correctement indisponible car au moins une entrée est hors du domaine publié de Stull.","Aucune correction de données : conserver NC et afficher quelle entrée dépasse le domaine."
"887","Yemen","sau","2094","bau","scenario_CCKP_CMIP6_interpole","information","TW_HORS_DOMAINE_STULL","Tw est correctement indisponible car au moins une entrée est hors du domaine publié de Stull.","Aucune correction de données : conserver NC et afficher quelle entrée dépasse le domaine."
"682","Saudi Arabia","sau","2094","bau","scenario_CCKP_CMIP6_interpole","information","TW_HORS_DOMAINE_STULL","Tw est correctement indisponible car au moins une entrée est hors du domaine publié de Stull.","Aucune correction de données : conserver NC et afficher quelle entrée dépasse le domaine."
"784","United Arab Emirates","sau","2095","bau","scenario_CCKP_CMIP6_interpole","information","TW_HORS_DOMAINE_STULL","Tw est correctement indisponible car au moins une entrée est hors du domaine publié de Stull.","Aucune correction de données : conserver NC et afficher quelle entrée dépasse le domaine."
"634","Qatar","sau","2095","bau","scenario_CCKP_CMIP6_interpole","information","TW_HORS_DOMAINE_STULL","Tw est correctement indisponible car au moins une entrée est hors du domaine publié de Stull.","Aucune correction de données : conserver NC et afficher quelle entrée dépasse le domaine."
"414","Kuwait","sau","2095","bau","scenario_CCKP_CMIP6_interpole","information","TW_HORS_DOMAINE_STULL","Tw est correctement indisponible car au moins une entrée est hors du domaine publié de Stull.","Aucune correction de données : conserver NC et afficher quelle entrée dépasse le domaine."
"512","Oman","sau","2095","bau","scenario_CCKP_CMIP6_interpole","information","TW_HORS_DOMAINE_STULL","Tw est correctement indisponible car au moins une entrée est hors du domaine publié de Stull.","Aucune correction de données : conserver NC et afficher quelle entrée dépasse le domaine."
"356","India","ind","2095","bau","scenario_CCKP_CMIP6_interpole","information","TW_HORS_DOMAINE_STULL","Tw est correctement indisponible car au moins une entrée est hors du domaine publié de Stull.","Aucune correction de données : conserver NC et afficher quelle entrée dépasse le domaine."
"064","Bhutan","ind","2095","bau","scenario_CCKP_CMIP6_interpole","information","TW_HORS_DOMAINE_STULL","Tw est correctement indisponible car au moins une entrée est hors du domaine publié de Stull.","Aucune correction de données : conserver NC et afficher quelle entrée dépasse le domaine."
"524","Nepal","ind","2095","bau","scenario_CCKP_CMIP6_interpole","information","TW_HORS_DOMAINE_STULL","Tw est correctement indisponible car au moins une entrée est hors du domaine publié de Stull.","Aucune correction de données : conserver NC et afficher quelle entrée dépasse le domaine."
"144","Sri Lanka","ind","2095","bau","scenario_CCKP_CMIP6_interpole","information","TW_HORS_DOMAINE_STULL","Tw est correctement indisponible car au moins une entrée est hors du domaine publié de Stull.","Aucune correction de données : conserver NC et afficher quelle entrée dépasse le domaine."
"887","Yemen","sau","2095","bau","scenario_CCKP_CMIP6_interpole","information","TW_HORS_DOMAINE_STULL","Tw est correctement indisponible car au moins une entrée est hors du domaine publié de Stull.","Aucune correction de données : conserver NC et afficher quelle entrée dépasse le domaine."
"682","Saudi Arabia","sau","2095","bau","scenario_CCKP_CMIP6_interpole","information","TW_HORS_DOMAINE_STULL","Tw est correctement indisponible car au moins une entrée est hors du domaine publié de Stull.","Aucune correction de données : conserver NC et afficher quelle entrée dépasse le domaine."
"784","United Arab Emirates","sau","2096","bau","scenario_CCKP_CMIP6_interpole","information","TW_HORS_DOMAINE_STULL","Tw est correctement indisponible car au moins une entrée est hors du domaine publié de Stull.","Aucune correction de données : conserver NC et afficher quelle entrée dépasse le domaine."
"634","Qatar","sau","2096","bau","scenario_CCKP_CMIP6_interpole","information","TW_HORS_DOMAINE_STULL","Tw est correctement indisponible car au moins une entrée est hors du domaine publié de Stull.","Aucune correction de données : conserver NC et afficher quelle entrée dépasse le domaine."
"414","Kuwait","sau","2096","bau","scenario_CCKP_CMIP6_interpole","information","TW_HORS_DOMAINE_STULL","Tw est correctement indisponible car au moins une entrée est hors du domaine publié de Stull.","Aucune correction de données : conserver NC et afficher quelle entrée dépasse le domaine."
"512","Oman","sau","2096","bau","scenario_CCKP_CMIP6_interpole","information","TW_HORS_DOMAINE_STULL","Tw est correctement indisponible car au moins une entrée est hors du domaine publié de Stull.","Aucune correction de données : conserver NC et afficher quelle entrée dépasse le domaine."
"356","India","ind","2096","bau","scenario_CCKP_CMIP6_interpole","information","TW_HORS_DOMAINE_STULL","Tw est correctement indisponible car au moins une entrée est hors du domaine publié de Stull.","Aucune correction de données : conserver NC et afficher quelle entrée dépasse le domaine."
"064","Bhutan","ind","2096","bau","scenario_CCKP_CMIP6_interpole","information","TW_HORS_DOMAINE_STULL","Tw est correctement indisponible car au moins une entrée est hors du domaine publié de Stull.","Aucune correction de données : conserver NC et afficher quelle entrée dépasse le domaine."
"524","Nepal","ind","2096","bau","scenario_CCKP_CMIP6_interpole","information","TW_HORS_DOMAINE_STULL","Tw est correctement indisponible car au moins une entrée est hors du domaine publié de Stull.","Aucune correction de données : conserver NC et afficher quelle entrée dépasse le domaine."
"144","Sri Lanka","ind","2096","bau","scenario_CCKP_CMIP6_interpole","information","TW_HORS_DOMAINE_STULL","Tw est correctement indisponible car au moins une entrée est hors du domaine publié de Stull.","Aucune correction de données : conserver NC et afficher quelle entrée dépasse le domaine."
"887","Yemen","sau","2096","bau","scenario_CCKP_CMIP6_interpole","information","TW_HORS_DOMAINE_STULL","Tw est correctement indisponible car au moins une entrée est hors du domaine publié de Stull.","Aucune correction de données : conserver NC et afficher quelle entrée dépasse le domaine."
"682","Saudi Arabia","sau","2096","bau","scenario_CCKP_CMIP6_interpole","information","TW_HORS_DOMAINE_STULL","Tw est correctement indisponible car au moins une entrée est hors du domaine publié de Stull.","Aucune correction de données : conserver NC et afficher quelle entrée dépasse le domaine."
"784","United Arab Emirates","sau","2097","bau","scenario_CCKP_CMIP6_interpole","information","TW_HORS_DOMAINE_STULL","Tw est correctement indisponible car au moins une entrée est hors du domaine publié de Stull.","Aucune correction de données : conserver NC et afficher quelle entrée dépasse le domaine."
"634","Qatar","sau","2097","bau","scenario_CCKP_CMIP6_interpole","information","TW_HORS_DOMAINE_STULL","Tw est correctement indisponible car au moins une entrée est hors du domaine publié de Stull.","Aucune correction de données : conserver NC et afficher quelle entrée dépasse le domaine."
"414","Kuwait","sau","2097","bau","scenario_CCKP_CMIP6_interpole","information","TW_HORS_DOMAINE_STULL","Tw est correctement indisponible car au moins une entrée est hors du domaine publié de Stull.","Aucune correction de données : conserver NC et afficher quelle entrée dépasse le domaine."
"512","Oman","sau","2097","bau","scenario_CCKP_CMIP6_interpole","information","TW_HORS_DOMAINE_STULL","Tw est correctement indisponible car au moins une entrée est hors du domaine publié de Stull.","Aucune correction de données : conserver NC et afficher quelle entrée dépasse le domaine."
"356","India","ind","2097","bau","scenario_CCKP_CMIP6_interpole","information","TW_HORS_DOMAINE_STULL","Tw est correctement indisponible car au moins une entrée est hors du domaine publié de Stull.","Aucune correction de données : conserver NC et afficher quelle entrée dépasse le domaine."
"064","Bhutan","ind","2097","bau","scenario_CCKP_CMIP6_interpole","information","TW_HORS_DOMAINE_STULL","Tw est correctement indisponible car au moins une entrée est hors du domaine publié de Stull.","Aucune correction de données : conserver NC et afficher quelle entrée dépasse le domaine."
"524","Nepal","ind","2097","bau","scenario_CCKP_CMIP6_interpole","information","TW_HORS_DOMAINE_STULL","Tw est correctement indisponible car au moins une entrée est hors du domaine publié de Stull.","Aucune correction de données : conserver NC et afficher quelle entrée dépasse le domaine."
"144","Sri Lanka","ind","2097","bau","scenario_CCKP_CMIP6_interpole","information","TW_HORS_DOMAINE_STULL","Tw est correctement indisponible car au moins une entrée est hors du domaine publié de Stull.","Aucune correction de données : conserver NC et afficher quelle entrée dépasse le domaine."
"887","Yemen","sau","2097","bau","scenario_CCKP_CMIP6_interpole","information","TW_HORS_DOMAINE_STULL","Tw est correctement indisponible car au moins une entrée est hors du domaine publié de Stull.","Aucune correction de données : conserver NC et afficher quelle entrée dépasse le domaine."
"682","Saudi Arabia","sau","2097","bau","scenario_CCKP_CMIP6_interpole","information","TW_HORS_DOMAINE_STULL","Tw est correctement indisponible car au moins une entrée est hors du domaine publié de Stull.","Aucune correction de données : conserver NC et afficher quelle entrée dépasse le domaine."
"784","United Arab Emirates","sau","2098","bau","scenario_CCKP_CMIP6_interpole","information","TW_HORS_DOMAINE_STULL","Tw est correctement indisponible car au moins une entrée est hors du domaine publié de Stull.","Aucune correction de données : conserver NC et afficher quelle entrée dépasse le domaine."
"634","Qatar","sau","2098","bau","scenario_CCKP_CMIP6_interpole","information","TW_HORS_DOMAINE_STULL","Tw est correctement indisponible car au moins une entrée est hors du domaine publié de Stull.","Aucune correction de données : conserver NC et afficher quelle entrée dépasse le domaine."
"414","Kuwait","sau","2098","bau","scenario_CCKP_CMIP6_interpole","information","TW_HORS_DOMAINE_STULL","Tw est correctement indisponible car au moins une entrée est hors du domaine publié de Stull.","Aucune correction de données : conserver NC et afficher quelle entrée dépasse le domaine."
"512","Oman","sau","2098","bau","scenario_CCKP_CMIP6_interpole","information","TW_HORS_DOMAINE_STULL","Tw est correctement indisponible car au moins une entrée est hors du domaine publié de Stull.","Aucune correction de données : conserver NC et afficher quelle entrée dépasse le domaine."
"356","India","ind","2098","bau","scenario_CCKP_CMIP6_interpole","information","TW_HORS_DOMAINE_STULL","Tw est correctement indisponible car au moins une entrée est hors du domaine publié de Stull.","Aucune correction de données : conserver NC et afficher quelle entrée dépasse le domaine."
"064","Bhutan","ind","2098","bau","scenario_CCKP_CMIP6_interpole","information","TW_HORS_DOMAINE_STULL","Tw est correctement indisponible car au moins une entrée est hors du domaine publié de Stull.","Aucune correction de données : conserver NC et afficher quelle entrée dépasse le domaine."
"524","Nepal","ind","2098","bau","scenario_CCKP_CMIP6_interpole","information","TW_HORS_DOMAINE_STULL","Tw est correctement indisponible car au moins une entrée est hors du domaine publié de Stull.","Aucune correction de données : conserver NC et afficher quelle entrée dépasse le domaine."
"144","Sri Lanka","ind","2098","bau","scenario_CCKP_CMIP6_interpole","information","TW_HORS_DOMAINE_STULL","Tw est correctement indisponible car au moins une entrée est hors du domaine publié de Stull.","Aucune correction de données : conserver NC et afficher quelle entrée dépasse le domaine."
"887","Yemen","sau","2098","bau","scenario_CCKP_CMIP6_interpole","information","TW_HORS_DOMAINE_STULL","Tw est correctement indisponible car au moins une entrée est hors du domaine publié de Stull.","Aucune correction de données : conserver NC et afficher quelle entrée dépasse le domaine."
"682","Saudi Arabia","sau","2098","bau","scenario_CCKP_CMIP6_interpole","information","TW_HORS_DOMAINE_STULL","Tw est correctement indisponible car au moins une entrée est hors du domaine publié de Stull.","Aucune correction de données : conserver NC et afficher quelle entrée dépasse le domaine."
"784","United Arab Emirates","sau","2099","bau","scenario_CCKP_CMIP6_interpole","information","TW_HORS_DOMAINE_STULL","Tw est correctement indisponible car au moins une entrée est hors du domaine publié de Stull.","Aucune correction de données : conserver NC et afficher quelle entrée dépasse le domaine."
"634","Qatar","sau","2099","bau","scenario_CCKP_CMIP6_interpole","information","TW_HORS_DOMAINE_STULL","Tw est correctement indisponible car au moins une entrée est hors du domaine publié de Stull.","Aucune correction de données : conserver NC et afficher quelle entrée dépasse le domaine."
"414","Kuwait","sau","2099","bau","scenario_CCKP_CMIP6_interpole","information","TW_HORS_DOMAINE_STULL","Tw est correctement indisponible car au moins une entrée est hors du domaine publié de Stull.","Aucune correction de données : conserver NC et afficher quelle entrée dépasse le domaine."
"512","Oman","sau","2099","bau","scenario_CCKP_CMIP6_interpole","information","TW_HORS_DOMAINE_STULL","Tw est correctement indisponible car au moins une entrée est hors du domaine publié de Stull.","Aucune correction de données : conserver NC et afficher quelle entrée dépasse le domaine."
"356","India","ind","2099","bau","scenario_CCKP_CMIP6_interpole","information","TW_HORS_DOMAINE_STULL","Tw est correctement indisponible car au moins une entrée est hors du domaine publié de Stull.","Aucune correction de données : conserver NC et afficher quelle entrée dépasse le domaine."
"064","Bhutan","ind","2099","bau","scenario_CCKP_CMIP6_interpole","information","TW_HORS_DOMAINE_STULL","Tw est correctement indisponible car au moins une entrée est hors du domaine publié de Stull.","Aucune correction de données : conserver NC et afficher quelle entrée dépasse le domaine."
"524","Nepal","ind","2099","bau","scenario_CCKP_CMIP6_interpole","information","TW_HORS_DOMAINE_STULL","Tw est correctement indisponible car au moins une entrée est hors du domaine publié de Stull.","Aucune correction de données : conserver NC et afficher quelle entrée dépasse le domaine."
"144","Sri Lanka","ind","2099","bau","scenario_CCKP_CMIP6_interpole","information","TW_HORS_DOMAINE_STULL","Tw est correctement indisponible car au moins une entrée est hors du domaine publié de Stull.","Aucune correction de données : conserver NC et afficher quelle entrée dépasse le domaine."
"887","Yemen","sau","2099","bau","scenario_CCKP_CMIP6_interpole","information","TW_HORS_DOMAINE_STULL","Tw est correctement indisponible car au moins une entrée est hors du domaine publié de Stull.","Aucune correction de données : conserver NC et afficher quelle entrée dépasse le domaine."
"682","Saudi Arabia","sau","2099","bau","scenario_CCKP_CMIP6_interpole","information","TW_HORS_DOMAINE_STULL","Tw est correctement indisponible car au moins une entrée est hors du domaine publié de Stull.","Aucune correction de données : conserver NC et afficher quelle entrée dépasse le domaine."
"784","United Arab Emirates","sau","2100","bau","scenario_CCKP_CMIP6_interpole","information","TW_HORS_DOMAINE_STULL","Tw est correctement indisponible car au moins une entrée est hors du domaine publié de Stull.","Aucune correction de données : conserver NC et afficher quelle entrée dépasse le domaine."
"634","Qatar","sau","2100","bau","scenario_CCKP_CMIP6_interpole","information","TW_HORS_DOMAINE_STULL","Tw est correctement indisponible car au moins une entrée est hors du domaine publié de Stull.","Aucune correction de données : conserver NC et afficher quelle entrée dépasse le domaine."
"414","Kuwait","sau","2100","bau","scenario_CCKP_CMIP6_interpole","information","TW_HORS_DOMAINE_STULL","Tw est correctement indisponible car au moins une entrée est hors du domaine publié de Stull.","Aucune correction de données : conserver NC et afficher quelle entrée dépasse le domaine."
"512","Oman","sau","2100","bau","scenario_CCKP_CMIP6_interpole","information","TW_HORS_DOMAINE_STULL","Tw est correctement indisponible car au moins une entrée est hors du domaine publié de Stull.","Aucune correction de données : conserver NC et afficher quelle entrée dépasse le domaine."
"356","India","ind","2100","bau","scenario_CCKP_CMIP6_interpole","information","TW_HORS_DOMAINE_STULL","Tw est correctement indisponible car au moins une entrée est hors du domaine publié de Stull.","Aucune correction de données : conserver NC et afficher quelle entrée dépasse le domaine."
"064","Bhutan","ind","2100","bau","scenario_CCKP_CMIP6_interpole","information","TW_HORS_DOMAINE_STULL","Tw est correctement indisponible car au moins une entrée est hors du domaine publié de Stull.","Aucune correction de données : conserver NC et afficher quelle entrée dépasse le domaine."
"524","Nepal","ind","2100","bau","scenario_CCKP_CMIP6_interpole","information","TW_HORS_DOMAINE_STULL","Tw est correctement indisponible car au moins une entrée est hors du domaine publié de Stull.","Aucune correction de données : conserver NC et afficher quelle entrée dépasse le domaine."
"144","Sri Lanka","ind","2100","bau","scenario_CCKP_CMIP6_interpole","information","TW_HORS_DOMAINE_STULL","Tw est correctement indisponible car au moins une entrée est hors du domaine publié de Stull.","Aucune correction de données : conserver NC et afficher quelle entrée dépasse le domaine."
"887","Yemen","sau","2100","bau","scenario_CCKP_CMIP6_interpole","information","TW_HORS_DOMAINE_STULL","Tw est correctement indisponible car au moins une entrée est hors du domaine publié de Stull.","Aucune correction de données : conserver NC et afficher quelle entrée dépasse le domaine."
"682","Saudi Arabia","sau","2100","bau","scenario_CCKP_CMIP6_interpole","information","TW_HORS_DOMAINE_STULL","Tw est correctement indisponible car au moins une entrée est hors du domaine publié de Stull.","Aucune correction de données : conserver NC et afficher quelle entrée dépasse le domaine."
"784","United Arab Emirates","sau","2101","bau","extension_exploratoire_post_2100","information","TW_HORS_DOMAINE_STULL","Tw est correctement indisponible car au moins une entrée est hors du domaine publié de Stull.","Aucune correction de données : conserver NC et afficher quelle entrée dépasse le domaine."
"634","Qatar","sau","2101","bau","extension_exploratoire_post_2100","information","TW_HORS_DOMAINE_STULL","Tw est correctement indisponible car au moins une entrée est hors du domaine publié de Stull.","Aucune correction de données : conserver NC et afficher quelle entrée dépasse le domaine."
"414","Kuwait","sau","2101","bau","extension_exploratoire_post_2100","information","TW_HORS_DOMAINE_STULL","Tw est correctement indisponible car au moins une entrée est hors du domaine publié de Stull.","Aucune correction de données : conserver NC et afficher quelle entrée dépasse le domaine."
"512","Oman","sau","2101","bau","extension_exploratoire_post_2100","information","TW_HORS_DOMAINE_STULL","Tw est correctement indisponible car au moins une entrée est hors du domaine publié de Stull.","Aucune correction de données : conserver NC et afficher quelle entrée dépasse le domaine."
"356","India","ind","2101","bau","extension_exploratoire_post_2100","information","TW_HORS_DOMAINE_STULL","Tw est correctement indisponible car au moins une entrée est hors du domaine publié de Stull.","Aucune correction de données : conserver NC et afficher quelle entrée dépasse le domaine."
"064","Bhutan","ind","2101","bau","extension_exploratoire_post_2100","information","TW_HORS_DOMAINE_STULL","Tw est correctement indisponible car au moins une entrée est hors du domaine publié de Stull.","Aucune correction de données : conserver NC et afficher quelle entrée dépasse le domaine."
"524","Nepal","ind","2101","bau","extension_exploratoire_post_2100","information","TW_HORS_DOMAINE_STULL","Tw est correctement indisponible car au moins une entrée est hors du domaine publié de Stull.","Aucune correction de données : conserver NC et afficher quelle entrée dépasse le domaine."
"144","Sri Lanka","ind","2101","bau","extension_exploratoire_post_2100","information","TW_HORS_DOMAINE_STULL","Tw est correctement indisponible car au moins une entrée est hors du domaine publié de Stull.","Aucune correction de données : conserver NC et afficher quelle entrée dépasse le domaine."
"887","Yemen","sau","2101","bau","extension_exploratoire_post_2100","information","TW_HORS_DOMAINE_STULL","Tw est correctement indisponible car au moins une entrée est hors du domaine publié de Stull.","Aucune correction de données : conserver NC et afficher quelle entrée dépasse le domaine."
"682","Saudi Arabia","sau","2101","bau","extension_exploratoire_post_2100","information","TW_HORS_DOMAINE_STULL","Tw est correctement indisponible car au moins une entrée est hors du domaine publié de Stull.","Aucune correction de données : conserver NC et afficher quelle entrée dépasse le domaine."
"784","United Arab Emirates","sau","2102","bau","extension_exploratoire_post_2100","information","TW_HORS_DOMAINE_STULL","Tw est correctement indisponible car au moins une entrée est hors du domaine publié de Stull.","Aucune correction de données : conserver NC et afficher quelle entrée dépasse le domaine."
"634","Qatar","sau","2102","bau","extension_exploratoire_post_2100","information","TW_HORS_DOMAINE_STULL","Tw est correctement indisponible car au moins une entrée est hors du domaine publié de Stull.","Aucune correction de données : conserver NC et afficher quelle entrée dépasse le domaine."
"414","Kuwait","sau","2102","bau","extension_exploratoire_post_2100","information","TW_HORS_DOMAINE_STULL","Tw est correctement indisponible car au moins une entrée est hors du domaine publié de Stull.","Aucune correction de données : conserver NC et afficher quelle entrée dépasse le domaine."
"512","Oman","sau","2102","bau","extension_exploratoire_post_2100","information","TW_HORS_DOMAINE_STULL","Tw est correctement indisponible car au moins une entrée est hors du domaine publié de Stull.","Aucune correction de données : conserver NC et afficher quelle entrée dépasse le domaine."
"356","India","ind","2102","bau","extension_exploratoire_post_2100","information","TW_HORS_DOMAINE_STULL","Tw est correctement indisponible car au moins une entrée est hors du domaine publié de Stull.","Aucune correction de données : conserver NC et afficher quelle entrée dépasse le domaine."
"064","Bhutan","ind","2102","bau","extension_exploratoire_post_2100","information","TW_HORS_DOMAINE_STULL","Tw est correctement indisponible car au moins une entrée est hors du domaine publié de Stull.","Aucune correction de données : conserver NC et afficher quelle entrée dépasse le domaine."
"524","Nepal","ind","2102","bau","extension_exploratoire_post_2100","information","TW_HORS_DOMAINE_STULL","Tw est correctement indisponible car au moins une entrée est hors du domaine publié de Stull.","Aucune correction de données : conserver NC et afficher quelle entrée dépasse le domaine."
"144","Sri Lanka","ind","2102","bau","extension_exploratoire_post_2100","information","TW_HORS_DOMAINE_STULL","Tw est correctement indisponible car au moins une entrée est hors du domaine publié de Stull.","Aucune correction de données : conserver NC et afficher quelle entrée dépasse le domaine."
"887","Yemen","sau","2102","bau","extension_exploratoire_post_2100","information","TW_HORS_DOMAINE_STULL","Tw est correctement indisponible car au moins une entrée est hors du domaine publié de Stull.","Aucune correction de données : conserver NC et afficher quelle entrée dépasse le domaine."
"682","Saudi Arabia","sau","2102","bau","extension_exploratoire_post_2100","information","TW_HORS_DOMAINE_STULL","Tw est correctement indisponible car au moins une entrée est hors du domaine publié de Stull.","Aucune correction de données : conserver NC et afficher quelle entrée dépasse le domaine."
"784","United Arab Emirates","sau","2103","bau","extension_exploratoire_post_2100","information","TW_HORS_DOMAINE_STULL","Tw est correctement indisponible car au moins une entrée est hors du domaine publié de Stull.","Aucune correction de données : conserver NC et afficher quelle entrée dépasse le domaine."
"634","Qatar","sau","2103","bau","extension_exploratoire_post_2100","information","TW_HORS_DOMAINE_STULL","Tw est correctement indisponible car au moins une entrée est hors du domaine publié de Stull.","Aucune correction de données : conserver NC et afficher quelle entrée dépasse le domaine."
"414","Kuwait","sau","2103","bau","extension_exploratoire_post_2100","information","TW_HORS_DOMAINE_STULL","Tw est correctement indisponible car au moins une entrée est hors du domaine publié de Stull.","Aucune correction de données : conserver NC et afficher quelle entrée dépasse le domaine."
"512","Oman","sau","2103","bau","extension_exploratoire_post_2100","information","TW_HORS_DOMAINE_STULL","Tw est correctement indisponible car au moins une entrée est hors du domaine publié de Stull.","Aucune correction de données : conserver NC et afficher quelle entrée dépasse le domaine."
"356","India","ind","2103","bau","extension_exploratoire_post_2100","information","TW_HORS_DOMAINE_STULL","Tw est correctement indisponible car au moins une entrée est hors du domaine publié de Stull.","Aucune correction de données : conserver NC et afficher quelle entrée dépasse le domaine."
"064","Bhutan","ind","2103","bau","extension_exploratoire_post_2100","information","TW_HORS_DOMAINE_STULL","Tw est correctement indisponible car au moins une entrée est hors du domaine publié de Stull.","Aucune correction de données : conserver NC et afficher quelle entrée dépasse le domaine."
"524","Nepal","ind","2103","bau","extension_exploratoire_post_2100","information","TW_HORS_DOMAINE_STULL","Tw est correctement indisponible car au moins une entrée est hors du domaine publié de Stull.","Aucune correction de données : conserver NC et afficher quelle entrée dépasse le domaine."
"144","Sri Lanka","ind","2103","bau","extension_exploratoire_post_2100","information","TW_HORS_DOMAINE_STULL","Tw est correctement indisponible car au moins une entrée est hors du domaine publié de Stull.","Aucune correction de données : conserver NC et afficher quelle entrée dépasse le domaine."
"887","Yemen","sau","2103","bau","extension_exploratoire_post_2100","information","TW_HORS_DOMAINE_STULL","Tw est correctement indisponible car au moins une entrée est hors du domaine publié de Stull.","Aucune correction de données : conserver NC et afficher quelle entrée dépasse le domaine."
"682","Saudi Arabia","sau","2103","bau","extension_exploratoire_post_2100","information","TW_HORS_DOMAINE_STULL","Tw est correctement indisponible car au moins une entrée est hors du domaine publié de Stull.","Aucune correction de données : conserver NC et afficher quelle entrée dépasse le domaine."
"784","United Arab Emirates","sau","2104","bau","extension_exploratoire_post_2100","information","TW_HORS_DOMAINE_STULL","Tw est correctement indisponible car au moins une entrée est hors du domaine publié de Stull.","Aucune correction de données : conserver NC et afficher quelle entrée dépasse le domaine."
"634","Qatar","sau","2104","bau","extension_exploratoire_post_2100","information","TW_HORS_DOMAINE_STULL","Tw est correctement indisponible car au moins une entrée est hors du domaine publié de Stull.","Aucune correction de données : conserver NC et afficher quelle entrée dépasse le domaine."
"414","Kuwait","sau","2104","bau","extension_exploratoire_post_2100","information","TW_HORS_DOMAINE_STULL","Tw est correctement indisponible car au moins une entrée est hors du domaine publié de Stull.","Aucune correction de données : conserver NC et afficher quelle entrée dépasse le domaine."
"512","Oman","sau","2104","bau","extension_exploratoire_post_2100","information","TW_HORS_DOMAINE_STULL","Tw est correctement indisponible car au moins une entrée est hors du domaine publié de Stull.","Aucune correction de données : conserver NC et afficher quelle entrée dépasse le domaine."
"356","India","ind","2104","bau","extension_exploratoire_post_2100","information","TW_HORS_DOMAINE_STULL","Tw est correctement indisponible car au moins une entrée est hors du domaine publié de Stull.","Aucune correction de données : conserver NC et afficher quelle entrée dépasse le domaine."
"064","Bhutan","ind","2104","bau","extension_exploratoire_post_2100","information","TW_HORS_DOMAINE_STULL","Tw est correctement indisponible car au moins une entrée est hors du domaine publié de Stull.","Aucune correction de données : conserver NC et afficher quelle entrée dépasse le domaine."
"524","Nepal","ind","2104","bau","extension_exploratoire_post_2100","information","TW_HORS_DOMAINE_STULL","Tw est correctement indisponible car au moins une entrée est hors du domaine publié de Stull.","Aucune correction de données : conserver NC et afficher quelle entrée dépasse le domaine."
"144","Sri Lanka","ind","2104","bau","extension_exploratoire_post_2100","information","TW_HORS_DOMAINE_STULL","Tw est correctement indisponible car au moins une entrée est hors du domaine publié de Stull.","Aucune correction de données : conserver NC et afficher quelle entrée dépasse le domaine."
"887","Yemen","sau","2104","bau","extension_exploratoire_post_2100","information","TW_HORS_DOMAINE_STULL","Tw est correctement indisponible car au moins une entrée est hors du domaine publié de Stull.","Aucune correction de données : conserver NC et afficher quelle entrée dépasse le domaine."
"682","Saudi Arabia","sau","2104","bau","extension_exploratoire_post_2100","information","TW_HORS_DOMAINE_STULL","Tw est correctement indisponible car au moins une entrée est hors du domaine publié de Stull.","Aucune correction de données : conserver NC et afficher quelle entrée dépasse le domaine."
"784","United Arab Emirates","sau","2105","bau","extension_exploratoire_post_2100","information","TW_HORS_DOMAINE_STULL","Tw est correctement indisponible car au moins une entrée est hors du domaine publié de Stull.","Aucune correction de données : conserver NC et afficher quelle entrée dépasse le domaine."
"634","Qatar","sau","2105","bau","extension_exploratoire_post_2100","information","TW_HORS_DOMAINE_STULL","Tw est correctement indisponible car au moins une entrée est hors du domaine publié de Stull.","Aucune correction de données : conserver NC et afficher quelle entrée dépasse le domaine."
"414","Kuwait","sau","2105","bau","extension_exploratoire_post_2100","information","TW_HORS_DOMAINE_STULL","Tw est correctement indisponible car au moins une entrée est hors du domaine publié de Stull.","Aucune correction de données : conserver NC et afficher quelle entrée dépasse le domaine."
"512","Oman","sau","2105","bau","extension_exploratoire_post_2100","information","TW_HORS_DOMAINE_STULL","Tw est correctement indisponible car au moins une entrée est hors du domaine publié de Stull.","Aucune correction de données : conserver NC et afficher quelle entrée dépasse le domaine."
"356","India","ind","2105","bau","extension_exploratoire_post_2100","information","TW_HORS_DOMAINE_STULL","Tw est correctement indisponible car au moins une entrée est hors du domaine publié de Stull.","Aucune correction de données : conserver NC et afficher quelle entrée dépasse le domaine."
"064","Bhutan","ind","2105","bau","extension_exploratoire_post_2100","information","TW_HORS_DOMAINE_STULL","Tw est correctement indisponible car au moins une entrée est hors du domaine publié de Stull.","Aucune correction de données : conserver NC et afficher quelle entrée dépasse le domaine."
"524","Nepal","ind","2105","bau","extension_exploratoire_post_2100","information","TW_HORS_DOMAINE_STULL","Tw est correctement indisponible car au moins une entrée est hors du domaine publié de Stull.","Aucune correction de données : conserver NC et afficher quelle entrée dépasse le domaine."
"144","Sri Lanka","ind","2105","bau","extension_exploratoire_post_2100","information","TW_HORS_DOMAINE_STULL","Tw est correctement indisponible car au moins une entrée est hors du domaine publié de Stull.","Aucune correction de données : conserver NC et afficher quelle entrée dépasse le domaine."
"887","Yemen","sau","2105","bau","extension_exploratoire_post_2100","information","TW_HORS_DOMAINE_STULL","Tw est correctement indisponible car au moins une entrée est hors du domaine publié de Stull.","Aucune correction de données : conserver NC et afficher quelle entrée dépasse le domaine."
"682","Saudi Arabia","sau","2105","bau","extension_exploratoire_post_2100","information","TW_HORS_DOMAINE_STULL","Tw est correctement indisponible car au moins une entrée est hors du domaine publié de Stull.","Aucune correction de données : conserver NC et afficher quelle entrée dépasse le domaine."
"784","United Arab Emirates","sau","2106","bau","extension_exploratoire_post_2100","information","TW_HORS_DOMAINE_STULL","Tw est correctement indisponible car au moins une entrée est hors du domaine publié de Stull.","Aucune correction de données : conserver NC et afficher quelle entrée dépasse le domaine."
"634","Qatar","sau","2106","bau","extension_exploratoire_post_2100","information","TW_HORS_DOMAINE_STULL","Tw est correctement indisponible car au moins une entrée est hors du domaine publié de Stull.","Aucune correction de données : conserver NC et afficher quelle entrée dépasse le domaine."
"414","Kuwait","sau","2106","bau","extension_exploratoire_post_2100","information","TW_HORS_DOMAINE_STULL","Tw est correctement indisponible car au moins une entrée est hors du domaine publié de Stull.","Aucune correction de données : conserver NC et afficher quelle entrée dépasse le domaine."
"512","Oman","sau","2106","bau","extension_exploratoire_post_2100","information","TW_HORS_DOMAINE_STULL","Tw est correctement indisponible car au moins une entrée est hors du domaine publié de Stull.","Aucune correction de données : conserver NC et afficher quelle entrée dépasse le domaine."
"356","India","ind","2106","bau","extension_exploratoire_post_2100","information","TW_HORS_DOMAINE_STULL","Tw est correctement indisponible car au moins une entrée est hors du domaine publié de Stull.","Aucune correction de données : conserver NC et afficher quelle entrée dépasse le domaine."
"064","Bhutan","ind","2106","bau","extension_exploratoire_post_2100","information","TW_HORS_DOMAINE_STULL","Tw est correctement indisponible car au moins une entrée est hors du domaine publié de Stull.","Aucune correction de données : conserver NC et afficher quelle entrée dépasse le domaine."
"524","Nepal","ind","2106","bau","extension_exploratoire_post_2100","information","TW_HORS_DOMAINE_STULL","Tw est correctement indisponible car au moins une entrée est hors du domaine publié de Stull.","Aucune correction de données : conserver NC et afficher quelle entrée dépasse le domaine."
"144","Sri Lanka","ind","2106","bau","extension_exploratoire_post_2100","information","TW_HORS_DOMAINE_STULL","Tw est correctement indisponible car au moins une entrée est hors du domaine publié de Stull.","Aucune correction de données : conserver NC et afficher quelle entrée dépasse le domaine."
"887","Yemen","sau","2106","bau","extension_exploratoire_post_2100","information","TW_HORS_DOMAINE_STULL","Tw est correctement indisponible car au moins une entrée est hors du domaine publié de Stull.","Aucune correction de données : conserver NC et afficher quelle entrée dépasse le domaine."
"682","Saudi Arabia","sau","2106","bau","extension_exploratoire_post_2100","information","TW_HORS_DOMAINE_STULL","Tw est correctement indisponible car au moins une entrée est hors du domaine publié de Stull.","Aucune correction de données : conserver NC et afficher quelle entrée dépasse le domaine."
"784","United Arab Emirates","sau","2107","bau","extension_exploratoire_post_2100","information","TW_HORS_DOMAINE_STULL","Tw est correctement indisponible car au moins une entrée est hors du domaine publié de Stull.","Aucune correction de données : conserver NC et afficher quelle entrée dépasse le domaine."
"634","Qatar","sau","2107","bau","extension_exploratoire_post_2100","information","TW_HORS_DOMAINE_STULL","Tw est correctement indisponible car au moins une entrée est hors du domaine publié de Stull.","Aucune correction de données : conserver NC et afficher quelle entrée dépasse le domaine."
"414","Kuwait","sau","2107","bau","extension_exploratoire_post_2100","information","TW_HORS_DOMAINE_STULL","Tw est correctement indisponible car au moins une entrée est hors du domaine publié de Stull.","Aucune correction de données : conserver NC et afficher quelle entrée dépasse le domaine."
"512","Oman","sau","2107","bau","extension_exploratoire_post_2100","information","TW_HORS_DOMAINE_STULL","Tw est correctement indisponible car au moins une entrée est hors du domaine publié de Stull.","Aucune correction de données : conserver NC et afficher quelle entrée dépasse le domaine."
"356","India","ind","2107","bau","extension_exploratoire_post_2100","information","TW_HORS_DOMAINE_STULL","Tw est correctement indisponible car au moins une entrée est hors du domaine publié de Stull.","Aucune correction de données : conserver NC et afficher quelle entrée dépasse le domaine."
"064","Bhutan","ind","2107","bau","extension_exploratoire_post_2100","information","TW_HORS_DOMAINE_STULL","Tw est correctement indisponible car au moins une entrée est hors du domaine publié de Stull.","Aucune correction de données : conserver NC et afficher quelle entrée dépasse le domaine."
"524","Nepal","ind","2107","bau","extension_exploratoire_post_2100","information","TW_HORS_DOMAINE_STULL","Tw est correctement indisponible car au moins une entrée est hors du domaine publié de Stull.","Aucune correction de données : conserver NC et afficher quelle entrée dépasse le domaine."
"144","Sri Lanka","ind","2107","bau","extension_exploratoire_post_2100","information","TW_HORS_DOMAINE_STULL","Tw est correctement indisponible car au moins une entrée est hors du domaine publié de Stull.","Aucune correction de données : conserver NC et afficher quelle entrée dépasse le domaine."
"887","Yemen","sau","2107","bau","extension_exploratoire_post_2100","information","TW_HORS_DOMAINE_STULL","Tw est correctement indisponible car au moins une entrée est hors du domaine publié de Stull.","Aucune correction de données : conserver NC et afficher quelle entrée dépasse le domaine."
"682","Saudi Arabia","sau","2107","bau","extension_exploratoire_post_2100","information","TW_HORS_DOMAINE_STULL","Tw est correctement indisponible car au moins une entrée est hors du domaine publié de Stull.","Aucune correction de données : conserver NC et afficher quelle entrée dépasse le domaine."
"784","United Arab Emirates","sau","2108","bau","extension_exploratoire_post_2100","information","TW_HORS_DOMAINE_STULL","Tw est correctement indisponible car au moins une entrée est hors du domaine publié de Stull.","Aucune correction de données : conserver NC et afficher quelle entrée dépasse le domaine."
"634","Qatar","sau","2108","bau","extension_exploratoire_post_2100","information","TW_HORS_DOMAINE_STULL","Tw est correctement indisponible car au moins une entrée est hors du domaine publié de Stull.","Aucune correction de données : conserver NC et afficher quelle entrée dépasse le domaine."
"414","Kuwait","sau","2108","bau","extension_exploratoire_post_2100","information","TW_HORS_DOMAINE_STULL","Tw est correctement indisponible car au moins une entrée est hors du domaine publié de Stull.","Aucune correction de données : conserver NC et afficher quelle entrée dépasse le domaine."
"512","Oman","sau","2108","bau","extension_exploratoire_post_2100","information","TW_HORS_DOMAINE_STULL","Tw est correctement indisponible car au moins une entrée est hors du domaine publié de Stull.","Aucune correction de données : conserver NC et afficher quelle entrée dépasse le domaine."
"356","India","ind","2108","bau","extension_exploratoire_post_2100","information","TW_HORS_DOMAINE_STULL","Tw est correctement indisponible car au moins une entrée est hors du domaine publié de Stull.","Aucune correction de données : conserver NC et afficher quelle entrée dépasse le domaine."
"064","Bhutan","ind","2108","bau","extension_exploratoire_post_2100","information","TW_HORS_DOMAINE_STULL","Tw est correctement indisponible car au moins une entrée est hors du domaine publié de Stull.","Aucune correction de données : conserver NC et afficher quelle entrée dépasse le domaine."
"524","Nepal","ind","2108","bau","extension_exploratoire_post_2100","information","TW_HORS_DOMAINE_STULL","Tw est correctement indisponible car au moins une entrée est hors du domaine publié de Stull.","Aucune correction de données : conserver NC et afficher quelle entrée dépasse le domaine."
"144","Sri Lanka","ind","2108","bau","extension_exploratoire_post_2100","information","TW_HORS_DOMAINE_STULL","Tw est correctement indisponible car au moins une entrée est hors du domaine publié de Stull.","Aucune correction de données : conserver NC et afficher quelle entrée dépasse le domaine."
"887","Yemen","sau","2108","bau","extension_exploratoire_post_2100","information","TW_HORS_DOMAINE_STULL","Tw est correctement indisponible car au moins une entrée est hors du domaine publié de Stull.","Aucune correction de données : conserver NC et afficher quelle entrée dépasse le domaine."
"682","Saudi Arabia","sau","2108","bau","extension_exploratoire_post_2100","information","TW_HORS_DOMAINE_STULL","Tw est correctement indisponible car au moins une entrée est hors du domaine publié de Stull.","Aucune correction de données : conserver NC et afficher quelle entrée dépasse le domaine."
"784","United Arab Emirates","sau","2109","bau","extension_exploratoire_post_2100","information","TW_HORS_DOMAINE_STULL","Tw est correctement indisponible car au moins une entrée est hors du domaine publié de Stull.","Aucune correction de données : conserver NC et afficher quelle entrée dépasse le domaine."
"634","Qatar","sau","2109","bau","extension_exploratoire_post_2100","information","TW_HORS_DOMAINE_STULL","Tw est correctement indisponible car au moins une entrée est hors du domaine publié de Stull.","Aucune correction de données : conserver NC et afficher quelle entrée dépasse le domaine."
"414","Kuwait","sau","2109","bau","extension_exploratoire_post_2100","information","TW_HORS_DOMAINE_STULL","Tw est correctement indisponible car au moins une entrée est hors du domaine publié de Stull.","Aucune correction de données : conserver NC et afficher quelle entrée dépasse le domaine."
"512","Oman","sau","2109","bau","extension_exploratoire_post_2100","information","TW_HORS_DOMAINE_STULL","Tw est correctement indisponible car au moins une entrée est hors du domaine publié de Stull.","Aucune correction de données : conserver NC et afficher quelle entrée dépasse le domaine."
"356","India","ind","2109","bau","extension_exploratoire_post_2100","information","TW_HORS_DOMAINE_STULL","Tw est correctement indisponible car au moins une entrée est hors du domaine publié de Stull.","Aucune correction de données : conserver NC et afficher quelle entrée dépasse le domaine."
"064","Bhutan","ind","2109","bau","extension_exploratoire_post_2100","information","TW_HORS_DOMAINE_STULL","Tw est correctement indisponible car au moins une entrée est hors du domaine publié de Stull.","Aucune correction de données : conserver NC et afficher quelle entrée dépasse le domaine."
"524","Nepal","ind","2109","bau","extension_exploratoire_post_2100","information","TW_HORS_DOMAINE_STULL","Tw est correctement indisponible car au moins une entrée est hors du domaine publié de Stull.","Aucune correction de données : conserver NC et afficher quelle entrée dépasse le domaine."
"144","Sri Lanka","ind","2109","bau","extension_exploratoire_post_2100","information","TW_HORS_DOMAINE_STULL","Tw est correctement indisponible car au moins une entrée est hors du domaine publié de Stull.","Aucune correction de données : conserver NC et afficher quelle entrée dépasse le domaine."
"887","Yemen","sau","2109","bau","extension_exploratoire_post_2100","information","TW_HORS_DOMAINE_STULL","Tw est correctement indisponible car au moins une entrée est hors du domaine publié de Stull.","Aucune correction de données : conserver NC et afficher quelle entrée dépasse le domaine."
"682","Saudi Arabia","sau","2109","bau","extension_exploratoire_post_2100","information","TW_HORS_DOMAINE_STULL","Tw est correctement indisponible car au moins une entrée est hors du domaine publié de Stull.","Aucune correction de données : conserver NC et afficher quelle entrée dépasse le domaine."
"784","United Arab Emirates","sau","2110","bau","extension_exploratoire_post_2100","information","TW_HORS_DOMAINE_STULL","Tw est correctement indisponible car au moins une entrée est hors du domaine publié de Stull.","Aucune correction de données : conserver NC et afficher quelle entrée dépasse le domaine."
"634","Qatar","sau","2110","bau","extension_exploratoire_post_2100","information","TW_HORS_DOMAINE_STULL","Tw est correctement indisponible car au moins une entrée est hors du domaine publié de Stull.","Aucune correction de données : conserver NC et afficher quelle entrée dépasse le domaine."
"414","Kuwait","sau","2110","bau","extension_exploratoire_post_2100","information","TW_HORS_DOMAINE_STULL","Tw est correctement indisponible car au moins une entrée est hors du domaine publié de Stull.","Aucune correction de données : conserver NC et afficher quelle entrée dépasse le domaine."
"512","Oman","sau","2110","bau","extension_exploratoire_post_2100","information","TW_HORS_DOMAINE_STULL","Tw est correctement indisponible car au moins une entrée est hors du domaine publié de Stull.","Aucune correction de données : conserver NC et afficher quelle entrée dépasse le domaine."
"356","India","ind","2110","bau","extension_exploratoire_post_2100","information","TW_HORS_DOMAINE_STULL","Tw est correctement indisponible car au moins une entrée est hors du domaine publié de Stull.","Aucune correction de données : conserver NC et afficher quelle entrée dépasse le domaine."
"064","Bhutan","ind","2110","bau","extension_exploratoire_post_2100","information","TW_HORS_DOMAINE_STULL","Tw est correctement indisponible car au moins une entrée est hors du domaine publié de Stull.","Aucune correction de données : conserver NC et afficher quelle entrée dépasse le domaine."
"524","Nepal","ind","2110","bau","extension_exploratoire_post_2100","information","TW_HORS_DOMAINE_STULL","Tw est correctement indisponible car au moins une entrée est hors du domaine publié de Stull.","Aucune correction de données : conserver NC et afficher quelle entrée dépasse le domaine."
"144","Sri Lanka","ind","2110","bau","extension_exploratoire_post_2100","information","TW_HORS_DOMAINE_STULL","Tw est correctement indisponible car au moins une entrée est hors du domaine publié de Stull.","Aucune correction de données : conserver NC et afficher quelle entrée dépasse le domaine."
"887","Yemen","sau","2110","bau","extension_exploratoire_post_2100","information","TW_HORS_DOMAINE_STULL","Tw est correctement indisponible car au moins une entrée est hors du domaine publié de Stull.","Aucune correction de données : conserver NC et afficher quelle entrée dépasse le domaine."
"682","Saudi Arabia","sau","2110","bau","extension_exploratoire_post_2100","information","TW_HORS_DOMAINE_STULL","Tw est correctement indisponible car au moins une entrée est hors du domaine publié de Stull.","Aucune correction de données : conserver NC et afficher quelle entrée dépasse le domaine."
"784","United Arab Emirates","sau","2111","bau","extension_exploratoire_post_2100","information","TW_HORS_DOMAINE_STULL","Tw est correctement indisponible car au moins une entrée est hors du domaine publié de Stull.","Aucune correction de données : conserver NC et afficher quelle entrée dépasse le domaine."
"634","Qatar","sau","2111","bau","extension_exploratoire_post_2100","information","TW_HORS_DOMAINE_STULL","Tw est correctement indisponible car au moins une entrée est hors du domaine publié de Stull.","Aucune correction de données : conserver NC et afficher quelle entrée dépasse le domaine."
"414","Kuwait","sau","2111","bau","extension_exploratoire_post_2100","information","TW_HORS_DOMAINE_STULL","Tw est correctement indisponible car au moins une entrée est hors du domaine publié de Stull.","Aucune correction de données : conserver NC et afficher quelle entrée dépasse le domaine."
"512","Oman","sau","2111","bau","extension_exploratoire_post_2100","information","TW_HORS_DOMAINE_STULL","Tw est correctement indisponible car au moins une entrée est hors du domaine publié de Stull.","Aucune correction de données : conserver NC et afficher quelle entrée dépasse le domaine."
"356","India","ind","2111","bau","extension_exploratoire_post_2100","information","TW_HORS_DOMAINE_STULL","Tw est correctement indisponible car au moins une entrée est hors du domaine publié de Stull.","Aucune correction de données : conserver NC et afficher quelle entrée dépasse le domaine."
"064","Bhutan","ind","2111","bau","extension_exploratoire_post_2100","information","TW_HORS_DOMAINE_STULL","Tw est correctement indisponible car au moins une entrée est hors du domaine publié de Stull.","Aucune correction de données : conserver NC et afficher quelle entrée dépasse le domaine."
"524","Nepal","ind","2111","bau","extension_exploratoire_post_2100","information","TW_HORS_DOMAINE_STULL","Tw est correctement indisponible car au moins une entrée est hors du domaine publié de Stull.","Aucune correction de données : conserver NC et afficher quelle entrée dépasse le domaine."
"144","Sri Lanka","ind","2111","bau","extension_exploratoire_post_2100","information","TW_HORS_DOMAINE_STULL","Tw est correctement indisponible car au moins une entrée est hors du domaine publié de Stull.","Aucune correction de données : conserver NC et afficher quelle entrée dépasse le domaine."
"887","Yemen","sau","2111","bau","extension_exploratoire_post_2100","information","TW_HORS_DOMAINE_STULL","Tw est correctement indisponible car au moins une entrée est hors du domaine publié de Stull.","Aucune correction de données : conserver NC et afficher quelle entrée dépasse le domaine."
"682","Saudi Arabia","sau","2111","bau","extension_exploratoire_post_2100","information","TW_HORS_DOMAINE_STULL","Tw est correctement indisponible car au moins une entrée est hors du domaine publié de Stull.","Aucune correction de données : conserver NC et afficher quelle entrée dépasse le domaine."
"784","United Arab Emirates","sau","2112","bau","extension_exploratoire_post_2100","information","TW_HORS_DOMAINE_STULL","Tw est correctement indisponible car au moins une entrée est hors du domaine publié de Stull.","Aucune correction de données : conserver NC et afficher quelle entrée dépasse le domaine."
"634","Qatar","sau","2112","bau","extension_exploratoire_post_2100","information","TW_HORS_DOMAINE_STULL","Tw est correctement indisponible car au moins une entrée est hors du domaine publié de Stull.","Aucune correction de données : conserver NC et afficher quelle entrée dépasse le domaine."
"414","Kuwait","sau","2112","bau","extension_exploratoire_post_2100","information","TW_HORS_DOMAINE_STULL","Tw est correctement indisponible car au moins une entrée est hors du domaine publié de Stull.","Aucune correction de données : conserver NC et afficher quelle entrée dépasse le domaine."
"512","Oman","sau","2112","bau","extension_exploratoire_post_2100","information","TW_HORS_DOMAINE_STULL","Tw est correctement indisponible car au moins une entrée est hors du domaine publié de Stull.","Aucune correction de données : conserver NC et afficher quelle entrée dépasse le domaine."
"356","India","ind","2112","bau","extension_exploratoire_post_2100","information","TW_HORS_DOMAINE_STULL","Tw est correctement indisponible car au moins une entrée est hors du domaine publié de Stull.","Aucune correction de données : conserver NC et afficher quelle entrée dépasse le domaine."
"064","Bhutan","ind","2112","bau","extension_exploratoire_post_2100","information","TW_HORS_DOMAINE_STULL","Tw est correctement indisponible car au moins une entrée est hors du domaine publié de Stull.","Aucune correction de données : conserver NC et afficher quelle entrée dépasse le domaine."
"524","Nepal","ind","2112","bau","extension_exploratoire_post_2100","information","TW_HORS_DOMAINE_STULL","Tw est correctement indisponible car au moins une entrée est hors du domaine publié de Stull.","Aucune correction de données : conserver NC et afficher quelle entrée dépasse le domaine."
"144","Sri Lanka","ind","2112","bau","extension_exploratoire_post_2100","information","TW_HORS_DOMAINE_STULL","Tw est correctement indisponible car au moins une entrée est hors du domaine publié de Stull.","Aucune correction de données : conserver NC et afficher quelle entrée dépasse le domaine."
"887","Yemen","sau","2112","bau","extension_exploratoire_post_2100","information","TW_HORS_DOMAINE_STULL","Tw est correctement indisponible car au moins une entrée est hors du domaine publié de Stull.","Aucune correction de données : conserver NC et afficher quelle entrée dépasse le domaine."
"682","Saudi Arabia","sau","2112","bau","extension_exploratoire_post_2100","information","TW_HORS_DOMAINE_STULL","Tw est correctement indisponible car au moins une entrée est hors du domaine publié de Stull.","Aucune correction de données : conserver NC et afficher quelle entrée dépasse le domaine."
"784","United Arab Emirates","sau","2113","bau","extension_exploratoire_post_2100","information","TW_HORS_DOMAINE_STULL","Tw est correctement indisponible car au moins une entrée est hors du domaine publié de Stull.","Aucune correction de données : conserver NC et afficher quelle entrée dépasse le domaine."
"634","Qatar","sau","2113","bau","extension_exploratoire_post_2100","information","TW_HORS_DOMAINE_STULL","Tw est correctement indisponible car au moins une entrée est hors du domaine publié de Stull.","Aucune correction de données : conserver NC et afficher quelle entrée dépasse le domaine."
"414","Kuwait","sau","2113","bau","extension_exploratoire_post_2100","information","TW_HORS_DOMAINE_STULL","Tw est correctement indisponible car au moins une entrée est hors du domaine publié de Stull.","Aucune correction de données : conserver NC et afficher quelle entrée dépasse le domaine."
"512","Oman","sau","2113","bau","extension_exploratoire_post_2100","information","TW_HORS_DOMAINE_STULL","Tw est correctement indisponible car au moins une entrée est hors du domaine publié de Stull.","Aucune correction de données : conserver NC et afficher quelle entrée dépasse le domaine."
"356","India","ind","2113","bau","extension_exploratoire_post_2100","information","TW_HORS_DOMAINE_STULL","Tw est correctement indisponible car au moins une entrée est hors du domaine publié de Stull.","Aucune correction de données : conserver NC et afficher quelle entrée dépasse le domaine."
"064","Bhutan","ind","2113","bau","extension_exploratoire_post_2100","information","TW_HORS_DOMAINE_STULL","Tw est correctement indisponible car au moins une entrée est hors du domaine publié de Stull.","Aucune correction de données : conserver NC et afficher quelle entrée dépasse le domaine."
"524","Nepal","ind","2113","bau","extension_exploratoire_post_2100","information","TW_HORS_DOMAINE_STULL","Tw est correctement indisponible car au moins une entrée est hors du domaine publié de Stull.","Aucune correction de données : conserver NC et afficher quelle entrée dépasse le domaine."
"144","Sri Lanka","ind","2113","bau","extension_exploratoire_post_2100","information","TW_HORS_DOMAINE_STULL","Tw est correctement indisponible car au moins une entrée est hors du domaine publié de Stull.","Aucune correction de données : conserver NC et afficher quelle entrée dépasse le domaine."
"887","Yemen","sau","2113","bau","extension_exploratoire_post_2100","information","TW_HORS_DOMAINE_STULL","Tw est correctement indisponible car au moins une entrée est hors du domaine publié de Stull.","Aucune correction de données : conserver NC et afficher quelle entrée dépasse le domaine."
"682","Saudi Arabia","sau","2113","bau","extension_exploratoire_post_2100","information","TW_HORS_DOMAINE_STULL","Tw est correctement indisponible car au moins une entrée est hors du domaine publié de Stull.","Aucune correction de données : conserver NC et afficher quelle entrée dépasse le domaine."
"784","United Arab Emirates","sau","2114","bau","extension_exploratoire_post_2100","information","TW_HORS_DOMAINE_STULL","Tw est correctement indisponible car au moins une entrée est hors du domaine publié de Stull.","Aucune correction de données : conserver NC et afficher quelle entrée dépasse le domaine."
"634","Qatar","sau","2114","bau","extension_exploratoire_post_2100","information","TW_HORS_DOMAINE_STULL","Tw est correctement indisponible car au moins une entrée est hors du domaine publié de Stull.","Aucune correction de données : conserver NC et afficher quelle entrée dépasse le domaine."
"414","Kuwait","sau","2114","bau","extension_exploratoire_post_2100","information","TW_HORS_DOMAINE_STULL","Tw est correctement indisponible car au moins une entrée est hors du domaine publié de Stull.","Aucune correction de données : conserver NC et afficher quelle entrée dépasse le domaine."
"512","Oman","sau","2114","bau","extension_exploratoire_post_2100","information","TW_HORS_DOMAINE_STULL","Tw est correctement indisponible car au moins une entrée est hors du domaine publié de Stull.","Aucune correction de données : conserver NC et afficher quelle entrée dépasse le domaine."
"356","India","ind","2114","bau","extension_exploratoire_post_2100","information","TW_HORS_DOMAINE_STULL","Tw est correctement indisponible car au moins une entrée est hors du domaine publié de Stull.","Aucune correction de données : conserver NC et afficher quelle entrée dépasse le domaine."
"064","Bhutan","ind","2114","bau","extension_exploratoire_post_2100","information","TW_HORS_DOMAINE_STULL","Tw est correctement indisponible car au moins une entrée est hors du domaine publié de Stull.","Aucune correction de données : conserver NC et afficher quelle entrée dépasse le domaine."
"524","Nepal","ind","2114","bau","extension_exploratoire_post_2100","information","TW_HORS_DOMAINE_STULL","Tw est correctement indisponible car au moins une entrée est hors du domaine publié de Stull.","Aucune correction de données : conserver NC et afficher quelle entrée dépasse le domaine."
"144","Sri Lanka","ind","2114","bau","extension_exploratoire_post_2100","information","TW_HORS_DOMAINE_STULL","Tw est correctement indisponible car au moins une entrée est hors du domaine publié de Stull.","Aucune correction de données : conserver NC et afficher quelle entrée dépasse le domaine."
"887","Yemen","sau","2114","bau","extension_exploratoire_post_2100","information","TW_HORS_DOMAINE_STULL","Tw est correctement indisponible car au moins une entrée est hors du domaine publié de Stull.","Aucune correction de données : conserver NC et afficher quelle entrée dépasse le domaine."
"682","Saudi Arabia","sau","2114","bau","extension_exploratoire_post_2100","information","TW_HORS_DOMAINE_STULL","Tw est correctement indisponible car au moins une entrée est hors du domaine publié de Stull.","Aucune correction de données : conserver NC et afficher quelle entrée dépasse le domaine."
"784","United Arab Emirates","sau","2115","bau","extension_exploratoire_post_2100","information","TW_HORS_DOMAINE_STULL","Tw est correctement indisponible car au moins une entrée est hors du domaine publié de Stull.","Aucune correction de données : conserver NC et afficher quelle entrée dépasse le domaine."
"634","Qatar","sau","2115","bau","extension_exploratoire_post_2100","information","TW_HORS_DOMAINE_STULL","Tw est correctement indisponible car au moins une entrée est hors du domaine publié de Stull.","Aucune correction de données : conserver NC et afficher quelle entrée dépasse le domaine."
"414","Kuwait","sau","2115","bau","extension_exploratoire_post_2100","information","TW_HORS_DOMAINE_STULL","Tw est correctement indisponible car au moins une entrée est hors du domaine publié de Stull.","Aucune correction de données : conserver NC et afficher quelle entrée dépasse le domaine."
"512","Oman","sau","2115","bau","extension_exploratoire_post_2100","information","TW_HORS_DOMAINE_STULL","Tw est correctement indisponible car au moins une entrée est hors du domaine publié de Stull.","Aucune correction de données : conserver NC et afficher quelle entrée dépasse le domaine."
"356","India","ind","2115","bau","extension_exploratoire_post_2100","information","TW_HORS_DOMAINE_STULL","Tw est correctement indisponible car au moins une entrée est hors du domaine publié de Stull.","Aucune correction de données : conserver NC et afficher quelle entrée dépasse le domaine."
"064","Bhutan","ind","2115","bau","extension_exploratoire_post_2100","information","TW_HORS_DOMAINE_STULL","Tw est correctement indisponible car au moins une entrée est hors du domaine publié de Stull.","Aucune correction de données : conserver NC et afficher quelle entrée dépasse le domaine."
"524","Nepal","ind","2115","bau","extension_exploratoire_post_2100","information","TW_HORS_DOMAINE_STULL","Tw est correctement indisponible car au moins une entrée est hors du domaine publié de Stull.","Aucune correction de données : conserver NC et afficher quelle entrée dépasse le domaine."
"144","Sri Lanka","ind","2115","bau","extension_exploratoire_post_2100","information","TW_HORS_DOMAINE_STULL","Tw est correctement indisponible car au moins une entrée est hors du domaine publié de Stull.","Aucune correction de données : conserver NC et afficher quelle entrée dépasse le domaine."
"887","Yemen","sau","2115","bau","extension_exploratoire_post_2100","information","TW_HORS_DOMAINE_STULL","Tw est correctement indisponible car au moins une entrée est hors du domaine publié de Stull.","Aucune correction de données : conserver NC et afficher quelle entrée dépasse le domaine."
"682","Saudi Arabia","sau","2115","bau","extension_exploratoire_post_2100","information","TW_HORS_DOMAINE_STULL","Tw est correctement indisponible car au moins une entrée est hors du domaine publié de Stull.","Aucune correction de données : conserver NC et afficher quelle entrée dépasse le domaine."
"784","United Arab Emirates","sau","2116","bau","extension_exploratoire_post_2100","information","TW_HORS_DOMAINE_STULL","Tw est correctement indisponible car au moins une entrée est hors du domaine publié de Stull.","Aucune correction de données : conserver NC et afficher quelle entrée dépasse le domaine."
"634","Qatar","sau","2116","bau","extension_exploratoire_post_2100","information","TW_HORS_DOMAINE_STULL","Tw est correctement indisponible car au moins une entrée est hors du domaine publié de Stull.","Aucune correction de données : conserver NC et afficher quelle entrée dépasse le domaine."
"414","Kuwait","sau","2116","bau","extension_exploratoire_post_2100","information","TW_HORS_DOMAINE_STULL","Tw est correctement indisponible car au moins une entrée est hors du domaine publié de Stull.","Aucune correction de données : conserver NC et afficher quelle entrée dépasse le domaine."
"512","Oman","sau","2116","bau","extension_exploratoire_post_2100","information","TW_HORS_DOMAINE_STULL","Tw est correctement indisponible car au moins une entrée est hors du domaine publié de Stull.","Aucune correction de données : conserver NC et afficher quelle entrée dépasse le domaine."
"356","India","ind","2116","bau","extension_exploratoire_post_2100","information","TW_HORS_DOMAINE_STULL","Tw est correctement indisponible car au moins une entrée est hors du domaine publié de Stull.","Aucune correction de données : conserver NC et afficher quelle entrée dépasse le domaine."
"064","Bhutan","ind","2116","bau","extension_exploratoire_post_2100","information","TW_HORS_DOMAINE_STULL","Tw est correctement indisponible car au moins une entrée est hors du domaine publié de Stull.","Aucune correction de données : conserver NC et afficher quelle entrée dépasse le domaine."
"524","Nepal","ind","2116","bau","extension_exploratoire_post_2100","information","TW_HORS_DOMAINE_STULL","Tw est correctement indisponible car au moins une entrée est hors du domaine publié de Stull.","Aucune correction de données : conserver NC et afficher quelle entrée dépasse le domaine."
"144","Sri Lanka","ind","2116","bau","extension_exploratoire_post_2100","information","TW_HORS_DOMAINE_STULL","Tw est correctement indisponible car au moins une entrée est hors du domaine publié de Stull.","Aucune correction de données : conserver NC et afficher quelle entrée dépasse le domaine."
"887","Yemen","sau","2116","bau","extension_exploratoire_post_2100","information","TW_HORS_DOMAINE_STULL","Tw est correctement indisponible car au moins une entrée est hors du domaine publié de Stull.","Aucune correction de données : conserver NC et afficher quelle entrée dépasse le domaine."
"682","Saudi Arabia","sau","2116","bau","extension_exploratoire_post_2100","information","TW_HORS_DOMAINE_STULL","Tw est correctement indisponible car au moins une entrée est hors du domaine publié de Stull.","Aucune correction de données : conserver NC et afficher quelle entrée dépasse le domaine."
"784","United Arab Emirates","sau","2117","bau","extension_exploratoire_post_2100","information","TW_HORS_DOMAINE_STULL","Tw est correctement indisponible car au moins une entrée est hors du domaine publié de Stull.","Aucune correction de données : conserver NC et afficher quelle entrée dépasse le domaine."
"634","Qatar","sau","2117","bau","extension_exploratoire_post_2100","information","TW_HORS_DOMAINE_STULL","Tw est correctement indisponible car au moins une entrée est hors du domaine publié de Stull.","Aucune correction de données : conserver NC et afficher quelle entrée dépasse le domaine."
"414","Kuwait","sau","2117","bau","extension_exploratoire_post_2100","information","TW_HORS_DOMAINE_STULL","Tw est correctement indisponible car au moins une entrée est hors du domaine publié de Stull.","Aucune correction de données : conserver NC et afficher quelle entrée dépasse le domaine."
"512","Oman","sau","2117","bau","extension_exploratoire_post_2100","information","TW_HORS_DOMAINE_STULL","Tw est correctement indisponible car au moins une entrée est hors du domaine publié de Stull.","Aucune correction de données : conserver NC et afficher quelle entrée dépasse le domaine."
"356","India","ind","2117","bau","extension_exploratoire_post_2100","information","TW_HORS_DOMAINE_STULL","Tw est correctement indisponible car au moins une entrée est hors du domaine publié de Stull.","Aucune correction de données : conserver NC et afficher quelle entrée dépasse le domaine."
"064","Bhutan","ind","2117","bau","extension_exploratoire_post_2100","information","TW_HORS_DOMAINE_STULL","Tw est correctement indisponible car au moins une entrée est hors du domaine publié de Stull.","Aucune correction de données : conserver NC et afficher quelle entrée dépasse le domaine."
"524","Nepal","ind","2117","bau","extension_exploratoire_post_2100","information","TW_HORS_DOMAINE_STULL","Tw est correctement indisponible car au moins une entrée est hors du domaine publié de Stull.","Aucune correction de données : conserver NC et afficher quelle entrée dépasse le domaine."
"144","Sri Lanka","ind","2117","bau","extension_exploratoire_post_2100","information","TW_HORS_DOMAINE_STULL","Tw est correctement indisponible car au moins une entrée est hors du domaine publié de Stull.","Aucune correction de données : conserver NC et afficher quelle entrée dépasse le domaine."
"887","Yemen","sau","2117","bau","extension_exploratoire_post_2100","information","TW_HORS_DOMAINE_STULL","Tw est correctement indisponible car au moins une entrée est hors du domaine publié de Stull.","Aucune correction de données : conserver NC et afficher quelle entrée dépasse le domaine."
"682","Saudi Arabia","sau","2117","bau","extension_exploratoire_post_2100","information","TW_HORS_DOMAINE_STULL","Tw est correctement indisponible car au moins une entrée est hors du domaine publié de Stull.","Aucune correction de données : conserver NC et afficher quelle entrée dépasse le domaine."
"784","United Arab Emirates","sau","2118","bau","extension_exploratoire_post_2100","information","TW_HORS_DOMAINE_STULL","Tw est correctement indisponible car au moins une entrée est hors du domaine publié de Stull.","Aucune correction de données : conserver NC et afficher quelle entrée dépasse le domaine."
"634","Qatar","sau","2118","bau","extension_exploratoire_post_2100","information","TW_HORS_DOMAINE_STULL","Tw est correctement indisponible car au moins une entrée est hors du domaine publié de Stull.","Aucune correction de données : conserver NC et afficher quelle entrée dépasse le domaine."
"414","Kuwait","sau","2118","bau","extension_exploratoire_post_2100","information","TW_HORS_DOMAINE_STULL","Tw est correctement indisponible car au moins une entrée est hors du domaine publié de Stull.","Aucune correction de données : conserver NC et afficher quelle entrée dépasse le domaine."
"512","Oman","sau","2118","bau","extension_exploratoire_post_2100","information","TW_HORS_DOMAINE_STULL","Tw est correctement indisponible car au moins une entrée est hors du domaine publié de Stull.","Aucune correction de données : conserver NC et afficher quelle entrée dépasse le domaine."
"356","India","ind","2118","bau","extension_exploratoire_post_2100","information","TW_HORS_DOMAINE_STULL","Tw est correctement indisponible car au moins une entrée est hors du domaine publié de Stull.","Aucune correction de données : conserver NC et afficher quelle entrée dépasse le domaine."
"064","Bhutan","ind","2118","bau","extension_exploratoire_post_2100","information","TW_HORS_DOMAINE_STULL","Tw est correctement indisponible car au moins une entrée est hors du domaine publié de Stull.","Aucune correction de données : conserver NC et afficher quelle entrée dépasse le domaine."
"524","Nepal","ind","2118","bau","extension_exploratoire_post_2100","information","TW_HORS_DOMAINE_STULL","Tw est correctement indisponible car au moins une entrée est hors du domaine publié de Stull.","Aucune correction de données : conserver NC et afficher quelle entrée dépasse le domaine."
"144","Sri Lanka","ind","2118","bau","extension_exploratoire_post_2100","information","TW_HORS_DOMAINE_STULL","Tw est correctement indisponible car au moins une entrée est hors du domaine publié de Stull.","Aucune correction de données : conserver NC et afficher quelle entrée dépasse le domaine."
"887","Yemen","sau","2118","bau","extension_exploratoire_post_2100","information","TW_HORS_DOMAINE_STULL","Tw est correctement indisponible car au moins une entrée est hors du domaine publié de Stull.","Aucune correction de données : conserver NC et afficher quelle entrée dépasse le domaine."
"682","Saudi Arabia","sau","2118","bau","extension_exploratoire_post_2100","information","TW_HORS_DOMAINE_STULL","Tw est correctement indisponible car au moins une entrée est hors du domaine publié de Stull.","Aucune correction de données : conserver NC et afficher quelle entrée dépasse le domaine."
"784","United Arab Emirates","sau","2119","bau","extension_exploratoire_post_2100","information","TW_HORS_DOMAINE_STULL","Tw est correctement indisponible car au moins une entrée est hors du domaine publié de Stull.","Aucune correction de données : conserver NC et afficher quelle entrée dépasse le domaine."
"634","Qatar","sau","2119","bau","extension_exploratoire_post_2100","information","TW_HORS_DOMAINE_STULL","Tw est correctement indisponible car au moins une entrée est hors du domaine publié de Stull.","Aucune correction de données : conserver NC et afficher quelle entrée dépasse le domaine."
"414","Kuwait","sau","2119","bau","extension_exploratoire_post_2100","information","TW_HORS_DOMAINE_STULL","Tw est correctement indisponible car au moins une entrée est hors du domaine publié de Stull.","Aucune correction de données : conserver NC et afficher quelle entrée dépasse le domaine."
"512","Oman","sau","2119","bau","extension_exploratoire_post_2100","information","TW_HORS_DOMAINE_STULL","Tw est correctement indisponible car au moins une entrée est hors du domaine publié de Stull.","Aucune correction de données : conserver NC et afficher quelle entrée dépasse le domaine."
"356","India","ind","2119","bau","extension_exploratoire_post_2100","information","TW_HORS_DOMAINE_STULL","Tw est correctement indisponible car au moins une entrée est hors du domaine publié de Stull.","Aucune correction de données : conserver NC et afficher quelle entrée dépasse le domaine."
"064","Bhutan","ind","2119","bau","extension_exploratoire_post_2100","information","TW_HORS_DOMAINE_STULL","Tw est correctement indisponible car au moins une entrée est hors du domaine publié de Stull.","Aucune correction de données : conserver NC et afficher quelle entrée dépasse le domaine."
"524","Nepal","ind","2119","bau","extension_exploratoire_post_2100","information","TW_HORS_DOMAINE_STULL","Tw est correctement indisponible car au moins une entrée est hors du domaine publié de Stull.","Aucune correction de données : conserver NC et afficher quelle entrée dépasse le domaine."
"144","Sri Lanka","ind","2119","bau","extension_exploratoire_post_2100","information","TW_HORS_DOMAINE_STULL","Tw est correctement indisponible car au moins une entrée est hors du domaine publié de Stull.","Aucune correction de données : conserver NC et afficher quelle entrée dépasse le domaine."
"887","Yemen","sau","2119","bau","extension_exploratoire_post_2100","information","TW_HORS_DOMAINE_STULL","Tw est correctement indisponible car au moins une entrée est hors du domaine publié de Stull.","Aucune correction de données : conserver NC et afficher quelle entrée dépasse le domaine."
"682","Saudi Arabia","sau","2119","bau","extension_exploratoire_post_2100","information","TW_HORS_DOMAINE_STULL","Tw est correctement indisponible car au moins une entrée est hors du domaine publié de Stull.","Aucune correction de données : conserver NC et afficher quelle entrée dépasse le domaine."
"784","United Arab Emirates","sau","2120","bau","extension_exploratoire_post_2100","information","TW_HORS_DOMAINE_STULL","Tw est correctement indisponible car au moins une entrée est hors du domaine publié de Stull.","Aucune correction de données : conserver NC et afficher quelle entrée dépasse le domaine."
"634","Qatar","sau","2120","bau","extension_exploratoire_post_2100","information","TW_HORS_DOMAINE_STULL","Tw est correctement indisponible car au moins une entrée est hors du domaine publié de Stull.","Aucune correction de données : conserver NC et afficher quelle entrée dépasse le domaine."
"414","Kuwait","sau","2120","bau","extension_exploratoire_post_2100","information","TW_HORS_DOMAINE_STULL","Tw est correctement indisponible car au moins une entrée est hors du domaine publié de Stull.","Aucune correction de données : conserver NC et afficher quelle entrée dépasse le domaine."
"512","Oman","sau","2120","bau","extension_exploratoire_post_2100","information","TW_HORS_DOMAINE_STULL","Tw est correctement indisponible car au moins une entrée est hors du domaine publié de Stull.","Aucune correction de données : conserver NC et afficher quelle entrée dépasse le domaine."
"356","India","ind","2120","bau","extension_exploratoire_post_2100","information","TW_HORS_DOMAINE_STULL","Tw est correctement indisponible car au moins une entrée est hors du domaine publié de Stull.","Aucune correction de données : conserver NC et afficher quelle entrée dépasse le domaine."
"064","Bhutan","ind","2120","bau","extension_exploratoire_post_2100","information","TW_HORS_DOMAINE_STULL","Tw est correctement indisponible car au moins une entrée est hors du domaine publié de Stull.","Aucune correction de données : conserver NC et afficher quelle entrée dépasse le domaine."
"524","Nepal","ind","2120","bau","extension_exploratoire_post_2100","information","TW_HORS_DOMAINE_STULL","Tw est correctement indisponible car au moins une entrée est hors du domaine publié de Stull.","Aucune correction de données : conserver NC et afficher quelle entrée dépasse le domaine."
"144","Sri Lanka","ind","2120","bau","extension_exploratoire_post_2100","information","TW_HORS_DOMAINE_STULL","Tw est correctement indisponible car au moins une entrée est hors du domaine publié de Stull.","Aucune correction de données : conserver NC et afficher quelle entrée dépasse le domaine."
"887","Yemen","sau","2120","bau","extension_exploratoire_post_2100","information","TW_HORS_DOMAINE_STULL","Tw est correctement indisponible car au moins une entrée est hors du domaine publié de Stull.","Aucune correction de données : conserver NC et afficher quelle entrée dépasse le domaine."
"682","Saudi Arabia","sau","2120","bau","extension_exploratoire_post_2100","information","TW_HORS_DOMAINE_STULL","Tw est correctement indisponible car au moins une entrée est hors du domaine publié de Stull.","Aucune correction de données : conserver NC et afficher quelle entrée dépasse le domaine."
"784","United Arab Emirates","sau","2121","bau","extension_exploratoire_post_2100","information","TW_HORS_DOMAINE_STULL","Tw est correctement indisponible car au moins une entrée est hors du domaine publié de Stull.","Aucune correction de données : conserver NC et afficher quelle entrée dépasse le domaine."
"634","Qatar","sau","2121","bau","extension_exploratoire_post_2100","information","TW_HORS_DOMAINE_STULL","Tw est correctement indisponible car au moins une entrée est hors du domaine publié de Stull.","Aucune correction de données : conserver NC et afficher quelle entrée dépasse le domaine."
"414","Kuwait","sau","2121","bau","extension_exploratoire_post_2100","information","TW_HORS_DOMAINE_STULL","Tw est correctement indisponible car au moins une entrée est hors du domaine publié de Stull.","Aucune correction de données : conserver NC et afficher quelle entrée dépasse le domaine."
"512","Oman","sau","2121","bau","extension_exploratoire_post_2100","information","TW_HORS_DOMAINE_STULL","Tw est correctement indisponible car au moins une entrée est hors du domaine publié de Stull.","Aucune correction de données : conserver NC et afficher quelle entrée dépasse le domaine."
"356","India","ind","2121","bau","extension_exploratoire_post_2100","information","TW_HORS_DOMAINE_STULL","Tw est correctement indisponible car au moins une entrée est hors du domaine publié de Stull.","Aucune correction de données : conserver NC et afficher quelle entrée dépasse le domaine."
"064","Bhutan","ind","2121","bau","extension_exploratoire_post_2100","information","TW_HORS_DOMAINE_STULL","Tw est correctement indisponible car au moins une entrée est hors du domaine publié de Stull.","Aucune correction de données : conserver NC et afficher quelle entrée dépasse le domaine."
"524","Nepal","ind","2121","bau","extension_exploratoire_post_2100","information","TW_HORS_DOMAINE_STULL","Tw est correctement indisponible car au moins une entrée est hors du domaine publié de Stull.","Aucune correction de données : conserver NC et afficher quelle entrée dépasse le domaine."
"144","Sri Lanka","ind","2121","bau","extension_exploratoire_post_2100","information","TW_HORS_DOMAINE_STULL","Tw est correctement indisponible car au moins une entrée est hors du domaine publié de Stull.","Aucune correction de données : conserver NC et afficher quelle entrée dépasse le domaine."
"887","Yemen","sau","2121","bau","extension_exploratoire_post_2100","information","TW_HORS_DOMAINE_STULL","Tw est correctement indisponible car au moins une entrée est hors du domaine publié de Stull.","Aucune correction de données : conserver NC et afficher quelle entrée dépasse le domaine."
"682","Saudi Arabia","sau","2121","bau","extension_exploratoire_post_2100","information","TW_HORS_DOMAINE_STULL","Tw est correctement indisponible car au moins une entrée est hors du domaine publié de Stull.","Aucune correction de données : conserver NC et afficher quelle entrée dépasse le domaine."
"784","United Arab Emirates","sau","2122","bau","extension_exploratoire_post_2100","information","TW_HORS_DOMAINE_STULL","Tw est correctement indisponible car au moins une entrée est hors du domaine publié de Stull.","Aucune correction de données : conserver NC et afficher quelle entrée dépasse le domaine."
"634","Qatar","sau","2122","bau","extension_exploratoire_post_2100","information","TW_HORS_DOMAINE_STULL","Tw est correctement indisponible car au moins une entrée est hors du domaine publié de Stull.","Aucune correction de données : conserver NC et afficher quelle entrée dépasse le domaine."
"414","Kuwait","sau","2122","bau","extension_exploratoire_post_2100","information","TW_HORS_DOMAINE_STULL","Tw est correctement indisponible car au moins une entrée est hors du domaine publié de Stull.","Aucune correction de données : conserver NC et afficher quelle entrée dépasse le domaine."
"512","Oman","sau","2122","bau","extension_exploratoire_post_2100","information","TW_HORS_DOMAINE_STULL","Tw est correctement indisponible car au moins une entrée est hors du domaine publié de Stull.","Aucune correction de données : conserver NC et afficher quelle entrée dépasse le domaine."
"356","India","ind","2122","bau","extension_exploratoire_post_2100","information","TW_HORS_DOMAINE_STULL","Tw est correctement indisponible car au moins une entrée est hors du domaine publié de Stull.","Aucune correction de données : conserver NC et afficher quelle entrée dépasse le domaine."
"064","Bhutan","ind","2122","bau","extension_exploratoire_post_2100","information","TW_HORS_DOMAINE_STULL","Tw est correctement indisponible car au moins une entrée est hors du domaine publié de Stull.","Aucune correction de données : conserver NC et afficher quelle entrée dépasse le domaine."
"524","Nepal","ind","2122","bau","extension_exploratoire_post_2100","information","TW_HORS_DOMAINE_STULL","Tw est correctement indisponible car au moins une entrée est hors du domaine publié de Stull.","Aucune correction de données : conserver NC et afficher quelle entrée dépasse le domaine."
"144","Sri Lanka","ind","2122","bau","extension_exploratoire_post_2100","information","TW_HORS_DOMAINE_STULL","Tw est correctement indisponible car au moins une entrée est hors du domaine publié de Stull.","Aucune correction de données : conserver NC et afficher quelle entrée dépasse le domaine."
"887","Yemen","sau","2122","bau","extension_exploratoire_post_2100","information","TW_HORS_DOMAINE_STULL","Tw est correctement indisponible car au moins une entrée est hors du domaine publié de Stull.","Aucune correction de données : conserver NC et afficher quelle entrée dépasse le domaine."
"682","Saudi Arabia","sau","2122","bau","extension_exploratoire_post_2100","information","TW_HORS_DOMAINE_STULL","Tw est correctement indisponible car au moins une entrée est hors du domaine publié de Stull.","Aucune correction de données : conserver NC et afficher quelle entrée dépasse le domaine."
"784","United Arab Emirates","sau","2123","bau","extension_exploratoire_post_2100","information","TW_HORS_DOMAINE_STULL","Tw est correctement indisponible car au moins une entrée est hors du domaine publié de Stull.","Aucune correction de données : conserver NC et afficher quelle entrée dépasse le domaine."
"634","Qatar","sau","2123","bau","extension_exploratoire_post_2100","information","TW_HORS_DOMAINE_STULL","Tw est correctement indisponible car au moins une entrée est hors du domaine publié de Stull.","Aucune correction de données : conserver NC et afficher quelle entrée dépasse le domaine."
"414","Kuwait","sau","2123","bau","extension_exploratoire_post_2100","information","TW_HORS_DOMAINE_STULL","Tw est correctement indisponible car au moins une entrée est hors du domaine publié de Stull.","Aucune correction de données : conserver NC et afficher quelle entrée dépasse le domaine."
"512","Oman","sau","2123","bau","extension_exploratoire_post_2100","information","TW_HORS_DOMAINE_STULL","Tw est correctement indisponible car au moins une entrée est hors du domaine publié de Stull.","Aucune correction de données : conserver NC et afficher quelle entrée dépasse le domaine."
"356","India","ind","2123","bau","extension_exploratoire_post_2100","information","TW_HORS_DOMAINE_STULL","Tw est correctement indisponible car au moins une entrée est hors du domaine publié de Stull.","Aucune correction de données : conserver NC et afficher quelle entrée dépasse le domaine."
"064","Bhutan","ind","2123","bau","extension_exploratoire_post_2100","information","TW_HORS_DOMAINE_STULL","Tw est correctement indisponible car au moins une entrée est hors du domaine publié de Stull.","Aucune correction de données : conserver NC et afficher quelle entrée dépasse le domaine."
"524","Nepal","ind","2123","bau","extension_exploratoire_post_2100","information","TW_HORS_DOMAINE_STULL","Tw est correctement indisponible car au moins une entrée est hors du domaine publié de Stull.","Aucune correction de données : conserver NC et afficher quelle entrée dépasse le domaine."
"144","Sri Lanka","ind","2123","bau","extension_exploratoire_post_2100","information","TW_HORS_DOMAINE_STULL","Tw est correctement indisponible car au moins une entrée est hors du domaine publié de Stull.","Aucune correction de données : conserver NC et afficher quelle entrée dépasse le domaine."
"887","Yemen","sau","2123","bau","extension_exploratoire_post_2100","information","TW_HORS_DOMAINE_STULL","Tw est correctement indisponible car au moins une entrée est hors du domaine publié de Stull.","Aucune correction de données : conserver NC et afficher quelle entrée dépasse le domaine."
"682","Saudi Arabia","sau","2123","bau","extension_exploratoire_post_2100","information","TW_HORS_DOMAINE_STULL","Tw est correctement indisponible car au moins une entrée est hors du domaine publié de Stull.","Aucune correction de données : conserver NC et afficher quelle entrée dépasse le domaine."
"784","United Arab Emirates","sau","2124","bau","extension_exploratoire_post_2100","information","TW_HORS_DOMAINE_STULL","Tw est correctement indisponible car au moins une entrée est hors du domaine publié de Stull.","Aucune correction de données : conserver NC et afficher quelle entrée dépasse le domaine."
"634","Qatar","sau","2124","bau","extension_exploratoire_post_2100","information","TW_HORS_DOMAINE_STULL","Tw est correctement indisponible car au moins une entrée est hors du domaine publié de Stull.","Aucune correction de données : conserver NC et afficher quelle entrée dépasse le domaine."
"414","Kuwait","sau","2124","bau","extension_exploratoire_post_2100","information","TW_HORS_DOMAINE_STULL","Tw est correctement indisponible car au moins une entrée est hors du domaine publié de Stull.","Aucune correction de données : conserver NC et afficher quelle entrée dépasse le domaine."
"512","Oman","sau","2124","bau","extension_exploratoire_post_2100","information","TW_HORS_DOMAINE_STULL","Tw est correctement indisponible car au moins une entrée est hors du domaine publié de Stull.","Aucune correction de données : conserver NC et afficher quelle entrée dépasse le domaine."
"356","India","ind","2124","bau","extension_exploratoire_post_2100","information","TW_HORS_DOMAINE_STULL","Tw est correctement indisponible car au moins une entrée est hors du domaine publié de Stull.","Aucune correction de données : conserver NC et afficher quelle entrée dépasse le domaine."
"064","Bhutan","ind","2124","bau","extension_exploratoire_post_2100","information","TW_HORS_DOMAINE_STULL","Tw est correctement indisponible car au moins une entrée est hors du domaine publié de Stull.","Aucune correction de données : conserver NC et afficher quelle entrée dépasse le domaine."
"524","Nepal","ind","2124","bau","extension_exploratoire_post_2100","information","TW_HORS_DOMAINE_STULL","Tw est correctement indisponible car au moins une entrée est hors du domaine publié de Stull.","Aucune correction de données : conserver NC et afficher quelle entrée dépasse le domaine."
"144","Sri Lanka","ind","2124","bau","extension_exploratoire_post_2100","information","TW_HORS_DOMAINE_STULL","Tw est correctement indisponible car au moins une entrée est hors du domaine publié de Stull.","Aucune correction de données : conserver NC et afficher quelle entrée dépasse le domaine."
"887","Yemen","sau","2124","bau","extension_exploratoire_post_2100","information","TW_HORS_DOMAINE_STULL","Tw est correctement indisponible car au moins une entrée est hors du domaine publié de Stull.","Aucune correction de données : conserver NC et afficher quelle entrée dépasse le domaine."
"682","Saudi Arabia","sau","2124","bau","extension_exploratoire_post_2100","information","TW_HORS_DOMAINE_STULL","Tw est correctement indisponible car au moins une entrée est hors du domaine publié de Stull.","Aucune correction de données : conserver NC et afficher quelle entrée dépasse le domaine."
"784","United Arab Emirates","sau","2125","bau","extension_exploratoire_post_2100","information","TW_HORS_DOMAINE_STULL","Tw est correctement indisponible car au moins une entrée est hors du domaine publié de Stull.","Aucune correction de données : conserver NC et afficher quelle entrée dépasse le domaine."
"634","Qatar","sau","2125","bau","extension_exploratoire_post_2100","information","TW_HORS_DOMAINE_STULL","Tw est correctement indisponible car au moins une entrée est hors du domaine publié de Stull.","Aucune correction de données : conserver NC et afficher quelle entrée dépasse le domaine."
"414","Kuwait","sau","2125","bau","extension_exploratoire_post_2100","information","TW_HORS_DOMAINE_STULL","Tw est correctement indisponible car au moins une entrée est hors du domaine publié de Stull.","Aucune correction de données : conserver NC et afficher quelle entrée dépasse le domaine."
"512","Oman","sau","2125","bau","extension_exploratoire_post_2100","information","TW_HORS_DOMAINE_STULL","Tw est correctement indisponible car au moins une entrée est hors du domaine publié de Stull.","Aucune correction de données : conserver NC et afficher quelle entrée dépasse le domaine."
"356","India","ind","2125","bau","extension_exploratoire_post_2100","information","TW_HORS_DOMAINE_STULL","Tw est correctement indisponible car au moins une entrée est hors du domaine publié de Stull.","Aucune correction de données : conserver NC et afficher quelle entrée dépasse le domaine."
"064","Bhutan","ind","2125","bau","extension_exploratoire_post_2100","information","TW_HORS_DOMAINE_STULL","Tw est correctement indisponible car au moins une entrée est hors du domaine publié de Stull.","Aucune correction de données : conserver NC et afficher quelle entrée dépasse le domaine."
"524","Nepal","ind","2125","bau","extension_exploratoire_post_2100","information","TW_HORS_DOMAINE_STULL","Tw est correctement indisponible car au moins une entrée est hors du domaine publié de Stull.","Aucune correction de données : conserver NC et afficher quelle entrée dépasse le domaine."
"144","Sri Lanka","ind","2125","bau","extension_exploratoire_post_2100","information","TW_HORS_DOMAINE_STULL","Tw est correctement indisponible car au moins une entrée est hors du domaine publié de Stull.","Aucune correction de données : conserver NC et afficher quelle entrée dépasse le domaine."
"887","Yemen","sau","2125","bau","extension_exploratoire_post_2100","information","TW_HORS_DOMAINE_STULL","Tw est correctement indisponible car au moins une entrée est hors du domaine publié de Stull.","Aucune correction de données : conserver NC et afficher quelle entrée dépasse le domaine."
"682","Saudi Arabia","sau","2125","bau","extension_exploratoire_post_2100","information","TW_HORS_DOMAINE_STULL","Tw est correctement indisponible car au moins une entrée est hors du domaine publié de Stull.","Aucune correction de données : conserver NC et afficher quelle entrée dépasse le domaine."
"784","United Arab Emirates","sau","2126","bau","extension_exploratoire_post_2100","information","TW_HORS_DOMAINE_STULL","Tw est correctement indisponible car au moins une entrée est hors du domaine publié de Stull.","Aucune correction de données : conserver NC et afficher quelle entrée dépasse le domaine."
"634","Qatar","sau","2126","bau","extension_exploratoire_post_2100","information","TW_HORS_DOMAINE_STULL","Tw est correctement indisponible car au moins une entrée est hors du domaine publié de Stull.","Aucune correction de données : conserver NC et afficher quelle entrée dépasse le domaine."
"414","Kuwait","sau","2126","bau","extension_exploratoire_post_2100","information","TW_HORS_DOMAINE_STULL","Tw est correctement indisponible car au moins une entrée est hors du domaine publié de Stull.","Aucune correction de données : conserver NC et afficher quelle entrée dépasse le domaine."
"512","Oman","sau","2126","bau","extension_exploratoire_post_2100","information","TW_HORS_DOMAINE_STULL","Tw est correctement indisponible car au moins une entrée est hors du domaine publié de Stull.","Aucune correction de données : conserver NC et afficher quelle entrée dépasse le domaine."
"356","India","ind","2126","bau","extension_exploratoire_post_2100","information","TW_HORS_DOMAINE_STULL","Tw est correctement indisponible car au moins une entrée est hors du domaine publié de Stull.","Aucune correction de données : conserver NC et afficher quelle entrée dépasse le domaine."
"064","Bhutan","ind","2126","bau","extension_exploratoire_post_2100","information","TW_HORS_DOMAINE_STULL","Tw est correctement indisponible car au moins une entrée est hors du domaine publié de Stull.","Aucune correction de données : conserver NC et afficher quelle entrée dépasse le domaine."
"524","Nepal","ind","2126","bau","extension_exploratoire_post_2100","information","TW_HORS_DOMAINE_STULL","Tw est correctement indisponible car au moins une entrée est hors du domaine publié de Stull.","Aucune correction de données : conserver NC et afficher quelle entrée dépasse le domaine."
"144","Sri Lanka","ind","2126","bau","extension_exploratoire_post_2100","information","TW_HORS_DOMAINE_STULL","Tw est correctement indisponible car au moins une entrée est hors du domaine publié de Stull.","Aucune correction de données : conserver NC et afficher quelle entrée dépasse le domaine."
"887","Yemen","sau","2126","bau","extension_exploratoire_post_2100","information","TW_HORS_DOMAINE_STULL","Tw est correctement indisponible car au moins une entrée est hors du domaine publié de Stull.","Aucune correction de données : conserver NC et afficher quelle entrée dépasse le domaine."
"682","Saudi Arabia","sau","2126","bau","extension_exploratoire_post_2100","information","TW_HORS_DOMAINE_STULL","Tw est correctement indisponible car au moins une entrée est hors du domaine publié de Stull.","Aucune correction de données : conserver NC et afficher quelle entrée dépasse le domaine."
"784","United Arab Emirates","sau","2127","bau","extension_exploratoire_post_2100","information","TW_HORS_DOMAINE_STULL","Tw est correctement indisponible car au moins une entrée est hors du domaine publié de Stull.","Aucune correction de données : conserver NC et afficher quelle entrée dépasse le domaine."
"634","Qatar","sau","2127","bau","extension_exploratoire_post_2100","information","TW_HORS_DOMAINE_STULL","Tw est correctement indisponible car au moins une entrée est hors du domaine publié de Stull.","Aucune correction de données : conserver NC et afficher quelle entrée dépasse le domaine."
"414","Kuwait","sau","2127","bau","extension_exploratoire_post_2100","information","TW_HORS_DOMAINE_STULL","Tw est correctement indisponible car au moins une entrée est hors du domaine publié de Stull.","Aucune correction de données : conserver NC et afficher quelle entrée dépasse le domaine."
"512","Oman","sau","2127","bau","extension_exploratoire_post_2100","information","TW_HORS_DOMAINE_STULL","Tw est correctement indisponible car au moins une entrée est hors du domaine publié de Stull.","Aucune correction de données : conserver NC et afficher quelle entrée dépasse le domaine."
"356","India","ind","2127","bau","extension_exploratoire_post_2100","information","TW_HORS_DOMAINE_STULL","Tw est correctement indisponible car au moins une entrée est hors du domaine publié de Stull.","Aucune correction de données : conserver NC et afficher quelle entrée dépasse le domaine."
"064","Bhutan","ind","2127","bau","extension_exploratoire_post_2100","information","TW_HORS_DOMAINE_STULL","Tw est correctement indisponible car au moins une entrée est hors du domaine publié de Stull.","Aucune correction de données : conserver NC et afficher quelle entrée dépasse le domaine."
"524","Nepal","ind","2127","bau","extension_exploratoire_post_2100","information","TW_HORS_DOMAINE_STULL","Tw est correctement indisponible car au moins une entrée est hors du domaine publié de Stull.","Aucune correction de données : conserver NC et afficher quelle entrée dépasse le domaine."
"144","Sri Lanka","ind","2127","bau","extension_exploratoire_post_2100","information","TW_HORS_DOMAINE_STULL","Tw est correctement indisponible car au moins une entrée est hors du domaine publié de Stull.","Aucune correction de données : conserver NC et afficher quelle entrée dépasse le domaine."
"887","Yemen","sau","2127","bau","extension_exploratoire_post_2100","information","TW_HORS_DOMAINE_STULL","Tw est correctement indisponible car au moins une entrée est hors du domaine publié de Stull.","Aucune correction de données : conserver NC et afficher quelle entrée dépasse le domaine."
"682","Saudi Arabia","sau","2127","bau","extension_exploratoire_post_2100","information","TW_HORS_DOMAINE_STULL","Tw est correctement indisponible car au moins une entrée est hors du domaine publié de Stull.","Aucune correction de données : conserver NC et afficher quelle entrée dépasse le domaine."
"784","United Arab Emirates","sau","2128","bau","extension_exploratoire_post_2100","information","TW_HORS_DOMAINE_STULL","Tw est correctement indisponible car au moins une entrée est hors du domaine publié de Stull.","Aucune correction de données : conserver NC et afficher quelle entrée dépasse le domaine."
"634","Qatar","sau","2128","bau","extension_exploratoire_post_2100","information","TW_HORS_DOMAINE_STULL","Tw est correctement indisponible car au moins une entrée est hors du domaine publié de Stull.","Aucune correction de données : conserver NC et afficher quelle entrée dépasse le domaine."
"414","Kuwait","sau","2128","bau","extension_exploratoire_post_2100","information","TW_HORS_DOMAINE_STULL","Tw est correctement indisponible car au moins une entrée est hors du domaine publié de Stull.","Aucune correction de données : conserver NC et afficher quelle entrée dépasse le domaine."
"512","Oman","sau","2128","bau","extension_exploratoire_post_2100","information","TW_HORS_DOMAINE_STULL","Tw est correctement indisponible car au moins une entrée est hors du domaine publié de Stull.","Aucune correction de données : conserver NC et afficher quelle entrée dépasse le domaine."
"356","India","ind","2128","bau","extension_exploratoire_post_2100","information","TW_HORS_DOMAINE_STULL","Tw est correctement indisponible car au moins une entrée est hors du domaine publié de Stull.","Aucune correction de données : conserver NC et afficher quelle entrée dépasse le domaine."
"064","Bhutan","ind","2128","bau","extension_exploratoire_post_2100","information","TW_HORS_DOMAINE_STULL","Tw est correctement indisponible car au moins une entrée est hors du domaine publié de Stull.","Aucune correction de données : conserver NC et afficher quelle entrée dépasse le domaine."
"524","Nepal","ind","2128","bau","extension_exploratoire_post_2100","information","TW_HORS_DOMAINE_STULL","Tw est correctement indisponible car au moins une entrée est hors du domaine publié de Stull.","Aucune correction de données : conserver NC et afficher quelle entrée dépasse le domaine."
"144","Sri Lanka","ind","2128","bau","extension_exploratoire_post_2100","information","TW_HORS_DOMAINE_STULL","Tw est correctement indisponible car au moins une entrée est hors du domaine publié de Stull.","Aucune correction de données : conserver NC et afficher quelle entrée dépasse le domaine."
"887","Yemen","sau","2128","bau","extension_exploratoire_post_2100","information","TW_HORS_DOMAINE_STULL","Tw est correctement indisponible car au moins une entrée est hors du domaine publié de Stull.","Aucune correction de données : conserver NC et afficher quelle entrée dépasse le domaine."
"682","Saudi Arabia","sau","2128","bau","extension_exploratoire_post_2100","information","TW_HORS_DOMAINE_STULL","Tw est correctement indisponible car au moins une entrée est hors du domaine publié de Stull.","Aucune correction de données : conserver NC et afficher quelle entrée dépasse le domaine."
"784","United Arab Emirates","sau","2129","bau","extension_exploratoire_post_2100","information","TW_HORS_DOMAINE_STULL","Tw est correctement indisponible car au moins une entrée est hors du domaine publié de Stull.","Aucune correction de données : conserver NC et afficher quelle entrée dépasse le domaine."
"634","Qatar","sau","2129","bau","extension_exploratoire_post_2100","information","TW_HORS_DOMAINE_STULL","Tw est correctement indisponible car au moins une entrée est hors du domaine publié de Stull.","Aucune correction de données : conserver NC et afficher quelle entrée dépasse le domaine."
"414","Kuwait","sau","2129","bau","extension_exploratoire_post_2100","information","TW_HORS_DOMAINE_STULL","Tw est correctement indisponible car au moins une entrée est hors du domaine publié de Stull.","Aucune correction de données : conserver NC et afficher quelle entrée dépasse le domaine."
"512","Oman","sau","2129","bau","extension_exploratoire_post_2100","information","TW_HORS_DOMAINE_STULL","Tw est correctement indisponible car au moins une entrée est hors du domaine publié de Stull.","Aucune correction de données : conserver NC et afficher quelle entrée dépasse le domaine."
"356","India","ind","2129","bau","extension_exploratoire_post_2100","information","TW_HORS_DOMAINE_STULL","Tw est correctement indisponible car au moins une entrée est hors du domaine publié de Stull.","Aucune correction de données : conserver NC et afficher quelle entrée dépasse le domaine."
"064","Bhutan","ind","2129","bau","extension_exploratoire_post_2100","information","TW_HORS_DOMAINE_STULL","Tw est correctement indisponible car au moins une entrée est hors du domaine publié de Stull.","Aucune correction de données : conserver NC et afficher quelle entrée dépasse le domaine."
"524","Nepal","ind","2129","bau","extension_exploratoire_post_2100","information","TW_HORS_DOMAINE_STULL","Tw est correctement indisponible car au moins une entrée est hors du domaine publié de Stull.","Aucune correction de données : conserver NC et afficher quelle entrée dépasse le domaine."
"144","Sri Lanka","ind","2129","bau","extension_exploratoire_post_2100","information","TW_HORS_DOMAINE_STULL","Tw est correctement indisponible car au moins une entrée est hors du domaine publié de Stull.","Aucune correction de données : conserver NC et afficher quelle entrée dépasse le domaine."
"887","Yemen","sau","2129","bau","extension_exploratoire_post_2100","information","TW_HORS_DOMAINE_STULL","Tw est correctement indisponible car au moins une entrée est hors du domaine publié de Stull.","Aucune correction de données : conserver NC et afficher quelle entrée dépasse le domaine."
"682","Saudi Arabia","sau","2129","bau","extension_exploratoire_post_2100","information","TW_HORS_DOMAINE_STULL","Tw est correctement indisponible car au moins une entrée est hors du domaine publié de Stull.","Aucune correction de données : conserver NC et afficher quelle entrée dépasse le domaine."
"784","United Arab Emirates","sau","2130","bau","extension_exploratoire_post_2100","information","TW_HORS_DOMAINE_STULL","Tw est correctement indisponible car au moins une entrée est hors du domaine publié de Stull.","Aucune correction de données : conserver NC et afficher quelle entrée dépasse le domaine."
"634","Qatar","sau","2130","bau","extension_exploratoire_post_2100","information","TW_HORS_DOMAINE_STULL","Tw est correctement indisponible car au moins une entrée est hors du domaine publié de Stull.","Aucune correction de données : conserver NC et afficher quelle entrée dépasse le domaine."
"414","Kuwait","sau","2130","bau","extension_exploratoire_post_2100","information","TW_HORS_DOMAINE_STULL","Tw est correctement indisponible car au moins une entrée est hors du domaine publié de Stull.","Aucune correction de données : conserver NC et afficher quelle entrée dépasse le domaine."
"512","Oman","sau","2130","bau","extension_exploratoire_post_2100","information","TW_HORS_DOMAINE_STULL","Tw est correctement indisponible car au moins une entrée est hors du domaine publié de Stull.","Aucune correction de données : conserver NC et afficher quelle entrée dépasse le domaine."
"356","India","ind","2130","bau","extension_exploratoire_post_2100","information","TW_HORS_DOMAINE_STULL","Tw est correctement indisponible car au moins une entrée est hors du domaine publié de Stull.","Aucune correction de données : conserver NC et afficher quelle entrée dépasse le domaine."
"064","Bhutan","ind","2130","bau","extension_exploratoire_post_2100","information","TW_HORS_DOMAINE_STULL","Tw est correctement indisponible car au moins une entrée est hors du domaine publié de Stull.","Aucune correction de données : conserver NC et afficher quelle entrée dépasse le domaine."
"524","Nepal","ind","2130","bau","extension_exploratoire_post_2100","information","TW_HORS_DOMAINE_STULL","Tw est correctement indisponible car au moins une entrée est hors du domaine publié de Stull.","Aucune correction de données : conserver NC et afficher quelle entrée dépasse le domaine."
"144","Sri Lanka","ind","2130","bau","extension_exploratoire_post_2100","information","TW_HORS_DOMAINE_STULL","Tw est correctement indisponible car au moins une entrée est hors du domaine publié de Stull.","Aucune correction de données : conserver NC et afficher quelle entrée dépasse le domaine."
"887","Yemen","sau","2130","bau","extension_exploratoire_post_2100","information","TW_HORS_DOMAINE_STULL","Tw est correctement indisponible car au moins une entrée est hors du domaine publié de Stull.","Aucune correction de données : conserver NC et afficher quelle entrée dépasse le domaine."
"682","Saudi Arabia","sau","2130","bau","extension_exploratoire_post_2100","information","TW_HORS_DOMAINE_STULL","Tw est correctement indisponible car au moins une entrée est hors du domaine publié de Stull.","Aucune correction de données : conserver NC et afficher quelle entrée dépasse le domaine."
"784","United Arab Emirates","sau","2131","bau","extension_exploratoire_post_2100","information","TW_HORS_DOMAINE_STULL","Tw est correctement indisponible car au moins une entrée est hors du domaine publié de Stull.","Aucune correction de données : conserver NC et afficher quelle entrée dépasse le domaine."
"634","Qatar","sau","2131","bau","extension_exploratoire_post_2100","information","TW_HORS_DOMAINE_STULL","Tw est correctement indisponible car au moins une entrée est hors du domaine publié de Stull.","Aucune correction de données : conserver NC et afficher quelle entrée dépasse le domaine."
"414","Kuwait","sau","2131","bau","extension_exploratoire_post_2100","information","TW_HORS_DOMAINE_STULL","Tw est correctement indisponible car au moins une entrée est hors du domaine publié de Stull.","Aucune correction de données : conserver NC et afficher quelle entrée dépasse le domaine."
"512","Oman","sau","2131","bau","extension_exploratoire_post_2100","information","TW_HORS_DOMAINE_STULL","Tw est correctement indisponible car au moins une entrée est hors du domaine publié de Stull.","Aucune correction de données : conserver NC et afficher quelle entrée dépasse le domaine."
"356","India","ind","2131","bau","extension_exploratoire_post_2100","information","TW_HORS_DOMAINE_STULL","Tw est correctement indisponible car au moins une entrée est hors du domaine publié de Stull.","Aucune correction de données : conserver NC et afficher quelle entrée dépasse le domaine."
"064","Bhutan","ind","2131","bau","extension_exploratoire_post_2100","information","TW_HORS_DOMAINE_STULL","Tw est correctement indisponible car au moins une entrée est hors du domaine publié de Stull.","Aucune correction de données : conserver NC et afficher quelle entrée dépasse le domaine."
"524","Nepal","ind","2131","bau","extension_exploratoire_post_2100","information","TW_HORS_DOMAINE_STULL","Tw est correctement indisponible car au moins une entrée est hors du domaine publié de Stull.","Aucune correction de données : conserver NC et afficher quelle entrée dépasse le domaine."
"144","Sri Lanka","ind","2131","bau","extension_exploratoire_post_2100","information","TW_HORS_DOMAINE_STULL","Tw est correctement indisponible car au moins une entrée est hors du domaine publié de Stull.","Aucune correction de données : conserver NC et afficher quelle entrée dépasse le domaine."
"887","Yemen","sau","2131","bau","extension_exploratoire_post_2100","information","TW_HORS_DOMAINE_STULL","Tw est correctement indisponible car au moins une entrée est hors du domaine publié de Stull.","Aucune correction de données : conserver NC et afficher quelle entrée dépasse le domaine."
"682","Saudi Arabia","sau","2131","bau","extension_exploratoire_post_2100","information","TW_HORS_DOMAINE_STULL","Tw est correctement indisponible car au moins une entrée est hors du domaine publié de Stull.","Aucune correction de données : conserver NC et afficher quelle entrée dépasse le domaine."
"784","United Arab Emirates","sau","2132","bau","extension_exploratoire_post_2100","information","TW_HORS_DOMAINE_STULL","Tw est correctement indisponible car au moins une entrée est hors du domaine publié de Stull.","Aucune correction de données : conserver NC et afficher quelle entrée dépasse le domaine."
"634","Qatar","sau","2132","bau","extension_exploratoire_post_2100","information","TW_HORS_DOMAINE_STULL","Tw est correctement indisponible car au moins une entrée est hors du domaine publié de Stull.","Aucune correction de données : conserver NC et afficher quelle entrée dépasse le domaine."
"414","Kuwait","sau","2132","bau","extension_exploratoire_post_2100","information","TW_HORS_DOMAINE_STULL","Tw est correctement indisponible car au moins une entrée est hors du domaine publié de Stull.","Aucune correction de données : conserver NC et afficher quelle entrée dépasse le domaine."
"512","Oman","sau","2132","bau","extension_exploratoire_post_2100","information","TW_HORS_DOMAINE_STULL","Tw est correctement indisponible car au moins une entrée est hors du domaine publié de Stull.","Aucune correction de données : conserver NC et afficher quelle entrée dépasse le domaine."
"356","India","ind","2132","bau","extension_exploratoire_post_2100","information","TW_HORS_DOMAINE_STULL","Tw est correctement indisponible car au moins une entrée est hors du domaine publié de Stull.","Aucune correction de données : conserver NC et afficher quelle entrée dépasse le domaine."
"064","Bhutan","ind","2132","bau","extension_exploratoire_post_2100","information","TW_HORS_DOMAINE_STULL","Tw est correctement indisponible car au moins une entrée est hors du domaine publié de Stull.","Aucune correction de données : conserver NC et afficher quelle entrée dépasse le domaine."
"524","Nepal","ind","2132","bau","extension_exploratoire_post_2100","information","TW_HORS_DOMAINE_STULL","Tw est correctement indisponible car au moins une entrée est hors du domaine publié de Stull.","Aucune correction de données : conserver NC et afficher quelle entrée dépasse le domaine."
"144","Sri Lanka","ind","2132","bau","extension_exploratoire_post_2100","information","TW_HORS_DOMAINE_STULL","Tw est correctement indisponible car au moins une entrée est hors du domaine publié de Stull.","Aucune correction de données : conserver NC et afficher quelle entrée dépasse le domaine."
"887","Yemen","sau","2132","bau","extension_exploratoire_post_2100","information","TW_HORS_DOMAINE_STULL","Tw est correctement indisponible car au moins une entrée est hors du domaine publié de Stull.","Aucune correction de données : conserver NC et afficher quelle entrée dépasse le domaine."
"682","Saudi Arabia","sau","2132","bau","extension_exploratoire_post_2100","information","TW_HORS_DOMAINE_STULL","Tw est correctement indisponible car au moins une entrée est hors du domaine publié de Stull.","Aucune correction de données : conserver NC et afficher quelle entrée dépasse le domaine."
"784","United Arab Emirates","sau","2133","bau","extension_exploratoire_post_2100","information","TW_HORS_DOMAINE_STULL","Tw est correctement indisponible car au moins une entrée est hors du domaine publié de Stull.","Aucune correction de données : conserver NC et afficher quelle entrée dépasse le domaine."
"634","Qatar","sau","2133","bau","extension_exploratoire_post_2100","information","TW_HORS_DOMAINE_STULL","Tw est correctement indisponible car au moins une entrée est hors du domaine publié de Stull.","Aucune correction de données : conserver NC et afficher quelle entrée dépasse le domaine."
"414","Kuwait","sau","2133","bau","extension_exploratoire_post_2100","information","TW_HORS_DOMAINE_STULL","Tw est correctement indisponible car au moins une entrée est hors du domaine publié de Stull.","Aucune correction de données : conserver NC et afficher quelle entrée dépasse le domaine."
"512","Oman","sau","2133","bau","extension_exploratoire_post_2100","information","TW_HORS_DOMAINE_STULL","Tw est correctement indisponible car au moins une entrée est hors du domaine publié de Stull.","Aucune correction de données : conserver NC et afficher quelle entrée dépasse le domaine."
"356","India","ind","2133","bau","extension_exploratoire_post_2100","information","TW_HORS_DOMAINE_STULL","Tw est correctement indisponible car au moins une entrée est hors du domaine publié de Stull.","Aucune correction de données : conserver NC et afficher quelle entrée dépasse le domaine."
"064","Bhutan","ind","2133","bau","extension_exploratoire_post_2100","information","TW_HORS_DOMAINE_STULL","Tw est correctement indisponible car au moins une entrée est hors du domaine publié de Stull.","Aucune correction de données : conserver NC et afficher quelle entrée dépasse le domaine."
"524","Nepal","ind","2133","bau","extension_exploratoire_post_2100","information","TW_HORS_DOMAINE_STULL","Tw est correctement indisponible car au moins une entrée est hors du domaine publié de Stull.","Aucune correction de données : conserver NC et afficher quelle entrée dépasse le domaine."
"144","Sri Lanka","ind","2133","bau","extension_exploratoire_post_2100","information","TW_HORS_DOMAINE_STULL","Tw est correctement indisponible car au moins une entrée est hors du domaine publié de Stull.","Aucune correction de données : conserver NC et afficher quelle entrée dépasse le domaine."
"887","Yemen","sau","2133","bau","extension_exploratoire_post_2100","information","TW_HORS_DOMAINE_STULL","Tw est correctement indisponible car au moins une entrée est hors du domaine publié de Stull.","Aucune correction de données : conserver NC et afficher quelle entrée dépasse le domaine."
"682","Saudi Arabia","sau","2133","bau","extension_exploratoire_post_2100","information","TW_HORS_DOMAINE_STULL","Tw est correctement indisponible car au moins une entrée est hors du domaine publié de Stull.","Aucune correction de données : conserver NC et afficher quelle entrée dépasse le domaine."
"784","United Arab Emirates","sau","2134","bau","extension_exploratoire_post_2100","information","TW_HORS_DOMAINE_STULL","Tw est correctement indisponible car au moins une entrée est hors du domaine publié de Stull.","Aucune correction de données : conserver NC et afficher quelle entrée dépasse le domaine."
"634","Qatar","sau","2134","bau","extension_exploratoire_post_2100","information","TW_HORS_DOMAINE_STULL","Tw est correctement indisponible car au moins une entrée est hors du domaine publié de Stull.","Aucune correction de données : conserver NC et afficher quelle entrée dépasse le domaine."
"414","Kuwait","sau","2134","bau","extension_exploratoire_post_2100","information","TW_HORS_DOMAINE_STULL","Tw est correctement indisponible car au moins une entrée est hors du domaine publié de Stull.","Aucune correction de données : conserver NC et afficher quelle entrée dépasse le domaine."
"512","Oman","sau","2134","bau","extension_exploratoire_post_2100","information","TW_HORS_DOMAINE_STULL","Tw est correctement indisponible car au moins une entrée est hors du domaine publié de Stull.","Aucune correction de données : conserver NC et afficher quelle entrée dépasse le domaine."
"356","India","ind","2134","bau","extension_exploratoire_post_2100","information","TW_HORS_DOMAINE_STULL","Tw est correctement indisponible car au moins une entrée est hors du domaine publié de Stull.","Aucune correction de données : conserver NC et afficher quelle entrée dépasse le domaine."
"064","Bhutan","ind","2134","bau","extension_exploratoire_post_2100","information","TW_HORS_DOMAINE_STULL","Tw est correctement indisponible car au moins une entrée est hors du domaine publié de Stull.","Aucune correction de données : conserver NC et afficher quelle entrée dépasse le domaine."
"524","Nepal","ind","2134","bau","extension_exploratoire_post_2100","information","TW_HORS_DOMAINE_STULL","Tw est correctement indisponible car au moins une entrée est hors du domaine publié de Stull.","Aucune correction de données : conserver NC et afficher quelle entrée dépasse le domaine."
"144","Sri Lanka","ind","2134","bau","extension_exploratoire_post_2100","information","TW_HORS_DOMAINE_STULL","Tw est correctement indisponible car au moins une entrée est hors du domaine publié de Stull.","Aucune correction de données : conserver NC et afficher quelle entrée dépasse le domaine."
"887","Yemen","sau","2134","bau","extension_exploratoire_post_2100","information","TW_HORS_DOMAINE_STULL","Tw est correctement indisponible car au moins une entrée est hors du domaine publié de Stull.","Aucune correction de données : conserver NC et afficher quelle entrée dépasse le domaine."
"682","Saudi Arabia","sau","2134","bau","extension_exploratoire_post_2100","information","TW_HORS_DOMAINE_STULL","Tw est correctement indisponible car au moins une entrée est hors du domaine publié de Stull.","Aucune correction de données : conserver NC et afficher quelle entrée dépasse le domaine."
"784","United Arab Emirates","sau","2135","bau","extension_exploratoire_post_2100","information","TW_HORS_DOMAINE_STULL","Tw est correctement indisponible car au moins une entrée est hors du domaine publié de Stull.","Aucune correction de données : conserver NC et afficher quelle entrée dépasse le domaine."
"634","Qatar","sau","2135","bau","extension_exploratoire_post_2100","information","TW_HORS_DOMAINE_STULL","Tw est correctement indisponible car au moins une entrée est hors du domaine publié de Stull.","Aucune correction de données : conserver NC et afficher quelle entrée dépasse le domaine."
"414","Kuwait","sau","2135","bau","extension_exploratoire_post_2100","information","TW_HORS_DOMAINE_STULL","Tw est correctement indisponible car au moins une entrée est hors du domaine publié de Stull.","Aucune correction de données : conserver NC et afficher quelle entrée dépasse le domaine."
"512","Oman","sau","2135","bau","extension_exploratoire_post_2100","information","TW_HORS_DOMAINE_STULL","Tw est correctement indisponible car au moins une entrée est hors du domaine publié de Stull.","Aucune correction de données : conserver NC et afficher quelle entrée dépasse le domaine."
"356","India","ind","2135","bau","extension_exploratoire_post_2100","information","TW_HORS_DOMAINE_STULL","Tw est correctement indisponible car au moins une entrée est hors du domaine publié de Stull.","Aucune correction de données : conserver NC et afficher quelle entrée dépasse le domaine."
"064","Bhutan","ind","2135","bau","extension_exploratoire_post_2100","information","TW_HORS_DOMAINE_STULL","Tw est correctement indisponible car au moins une entrée est hors du domaine publié de Stull.","Aucune correction de données : conserver NC et afficher quelle entrée dépasse le domaine."
"524","Nepal","ind","2135","bau","extension_exploratoire_post_2100","information","TW_HORS_DOMAINE_STULL","Tw est correctement indisponible car au moins une entrée est hors du domaine publié de Stull.","Aucune correction de données : conserver NC et afficher quelle entrée dépasse le domaine."
"144","Sri Lanka","ind","2135","bau","extension_exploratoire_post_2100","information","TW_HORS_DOMAINE_STULL","Tw est correctement indisponible car au moins une entrée est hors du domaine publié de Stull.","Aucune correction de données : conserver NC et afficher quelle entrée dépasse le domaine."
"887","Yemen","sau","2135","bau","extension_exploratoire_post_2100","information","TW_HORS_DOMAINE_STULL","Tw est correctement indisponible car au moins une entrée est hors du domaine publié de Stull.","Aucune correction de données : conserver NC et afficher quelle entrée dépasse le domaine."
"682","Saudi Arabia","sau","2135","bau","extension_exploratoire_post_2100","information","TW_HORS_DOMAINE_STULL","Tw est correctement indisponible car au moins une entrée est hors du domaine publié de Stull.","Aucune correction de données : conserver NC et afficher quelle entrée dépasse le domaine."
"784","United Arab Emirates","sau","2136","bau","extension_exploratoire_post_2100","information","TW_HORS_DOMAINE_STULL","Tw est correctement indisponible car au moins une entrée est hors du domaine publié de Stull.","Aucune correction de données : conserver NC et afficher quelle entrée dépasse le domaine."
"634","Qatar","sau","2136","bau","extension_exploratoire_post_2100","information","TW_HORS_DOMAINE_STULL","Tw est correctement indisponible car au moins une entrée est hors du domaine publié de Stull.","Aucune correction de données : conserver NC et afficher quelle entrée dépasse le domaine."
"414","Kuwait","sau","2136","bau","extension_exploratoire_post_2100","information","TW_HORS_DOMAINE_STULL","Tw est correctement indisponible car au moins une entrée est hors du domaine publié de Stull.","Aucune correction de données : conserver NC et afficher quelle entrée dépasse le domaine."
"512","Oman","sau","2136","bau","extension_exploratoire_post_2100","information","TW_HORS_DOMAINE_STULL","Tw est correctement indisponible car au moins une entrée est hors du domaine publié de Stull.","Aucune correction de données : conserver NC et afficher quelle entrée dépasse le domaine."
"356","India","ind","2136","bau","extension_exploratoire_post_2100","information","TW_HORS_DOMAINE_STULL","Tw est correctement indisponible car au moins une entrée est hors du domaine publié de Stull.","Aucune correction de données : conserver NC et afficher quelle entrée dépasse le domaine."
"064","Bhutan","ind","2136","bau","extension_exploratoire_post_2100","information","TW_HORS_DOMAINE_STULL","Tw est correctement indisponible car au moins une entrée est hors du domaine publié de Stull.","Aucune correction de données : conserver NC et afficher quelle entrée dépasse le domaine."
"524","Nepal","ind","2136","bau","extension_exploratoire_post_2100","information","TW_HORS_DOMAINE_STULL","Tw est correctement indisponible car au moins une entrée est hors du domaine publié de Stull.","Aucune correction de données : conserver NC et afficher quelle entrée dépasse le domaine."
"144","Sri Lanka","ind","2136","bau","extension_exploratoire_post_2100","information","TW_HORS_DOMAINE_STULL","Tw est correctement indisponible car au moins une entrée est hors du domaine publié de Stull.","Aucune correction de données : conserver NC et afficher quelle entrée dépasse le domaine."
"887","Yemen","sau","2136","bau","extension_exploratoire_post_2100","information","TW_HORS_DOMAINE_STULL","Tw est correctement indisponible car au moins une entrée est hors du domaine publié de Stull.","Aucune correction de données : conserver NC et afficher quelle entrée dépasse le domaine."
"682","Saudi Arabia","sau","2136","bau","extension_exploratoire_post_2100","information","TW_HORS_DOMAINE_STULL","Tw est correctement indisponible car au moins une entrée est hors du domaine publié de Stull.","Aucune correction de données : conserver NC et afficher quelle entrée dépasse le domaine."
"784","United Arab Emirates","sau","2137","bau","extension_exploratoire_post_2100","information","TW_HORS_DOMAINE_STULL","Tw est correctement indisponible car au moins une entrée est hors du domaine publié de Stull.","Aucune correction de données : conserver NC et afficher quelle entrée dépasse le domaine."
"634","Qatar","sau","2137","bau","extension_exploratoire_post_2100","information","TW_HORS_DOMAINE_STULL","Tw est correctement indisponible car au moins une entrée est hors du domaine publié de Stull.","Aucune correction de données : conserver NC et afficher quelle entrée dépasse le domaine."
"414","Kuwait","sau","2137","bau","extension_exploratoire_post_2100","information","TW_HORS_DOMAINE_STULL","Tw est correctement indisponible car au moins une entrée est hors du domaine publié de Stull.","Aucune correction de données : conserver NC et afficher quelle entrée dépasse le domaine."
"512","Oman","sau","2137","bau","extension_exploratoire_post_2100","information","TW_HORS_DOMAINE_STULL","Tw est correctement indisponible car au moins une entrée est hors du domaine publié de Stull.","Aucune correction de données : conserver NC et afficher quelle entrée dépasse le domaine."
"356","India","ind","2137","bau","extension_exploratoire_post_2100","information","TW_HORS_DOMAINE_STULL","Tw est correctement indisponible car au moins une entrée est hors du domaine publié de Stull.","Aucune correction de données : conserver NC et afficher quelle entrée dépasse le domaine."
"064","Bhutan","ind","2137","bau","extension_exploratoire_post_2100","information","TW_HORS_DOMAINE_STULL","Tw est correctement indisponible car au moins une entrée est hors du domaine publié de Stull.","Aucune correction de données : conserver NC et afficher quelle entrée dépasse le domaine."
"524","Nepal","ind","2137","bau","extension_exploratoire_post_2100","information","TW_HORS_DOMAINE_STULL","Tw est correctement indisponible car au moins une entrée est hors du domaine publié de Stull.","Aucune correction de données : conserver NC et afficher quelle entrée dépasse le domaine."
"144","Sri Lanka","ind","2137","bau","extension_exploratoire_post_2100","information","TW_HORS_DOMAINE_STULL","Tw est correctement indisponible car au moins une entrée est hors du domaine publié de Stull.","Aucune correction de données : conserver NC et afficher quelle entrée dépasse le domaine."
"887","Yemen","sau","2137","bau","extension_exploratoire_post_2100","information","TW_HORS_DOMAINE_STULL","Tw est correctement indisponible car au moins une entrée est hors du domaine publié de Stull.","Aucune correction de données : conserver NC et afficher quelle entrée dépasse le domaine."
"682","Saudi Arabia","sau","2137","bau","extension_exploratoire_post_2100","information","TW_HORS_DOMAINE_STULL","Tw est correctement indisponible car au moins une entrée est hors du domaine publié de Stull.","Aucune correction de données : conserver NC et afficher quelle entrée dépasse le domaine."
"784","United Arab Emirates","sau","2138","bau","extension_exploratoire_post_2100","information","TW_HORS_DOMAINE_STULL","Tw est correctement indisponible car au moins une entrée est hors du domaine publié de Stull.","Aucune correction de données : conserver NC et afficher quelle entrée dépasse le domaine."
"634","Qatar","sau","2138","bau","extension_exploratoire_post_2100","information","TW_HORS_DOMAINE_STULL","Tw est correctement indisponible car au moins une entrée est hors du domaine publié de Stull.","Aucune correction de données : conserver NC et afficher quelle entrée dépasse le domaine."
"414","Kuwait","sau","2138","bau","extension_exploratoire_post_2100","information","TW_HORS_DOMAINE_STULL","Tw est correctement indisponible car au moins une entrée est hors du domaine publié de Stull.","Aucune correction de données : conserver NC et afficher quelle entrée dépasse le domaine."
"512","Oman","sau","2138","bau","extension_exploratoire_post_2100","information","TW_HORS_DOMAINE_STULL","Tw est correctement indisponible car au moins une entrée est hors du domaine publié de Stull.","Aucune correction de données : conserver NC et afficher quelle entrée dépasse le domaine."
"356","India","ind","2138","bau","extension_exploratoire_post_2100","information","TW_HORS_DOMAINE_STULL","Tw est correctement indisponible car au moins une entrée est hors du domaine publié de Stull.","Aucune correction de données : conserver NC et afficher quelle entrée dépasse le domaine."
"064","Bhutan","ind","2138","bau","extension_exploratoire_post_2100","information","TW_HORS_DOMAINE_STULL","Tw est correctement indisponible car au moins une entrée est hors du domaine publié de Stull.","Aucune correction de données : conserver NC et afficher quelle entrée dépasse le domaine."
"524","Nepal","ind","2138","bau","extension_exploratoire_post_2100","information","TW_HORS_DOMAINE_STULL","Tw est correctement indisponible car au moins une entrée est hors du domaine publié de Stull.","Aucune correction de données : conserver NC et afficher quelle entrée dépasse le domaine."
"144","Sri Lanka","ind","2138","bau","extension_exploratoire_post_2100","information","TW_HORS_DOMAINE_STULL","Tw est correctement indisponible car au moins une entrée est hors du domaine publié de Stull.","Aucune correction de données : conserver NC et afficher quelle entrée dépasse le domaine."
"887","Yemen","sau","2138","bau","extension_exploratoire_post_2100","information","TW_HORS_DOMAINE_STULL","Tw est correctement indisponible car au moins une entrée est hors du domaine publié de Stull.","Aucune correction de données : conserver NC et afficher quelle entrée dépasse le domaine."
"682","Saudi Arabia","sau","2138","bau","extension_exploratoire_post_2100","information","TW_HORS_DOMAINE_STULL","Tw est correctement indisponible car au moins une entrée est hors du domaine publié de Stull.","Aucune correction de données : conserver NC et afficher quelle entrée dépasse le domaine."
"732","W. Sahara","nafr","2139","bau","extension_exploratoire_post_2100","information","TW_HORS_DOMAINE_STULL","Tw est correctement indisponible car au moins une entrée est hors du domaine publié de Stull.","Aucune correction de données : conserver NC et afficher quelle entrée dépasse le domaine."
"788","Tunisia","nafr","2139","bau","extension_exploratoire_post_2100","information","TW_HORS_DOMAINE_STULL","Tw est correctement indisponible car au moins une entrée est hors du domaine publié de Stull.","Aucune correction de données : conserver NC et afficher quelle entrée dépasse le domaine."
"012","Algeria","nafr","2139","bau","extension_exploratoire_post_2100","information","TW_HORS_DOMAINE_STULL","Tw est correctement indisponible car au moins une entrée est hors du domaine publié de Stull.","Aucune correction de données : conserver NC et afficher quelle entrée dépasse le domaine."
"784","United Arab Emirates","sau","2139","bau","extension_exploratoire_post_2100","information","TW_HORS_DOMAINE_STULL","Tw est correctement indisponible car au moins une entrée est hors du domaine publié de Stull.","Aucune correction de données : conserver NC et afficher quelle entrée dépasse le domaine."
"634","Qatar","sau","2139","bau","extension_exploratoire_post_2100","information","TW_HORS_DOMAINE_STULL","Tw est correctement indisponible car au moins une entrée est hors du domaine publié de Stull.","Aucune correction de données : conserver NC et afficher quelle entrée dépasse le domaine."
"414","Kuwait","sau","2139","bau","extension_exploratoire_post_2100","information","TW_HORS_DOMAINE_STULL","Tw est correctement indisponible car au moins une entrée est hors du domaine publié de Stull.","Aucune correction de données : conserver NC et afficher quelle entrée dépasse le domaine."
"512","Oman","sau","2139","bau","extension_exploratoire_post_2100","information","TW_HORS_DOMAINE_STULL","Tw est correctement indisponible car au moins une entrée est hors du domaine publié de Stull.","Aucune correction de données : conserver NC et afficher quelle entrée dépasse le domaine."
"356","India","ind","2139","bau","extension_exploratoire_post_2100","information","TW_HORS_DOMAINE_STULL","Tw est correctement indisponible car au moins une entrée est hors du domaine publié de Stull.","Aucune correction de données : conserver NC et afficher quelle entrée dépasse le domaine."
"064","Bhutan","ind","2139","bau","extension_exploratoire_post_2100","information","TW_HORS_DOMAINE_STULL","Tw est correctement indisponible car au moins une entrée est hors du domaine publié de Stull.","Aucune correction de données : conserver NC et afficher quelle entrée dépasse le domaine."
"524","Nepal","ind","2139","bau","extension_exploratoire_post_2100","information","TW_HORS_DOMAINE_STULL","Tw est correctement indisponible car au moins une entrée est hors du domaine publié de Stull.","Aucune correction de données : conserver NC et afficher quelle entrée dépasse le domaine."
"144","Sri Lanka","ind","2139","bau","extension_exploratoire_post_2100","information","TW_HORS_DOMAINE_STULL","Tw est correctement indisponible car au moins une entrée est hors du domaine publié de Stull.","Aucune correction de données : conserver NC et afficher quelle entrée dépasse le domaine."
"887","Yemen","sau","2139","bau","extension_exploratoire_post_2100","information","TW_HORS_DOMAINE_STULL","Tw est correctement indisponible car au moins une entrée est hors du domaine publié de Stull.","Aucune correction de données : conserver NC et afficher quelle entrée dépasse le domaine."
"682","Saudi Arabia","sau","2139","bau","extension_exploratoire_post_2100","information","TW_HORS_DOMAINE_STULL","Tw est correctement indisponible car au moins une entrée est hors du domaine publié de Stull.","Aucune correction de données : conserver NC et afficher quelle entrée dépasse le domaine."
"504","Morocco","nafr","2139","bau","extension_exploratoire_post_2100","information","TW_HORS_DOMAINE_STULL","Tw est correctement indisponible car au moins une entrée est hors du domaine publié de Stull.","Aucune correction de données : conserver NC et afficher quelle entrée dépasse le domaine."
"434","Libya","nafr","2139","bau","extension_exploratoire_post_2100","information","TW_HORS_DOMAINE_STULL","Tw est correctement indisponible car au moins une entrée est hors du domaine publié de Stull.","Aucune correction de données : conserver NC et afficher quelle entrée dépasse le domaine."
"732","W. Sahara","nafr","2140","bau","extension_exploratoire_post_2100","information","TW_HORS_DOMAINE_STULL","Tw est correctement indisponible car au moins une entrée est hors du domaine publié de Stull.","Aucune correction de données : conserver NC et afficher quelle entrée dépasse le domaine."
"788","Tunisia","nafr","2140","bau","extension_exploratoire_post_2100","information","TW_HORS_DOMAINE_STULL","Tw est correctement indisponible car au moins une entrée est hors du domaine publié de Stull.","Aucune correction de données : conserver NC et afficher quelle entrée dépasse le domaine."
"012","Algeria","nafr","2140","bau","extension_exploratoire_post_2100","information","TW_HORS_DOMAINE_STULL","Tw est correctement indisponible car au moins une entrée est hors du domaine publié de Stull.","Aucune correction de données : conserver NC et afficher quelle entrée dépasse le domaine."
"784","United Arab Emirates","sau","2140","bau","extension_exploratoire_post_2100","information","TW_HORS_DOMAINE_STULL","Tw est correctement indisponible car au moins une entrée est hors du domaine publié de Stull.","Aucune correction de données : conserver NC et afficher quelle entrée dépasse le domaine."
"634","Qatar","sau","2140","bau","extension_exploratoire_post_2100","information","TW_HORS_DOMAINE_STULL","Tw est correctement indisponible car au moins une entrée est hors du domaine publié de Stull.","Aucune correction de données : conserver NC et afficher quelle entrée dépasse le domaine."
"414","Kuwait","sau","2140","bau","extension_exploratoire_post_2100","information","TW_HORS_DOMAINE_STULL","Tw est correctement indisponible car au moins une entrée est hors du domaine publié de Stull.","Aucune correction de données : conserver NC et afficher quelle entrée dépasse le domaine."
"512","Oman","sau","2140","bau","extension_exploratoire_post_2100","information","TW_HORS_DOMAINE_STULL","Tw est correctement indisponible car au moins une entrée est hors du domaine publié de Stull.","Aucune correction de données : conserver NC et afficher quelle entrée dépasse le domaine."
"356","India","ind","2140","bau","extension_exploratoire_post_2100","information","TW_HORS_DOMAINE_STULL","Tw est correctement indisponible car au moins une entrée est hors du domaine publié de Stull.","Aucune correction de données : conserver NC et afficher quelle entrée dépasse le domaine."
"064","Bhutan","ind","2140","bau","extension_exploratoire_post_2100","information","TW_HORS_DOMAINE_STULL","Tw est correctement indisponible car au moins une entrée est hors du domaine publié de Stull.","Aucune correction de données : conserver NC et afficher quelle entrée dépasse le domaine."
"524","Nepal","ind","2140","bau","extension_exploratoire_post_2100","information","TW_HORS_DOMAINE_STULL","Tw est correctement indisponible car au moins une entrée est hors du domaine publié de Stull.","Aucune correction de données : conserver NC et afficher quelle entrée dépasse le domaine."
"144","Sri Lanka","ind","2140","bau","extension_exploratoire_post_2100","information","TW_HORS_DOMAINE_STULL","Tw est correctement indisponible car au moins une entrée est hors du domaine publié de Stull.","Aucune correction de données : conserver NC et afficher quelle entrée dépasse le domaine."
"887","Yemen","sau","2140","bau","extension_exploratoire_post_2100","information","TW_HORS_DOMAINE_STULL","Tw est correctement indisponible car au moins une entrée est hors du domaine publié de Stull.","Aucune correction de données : conserver NC et afficher quelle entrée dépasse le domaine."
"682","Saudi Arabia","sau","2140","bau","extension_exploratoire_post_2100","information","TW_HORS_DOMAINE_STULL","Tw est correctement indisponible car au moins une entrée est hors du domaine publié de Stull.","Aucune correction de données : conserver NC et afficher quelle entrée dépasse le domaine."
"504","Morocco","nafr","2140","bau","extension_exploratoire_post_2100","information","TW_HORS_DOMAINE_STULL","Tw est correctement indisponible car au moins une entrée est hors du domaine publié de Stull.","Aucune correction de données : conserver NC et afficher quelle entrée dépasse le domaine."
"434","Libya","nafr","2140","bau","extension_exploratoire_post_2100","information","TW_HORS_DOMAINE_STULL","Tw est correctement indisponible car au moins une entrée est hors du domaine publié de Stull.","Aucune correction de données : conserver NC et afficher quelle entrée dépasse le domaine."
"732","W. Sahara","nafr","2141","bau","extension_exploratoire_post_2100","information","TW_HORS_DOMAINE_STULL","Tw est correctement indisponible car au moins une entrée est hors du domaine publié de Stull.","Aucune correction de données : conserver NC et afficher quelle entrée dépasse le domaine."
"788","Tunisia","nafr","2141","bau","extension_exploratoire_post_2100","information","TW_HORS_DOMAINE_STULL","Tw est correctement indisponible car au moins une entrée est hors du domaine publié de Stull.","Aucune correction de données : conserver NC et afficher quelle entrée dépasse le domaine."
"012","Algeria","nafr","2141","bau","extension_exploratoire_post_2100","information","TW_HORS_DOMAINE_STULL","Tw est correctement indisponible car au moins une entrée est hors du domaine publié de Stull.","Aucune correction de données : conserver NC et afficher quelle entrée dépasse le domaine."
"784","United Arab Emirates","sau","2141","bau","extension_exploratoire_post_2100","information","TW_HORS_DOMAINE_STULL","Tw est correctement indisponible car au moins une entrée est hors du domaine publié de Stull.","Aucune correction de données : conserver NC et afficher quelle entrée dépasse le domaine."
"634","Qatar","sau","2141","bau","extension_exploratoire_post_2100","information","TW_HORS_DOMAINE_STULL","Tw est correctement indisponible car au moins une entrée est hors du domaine publié de Stull.","Aucune correction de données : conserver NC et afficher quelle entrée dépasse le domaine."
"414","Kuwait","sau","2141","bau","extension_exploratoire_post_2100","information","TW_HORS_DOMAINE_STULL","Tw est correctement indisponible car au moins une entrée est hors du domaine publié de Stull.","Aucune correction de données : conserver NC et afficher quelle entrée dépasse le domaine."
"512","Oman","sau","2141","bau","extension_exploratoire_post_2100","information","TW_HORS_DOMAINE_STULL","Tw est correctement indisponible car au moins une entrée est hors du domaine publié de Stull.","Aucune correction de données : conserver NC et afficher quelle entrée dépasse le domaine."
"356","India","ind","2141","bau","extension_exploratoire_post_2100","information","TW_HORS_DOMAINE_STULL","Tw est correctement indisponible car au moins une entrée est hors du domaine publié de Stull.","Aucune correction de données : conserver NC et afficher quelle entrée dépasse le domaine."
"064","Bhutan","ind","2141","bau","extension_exploratoire_post_2100","information","TW_HORS_DOMAINE_STULL","Tw est correctement indisponible car au moins une entrée est hors du domaine publié de Stull.","Aucune correction de données : conserver NC et afficher quelle entrée dépasse le domaine."
"524","Nepal","ind","2141","bau","extension_exploratoire_post_2100","information","TW_HORS_DOMAINE_STULL","Tw est correctement indisponible car au moins une entrée est hors du domaine publié de Stull.","Aucune correction de données : conserver NC et afficher quelle entrée dépasse le domaine."
"144","Sri Lanka","ind","2141","bau","extension_exploratoire_post_2100","information","TW_HORS_DOMAINE_STULL","Tw est correctement indisponible car au moins une entrée est hors du domaine publié de Stull.","Aucune correction de données : conserver NC et afficher quelle entrée dépasse le domaine."
"887","Yemen","sau","2141","bau","extension_exploratoire_post_2100","information","TW_HORS_DOMAINE_STULL","Tw est correctement indisponible car au moins une entrée est hors du domaine publié de Stull.","Aucune correction de données : conserver NC et afficher quelle entrée dépasse le domaine."
"682","Saudi Arabia","sau","2141","bau","extension_exploratoire_post_2100","information","TW_HORS_DOMAINE_STULL","Tw est correctement indisponible car au moins une entrée est hors du domaine publié de Stull.","Aucune correction de données : conserver NC et afficher quelle entrée dépasse le domaine."
"504","Morocco","nafr","2141","bau","extension_exploratoire_post_2100","information","TW_HORS_DOMAINE_STULL","Tw est correctement indisponible car au moins une entrée est hors du domaine publié de Stull.","Aucune correction de données : conserver NC et afficher quelle entrée dépasse le domaine."
"434","Libya","nafr","2141","bau","extension_exploratoire_post_2100","information","TW_HORS_DOMAINE_STULL","Tw est correctement indisponible car au moins une entrée est hors du domaine publié de Stull.","Aucune correction de données : conserver NC et afficher quelle entrée dépasse le domaine."
"732","W. Sahara","nafr","2142","bau","extension_exploratoire_post_2100","information","TW_HORS_DOMAINE_STULL","Tw est correctement indisponible car au moins une entrée est hors du domaine publié de Stull.","Aucune correction de données : conserver NC et afficher quelle entrée dépasse le domaine."
"788","Tunisia","nafr","2142","bau","extension_exploratoire_post_2100","information","TW_HORS_DOMAINE_STULL","Tw est correctement indisponible car au moins une entrée est hors du domaine publié de Stull.","Aucune correction de données : conserver NC et afficher quelle entrée dépasse le domaine."
"012","Algeria","nafr","2142","bau","extension_exploratoire_post_2100","information","TW_HORS_DOMAINE_STULL","Tw est correctement indisponible car au moins une entrée est hors du domaine publié de Stull.","Aucune correction de données : conserver NC et afficher quelle entrée dépasse le domaine."
"784","United Arab Emirates","sau","2142","bau","extension_exploratoire_post_2100","information","TW_HORS_DOMAINE_STULL","Tw est correctement indisponible car au moins une entrée est hors du domaine publié de Stull.","Aucune correction de données : conserver NC et afficher quelle entrée dépasse le domaine."
"634","Qatar","sau","2142","bau","extension_exploratoire_post_2100","information","TW_HORS_DOMAINE_STULL","Tw est correctement indisponible car au moins une entrée est hors du domaine publié de Stull.","Aucune correction de données : conserver NC et afficher quelle entrée dépasse le domaine."
"414","Kuwait","sau","2142","bau","extension_exploratoire_post_2100","information","TW_HORS_DOMAINE_STULL","Tw est correctement indisponible car au moins une entrée est hors du domaine publié de Stull.","Aucune correction de données : conserver NC et afficher quelle entrée dépasse le domaine."
"512","Oman","sau","2142","bau","extension_exploratoire_post_2100","information","TW_HORS_DOMAINE_STULL","Tw est correctement indisponible car au moins une entrée est hors du domaine publié de Stull.","Aucune correction de données : conserver NC et afficher quelle entrée dépasse le domaine."
"356","India","ind","2142","bau","extension_exploratoire_post_2100","information","TW_HORS_DOMAINE_STULL","Tw est correctement indisponible car au moins une entrée est hors du domaine publié de Stull.","Aucune correction de données : conserver NC et afficher quelle entrée dépasse le domaine."
"064","Bhutan","ind","2142","bau","extension_exploratoire_post_2100","information","TW_HORS_DOMAINE_STULL","Tw est correctement indisponible car au moins une entrée est hors du domaine publié de Stull.","Aucune correction de données : conserver NC et afficher quelle entrée dépasse le domaine."
"524","Nepal","ind","2142","bau","extension_exploratoire_post_2100","information","TW_HORS_DOMAINE_STULL","Tw est correctement indisponible car au moins une entrée est hors du domaine publié de Stull.","Aucune correction de données : conserver NC et afficher quelle entrée dépasse le domaine."
"144","Sri Lanka","ind","2142","bau","extension_exploratoire_post_2100","information","TW_HORS_DOMAINE_STULL","Tw est correctement indisponible car au moins une entrée est hors du domaine publié de Stull.","Aucune correction de données : conserver NC et afficher quelle entrée dépasse le domaine."
"887","Yemen","sau","2142","bau","extension_exploratoire_post_2100","information","TW_HORS_DOMAINE_STULL","Tw est correctement indisponible car au moins une entrée est hors du domaine publié de Stull.","Aucune correction de données : conserver NC et afficher quelle entrée dépasse le domaine."
"682","Saudi Arabia","sau","2142","bau","extension_exploratoire_post_2100","information","TW_HORS_DOMAINE_STULL","Tw est correctement indisponible car au moins une entrée est hors du domaine publié de Stull.","Aucune correction de données : conserver NC et afficher quelle entrée dépasse le domaine."
"504","Morocco","nafr","2142","bau","extension_exploratoire_post_2100","information","TW_HORS_DOMAINE_STULL","Tw est correctement indisponible car au moins une entrée est hors du domaine publié de Stull.","Aucune correction de données : conserver NC et afficher quelle entrée dépasse le domaine."
"434","Libya","nafr","2142","bau","extension_exploratoire_post_2100","information","TW_HORS_DOMAINE_STULL","Tw est correctement indisponible car au moins une entrée est hors du domaine publié de Stull.","Aucune correction de données : conserver NC et afficher quelle entrée dépasse le domaine."
"732","W. Sahara","nafr","2143","bau","extension_exploratoire_post_2100","information","TW_HORS_DOMAINE_STULL","Tw est correctement indisponible car au moins une entrée est hors du domaine publié de Stull.","Aucune correction de données : conserver NC et afficher quelle entrée dépasse le domaine."
"788","Tunisia","nafr","2143","bau","extension_exploratoire_post_2100","information","TW_HORS_DOMAINE_STULL","Tw est correctement indisponible car au moins une entrée est hors du domaine publié de Stull.","Aucune correction de données : conserver NC et afficher quelle entrée dépasse le domaine."
"012","Algeria","nafr","2143","bau","extension_exploratoire_post_2100","information","TW_HORS_DOMAINE_STULL","Tw est correctement indisponible car au moins une entrée est hors du domaine publié de Stull.","Aucune correction de données : conserver NC et afficher quelle entrée dépasse le domaine."
"784","United Arab Emirates","sau","2143","bau","extension_exploratoire_post_2100","information","TW_HORS_DOMAINE_STULL","Tw est correctement indisponible car au moins une entrée est hors du domaine publié de Stull.","Aucune correction de données : conserver NC et afficher quelle entrée dépasse le domaine."
"634","Qatar","sau","2143","bau","extension_exploratoire_post_2100","information","TW_HORS_DOMAINE_STULL","Tw est correctement indisponible car au moins une entrée est hors du domaine publié de Stull.","Aucune correction de données : conserver NC et afficher quelle entrée dépasse le domaine."
"414","Kuwait","sau","2143","bau","extension_exploratoire_post_2100","information","TW_HORS_DOMAINE_STULL","Tw est correctement indisponible car au moins une entrée est hors du domaine publié de Stull.","Aucune correction de données : conserver NC et afficher quelle entrée dépasse le domaine."
"512","Oman","sau","2143","bau","extension_exploratoire_post_2100","information","TW_HORS_DOMAINE_STULL","Tw est correctement indisponible car au moins une entrée est hors du domaine publié de Stull.","Aucune correction de données : conserver NC et afficher quelle entrée dépasse le domaine."
"356","India","ind","2143","bau","extension_exploratoire_post_2100","information","TW_HORS_DOMAINE_STULL","Tw est correctement indisponible car au moins une entrée est hors du domaine publié de Stull.","Aucune correction de données : conserver NC et afficher quelle entrée dépasse le domaine."
"064","Bhutan","ind","2143","bau","extension_exploratoire_post_2100","information","TW_HORS_DOMAINE_STULL","Tw est correctement indisponible car au moins une entrée est hors du domaine publié de Stull.","Aucune correction de données : conserver NC et afficher quelle entrée dépasse le domaine."
"524","Nepal","ind","2143","bau","extension_exploratoire_post_2100","information","TW_HORS_DOMAINE_STULL","Tw est correctement indisponible car au moins une entrée est hors du domaine publié de Stull.","Aucune correction de données : conserver NC et afficher quelle entrée dépasse le domaine."
"144","Sri Lanka","ind","2143","bau","extension_exploratoire_post_2100","information","TW_HORS_DOMAINE_STULL","Tw est correctement indisponible car au moins une entrée est hors du domaine publié de Stull.","Aucune correction de données : conserver NC et afficher quelle entrée dépasse le domaine."
"887","Yemen","sau","2143","bau","extension_exploratoire_post_2100","information","TW_HORS_DOMAINE_STULL","Tw est correctement indisponible car au moins une entrée est hors du domaine publié de Stull.","Aucune correction de données : conserver NC et afficher quelle entrée dépasse le domaine."
"682","Saudi Arabia","sau","2143","bau","extension_exploratoire_post_2100","information","TW_HORS_DOMAINE_STULL","Tw est correctement indisponible car au moins une entrée est hors du domaine publié de Stull.","Aucune correction de données : conserver NC et afficher quelle entrée dépasse le domaine."
"504","Morocco","nafr","2143","bau","extension_exploratoire_post_2100","information","TW_HORS_DOMAINE_STULL","Tw est correctement indisponible car au moins une entrée est hors du domaine publié de Stull.","Aucune correction de données : conserver NC et afficher quelle entrée dépasse le domaine."
"434","Libya","nafr","2143","bau","extension_exploratoire_post_2100","information","TW_HORS_DOMAINE_STULL","Tw est correctement indisponible car au moins une entrée est hors du domaine publié de Stull.","Aucune correction de données : conserver NC et afficher quelle entrée dépasse le domaine."
"732","W. Sahara","nafr","2144","bau","extension_exploratoire_post_2100","information","TW_HORS_DOMAINE_STULL","Tw est correctement indisponible car au moins une entrée est hors du domaine publié de Stull.","Aucune correction de données : conserver NC et afficher quelle entrée dépasse le domaine."
"788","Tunisia","nafr","2144","bau","extension_exploratoire_post_2100","information","TW_HORS_DOMAINE_STULL","Tw est correctement indisponible car au moins une entrée est hors du domaine publié de Stull.","Aucune correction de données : conserver NC et afficher quelle entrée dépasse le domaine."
"012","Algeria","nafr","2144","bau","extension_exploratoire_post_2100","information","TW_HORS_DOMAINE_STULL","Tw est correctement indisponible car au moins une entrée est hors du domaine publié de Stull.","Aucune correction de données : conserver NC et afficher quelle entrée dépasse le domaine."
"784","United Arab Emirates","sau","2144","bau","extension_exploratoire_post_2100","information","TW_HORS_DOMAINE_STULL","Tw est correctement indisponible car au moins une entrée est hors du domaine publié de Stull.","Aucune correction de données : conserver NC et afficher quelle entrée dépasse le domaine."
"634","Qatar","sau","2144","bau","extension_exploratoire_post_2100","information","TW_HORS_DOMAINE_STULL","Tw est correctement indisponible car au moins une entrée est hors du domaine publié de Stull.","Aucune correction de données : conserver NC et afficher quelle entrée dépasse le domaine."
"414","Kuwait","sau","2144","bau","extension_exploratoire_post_2100","information","TW_HORS_DOMAINE_STULL","Tw est correctement indisponible car au moins une entrée est hors du domaine publié de Stull.","Aucune correction de données : conserver NC et afficher quelle entrée dépasse le domaine."
"512","Oman","sau","2144","bau","extension_exploratoire_post_2100","information","TW_HORS_DOMAINE_STULL","Tw est correctement indisponible car au moins une entrée est hors du domaine publié de Stull.","Aucune correction de données : conserver NC et afficher quelle entrée dépasse le domaine."
"356","India","ind","2144","bau","extension_exploratoire_post_2100","information","TW_HORS_DOMAINE_STULL","Tw est correctement indisponible car au moins une entrée est hors du domaine publié de Stull.","Aucune correction de données : conserver NC et afficher quelle entrée dépasse le domaine."
"064","Bhutan","ind","2144","bau","extension_exploratoire_post_2100","information","TW_HORS_DOMAINE_STULL","Tw est correctement indisponible car au moins une entrée est hors du domaine publié de Stull.","Aucune correction de données : conserver NC et afficher quelle entrée dépasse le domaine."
"524","Nepal","ind","2144","bau","extension_exploratoire_post_2100","information","TW_HORS_DOMAINE_STULL","Tw est correctement indisponible car au moins une entrée est hors du domaine publié de Stull.","Aucune correction de données : conserver NC et afficher quelle entrée dépasse le domaine."
"144","Sri Lanka","ind","2144","bau","extension_exploratoire_post_2100","information","TW_HORS_DOMAINE_STULL","Tw est correctement indisponible car au moins une entrée est hors du domaine publié de Stull.","Aucune correction de données : conserver NC et afficher quelle entrée dépasse le domaine."
"887","Yemen","sau","2144","bau","extension_exploratoire_post_2100","information","TW_HORS_DOMAINE_STULL","Tw est correctement indisponible car au moins une entrée est hors du domaine publié de Stull.","Aucune correction de données : conserver NC et afficher quelle entrée dépasse le domaine."
"682","Saudi Arabia","sau","2144","bau","extension_exploratoire_post_2100","information","TW_HORS_DOMAINE_STULL","Tw est correctement indisponible car au moins une entrée est hors du domaine publié de Stull.","Aucune correction de données : conserver NC et afficher quelle entrée dépasse le domaine."
"504","Morocco","nafr","2144","bau","extension_exploratoire_post_2100","information","TW_HORS_DOMAINE_STULL","Tw est correctement indisponible car au moins une entrée est hors du domaine publié de Stull.","Aucune correction de données : conserver NC et afficher quelle entrée dépasse le domaine."
"434","Libya","nafr","2144","bau","extension_exploratoire_post_2100","information","TW_HORS_DOMAINE_STULL","Tw est correctement indisponible car au moins une entrée est hors du domaine publié de Stull.","Aucune correction de données : conserver NC et afficher quelle entrée dépasse le domaine."
"732","W. Sahara","nafr","2145","bau","extension_exploratoire_post_2100","information","TW_HORS_DOMAINE_STULL","Tw est correctement indisponible car au moins une entrée est hors du domaine publié de Stull.","Aucune correction de données : conserver NC et afficher quelle entrée dépasse le domaine."
"788","Tunisia","nafr","2145","bau","extension_exploratoire_post_2100","information","TW_HORS_DOMAINE_STULL","Tw est correctement indisponible car au moins une entrée est hors du domaine publié de Stull.","Aucune correction de données : conserver NC et afficher quelle entrée dépasse le domaine."
"012","Algeria","nafr","2145","bau","extension_exploratoire_post_2100","information","TW_HORS_DOMAINE_STULL","Tw est correctement indisponible car au moins une entrée est hors du domaine publié de Stull.","Aucune correction de données : conserver NC et afficher quelle entrée dépasse le domaine."
"784","United Arab Emirates","sau","2145","bau","extension_exploratoire_post_2100","information","TW_HORS_DOMAINE_STULL","Tw est correctement indisponible car au moins une entrée est hors du domaine publié de Stull.","Aucune correction de données : conserver NC et afficher quelle entrée dépasse le domaine."
"634","Qatar","sau","2145","bau","extension_exploratoire_post_2100","information","TW_HORS_DOMAINE_STULL","Tw est correctement indisponible car au moins une entrée est hors du domaine publié de Stull.","Aucune correction de données : conserver NC et afficher quelle entrée dépasse le domaine."
"414","Kuwait","sau","2145","bau","extension_exploratoire_post_2100","information","TW_HORS_DOMAINE_STULL","Tw est correctement indisponible car au moins une entrée est hors du domaine publié de Stull.","Aucune correction de données : conserver NC et afficher quelle entrée dépasse le domaine."
"512","Oman","sau","2145","bau","extension_exploratoire_post_2100","information","TW_HORS_DOMAINE_STULL","Tw est correctement indisponible car au moins une entrée est hors du domaine publié de Stull.","Aucune correction de données : conserver NC et afficher quelle entrée dépasse le domaine."
"356","India","ind","2145","bau","extension_exploratoire_post_2100","information","TW_HORS_DOMAINE_STULL","Tw est correctement indisponible car au moins une entrée est hors du domaine publié de Stull.","Aucune correction de données : conserver NC et afficher quelle entrée dépasse le domaine."
"064","Bhutan","ind","2145","bau","extension_exploratoire_post_2100","information","TW_HORS_DOMAINE_STULL","Tw est correctement indisponible car au moins une entrée est hors du domaine publié de Stull.","Aucune correction de données : conserver NC et afficher quelle entrée dépasse le domaine."
"524","Nepal","ind","2145","bau","extension_exploratoire_post_2100","information","TW_HORS_DOMAINE_STULL","Tw est correctement indisponible car au moins une entrée est hors du domaine publié de Stull.","Aucune correction de données : conserver NC et afficher quelle entrée dépasse le domaine."
"144","Sri Lanka","ind","2145","bau","extension_exploratoire_post_2100","information","TW_HORS_DOMAINE_STULL","Tw est correctement indisponible car au moins une entrée est hors du domaine publié de Stull.","Aucune correction de données : conserver NC et afficher quelle entrée dépasse le domaine."
"887","Yemen","sau","2145","bau","extension_exploratoire_post_2100","information","TW_HORS_DOMAINE_STULL","Tw est correctement indisponible car au moins une entrée est hors du domaine publié de Stull.","Aucune correction de données : conserver NC et afficher quelle entrée dépasse le domaine."
"682","Saudi Arabia","sau","2145","bau","extension_exploratoire_post_2100","information","TW_HORS_DOMAINE_STULL","Tw est correctement indisponible car au moins une entrée est hors du domaine publié de Stull.","Aucune correction de données : conserver NC et afficher quelle entrée dépasse le domaine."
"504","Morocco","nafr","2145","bau","extension_exploratoire_post_2100","information","TW_HORS_DOMAINE_STULL","Tw est correctement indisponible car au moins une entrée est hors du domaine publié de Stull.","Aucune correction de données : conserver NC et afficher quelle entrée dépasse le domaine."
"434","Libya","nafr","2145","bau","extension_exploratoire_post_2100","information","TW_HORS_DOMAINE_STULL","Tw est correctement indisponible car au moins une entrée est hors du domaine publié de Stull.","Aucune correction de données : conserver NC et afficher quelle entrée dépasse le domaine."
"732","W. Sahara","nafr","2146","bau","extension_exploratoire_post_2100","information","TW_HORS_DOMAINE_STULL","Tw est correctement indisponible car au moins une entrée est hors du domaine publié de Stull.","Aucune correction de données : conserver NC et afficher quelle entrée dépasse le domaine."
"788","Tunisia","nafr","2146","bau","extension_exploratoire_post_2100","information","TW_HORS_DOMAINE_STULL","Tw est correctement indisponible car au moins une entrée est hors du domaine publié de Stull.","Aucune correction de données : conserver NC et afficher quelle entrée dépasse le domaine."
"012","Algeria","nafr","2146","bau","extension_exploratoire_post_2100","information","TW_HORS_DOMAINE_STULL","Tw est correctement indisponible car au moins une entrée est hors du domaine publié de Stull.","Aucune correction de données : conserver NC et afficher quelle entrée dépasse le domaine."
"784","United Arab Emirates","sau","2146","bau","extension_exploratoire_post_2100","information","TW_HORS_DOMAINE_STULL","Tw est correctement indisponible car au moins une entrée est hors du domaine publié de Stull.","Aucune correction de données : conserver NC et afficher quelle entrée dépasse le domaine."
"634","Qatar","sau","2146","bau","extension_exploratoire_post_2100","information","TW_HORS_DOMAINE_STULL","Tw est correctement indisponible car au moins une entrée est hors du domaine publié de Stull.","Aucune correction de données : conserver NC et afficher quelle entrée dépasse le domaine."
"414","Kuwait","sau","2146","bau","extension_exploratoire_post_2100","information","TW_HORS_DOMAINE_STULL","Tw est correctement indisponible car au moins une entrée est hors du domaine publié de Stull.","Aucune correction de données : conserver NC et afficher quelle entrée dépasse le domaine."
"512","Oman","sau","2146","bau","extension_exploratoire_post_2100","information","TW_HORS_DOMAINE_STULL","Tw est correctement indisponible car au moins une entrée est hors du domaine publié de Stull.","Aucune correction de données : conserver NC et afficher quelle entrée dépasse le domaine."
"356","India","ind","2146","bau","extension_exploratoire_post_2100","information","TW_HORS_DOMAINE_STULL","Tw est correctement indisponible car au moins une entrée est hors du domaine publié de Stull.","Aucune correction de données : conserver NC et afficher quelle entrée dépasse le domaine."
"064","Bhutan","ind","2146","bau","extension_exploratoire_post_2100","information","TW_HORS_DOMAINE_STULL","Tw est correctement indisponible car au moins une entrée est hors du domaine publié de Stull.","Aucune correction de données : conserver NC et afficher quelle entrée dépasse le domaine."
"524","Nepal","ind","2146","bau","extension_exploratoire_post_2100","information","TW_HORS_DOMAINE_STULL","Tw est correctement indisponible car au moins une entrée est hors du domaine publié de Stull.","Aucune correction de données : conserver NC et afficher quelle entrée dépasse le domaine."
"144","Sri Lanka","ind","2146","bau","extension_exploratoire_post_2100","information","TW_HORS_DOMAINE_STULL","Tw est correctement indisponible car au moins une entrée est hors du domaine publié de Stull.","Aucune correction de données : conserver NC et afficher quelle entrée dépasse le domaine."
"887","Yemen","sau","2146","bau","extension_exploratoire_post_2100","information","TW_HORS_DOMAINE_STULL","Tw est correctement indisponible car au moins une entrée est hors du domaine publié de Stull.","Aucune correction de données : conserver NC et afficher quelle entrée dépasse le domaine."
"682","Saudi Arabia","sau","2146","bau","extension_exploratoire_post_2100","information","TW_HORS_DOMAINE_STULL","Tw est correctement indisponible car au moins une entrée est hors du domaine publié de Stull.","Aucune correction de données : conserver NC et afficher quelle entrée dépasse le domaine."
"504","Morocco","nafr","2146","bau","extension_exploratoire_post_2100","information","TW_HORS_DOMAINE_STULL","Tw est correctement indisponible car au moins une entrée est hors du domaine publié de Stull.","Aucune correction de données : conserver NC et afficher quelle entrée dépasse le domaine."
"434","Libya","nafr","2146","bau","extension_exploratoire_post_2100","information","TW_HORS_DOMAINE_STULL","Tw est correctement indisponible car au moins une entrée est hors du domaine publié de Stull.","Aucune correction de données : conserver NC et afficher quelle entrée dépasse le domaine."
"732","W. Sahara","nafr","2147","bau","extension_exploratoire_post_2100","information","TW_HORS_DOMAINE_STULL","Tw est correctement indisponible car au moins une entrée est hors du domaine publié de Stull.","Aucune correction de données : conserver NC et afficher quelle entrée dépasse le domaine."
"788","Tunisia","nafr","2147","bau","extension_exploratoire_post_2100","information","TW_HORS_DOMAINE_STULL","Tw est correctement indisponible car au moins une entrée est hors du domaine publié de Stull.","Aucune correction de données : conserver NC et afficher quelle entrée dépasse le domaine."
"012","Algeria","nafr","2147","bau","extension_exploratoire_post_2100","information","TW_HORS_DOMAINE_STULL","Tw est correctement indisponible car au moins une entrée est hors du domaine publié de Stull.","Aucune correction de données : conserver NC et afficher quelle entrée dépasse le domaine."
"784","United Arab Emirates","sau","2147","bau","extension_exploratoire_post_2100","information","TW_HORS_DOMAINE_STULL","Tw est correctement indisponible car au moins une entrée est hors du domaine publié de Stull.","Aucune correction de données : conserver NC et afficher quelle entrée dépasse le domaine."
"634","Qatar","sau","2147","bau","extension_exploratoire_post_2100","information","TW_HORS_DOMAINE_STULL","Tw est correctement indisponible car au moins une entrée est hors du domaine publié de Stull.","Aucune correction de données : conserver NC et afficher quelle entrée dépasse le domaine."
"414","Kuwait","sau","2147","bau","extension_exploratoire_post_2100","information","TW_HORS_DOMAINE_STULL","Tw est correctement indisponible car au moins une entrée est hors du domaine publié de Stull.","Aucune correction de données : conserver NC et afficher quelle entrée dépasse le domaine."
"512","Oman","sau","2147","bau","extension_exploratoire_post_2100","information","TW_HORS_DOMAINE_STULL","Tw est correctement indisponible car au moins une entrée est hors du domaine publié de Stull.","Aucune correction de données : conserver NC et afficher quelle entrée dépasse le domaine."
"356","India","ind","2147","bau","extension_exploratoire_post_2100","information","TW_HORS_DOMAINE_STULL","Tw est correctement indisponible car au moins une entrée est hors du domaine publié de Stull.","Aucune correction de données : conserver NC et afficher quelle entrée dépasse le domaine."
"064","Bhutan","ind","2147","bau","extension_exploratoire_post_2100","information","TW_HORS_DOMAINE_STULL","Tw est correctement indisponible car au moins une entrée est hors du domaine publié de Stull.","Aucune correction de données : conserver NC et afficher quelle entrée dépasse le domaine."
"524","Nepal","ind","2147","bau","extension_exploratoire_post_2100","information","TW_HORS_DOMAINE_STULL","Tw est correctement indisponible car au moins une entrée est hors du domaine publié de Stull.","Aucune correction de données : conserver NC et afficher quelle entrée dépasse le domaine."
"144","Sri Lanka","ind","2147","bau","extension_exploratoire_post_2100","information","TW_HORS_DOMAINE_STULL","Tw est correctement indisponible car au moins une entrée est hors du domaine publié de Stull.","Aucune correction de données : conserver NC et afficher quelle entrée dépasse le domaine."
"887","Yemen","sau","2147","bau","extension_exploratoire_post_2100","information","TW_HORS_DOMAINE_STULL","Tw est correctement indisponible car au moins une entrée est hors du domaine publié de Stull.","Aucune correction de données : conserver NC et afficher quelle entrée dépasse le domaine."
"682","Saudi Arabia","sau","2147","bau","extension_exploratoire_post_2100","information","TW_HORS_DOMAINE_STULL","Tw est correctement indisponible car au moins une entrée est hors du domaine publié de Stull.","Aucune correction de données : conserver NC et afficher quelle entrée dépasse le domaine."
"504","Morocco","nafr","2147","bau","extension_exploratoire_post_2100","information","TW_HORS_DOMAINE_STULL","Tw est correctement indisponible car au moins une entrée est hors du domaine publié de Stull.","Aucune correction de données : conserver NC et afficher quelle entrée dépasse le domaine."
"434","Libya","nafr","2147","bau","extension_exploratoire_post_2100","information","TW_HORS_DOMAINE_STULL","Tw est correctement indisponible car au moins une entrée est hors du domaine publié de Stull.","Aucune correction de données : conserver NC et afficher quelle entrée dépasse le domaine."
"732","W. Sahara","nafr","2148","bau","extension_exploratoire_post_2100","information","TW_HORS_DOMAINE_STULL","Tw est correctement indisponible car au moins une entrée est hors du domaine publié de Stull.","Aucune correction de données : conserver NC et afficher quelle entrée dépasse le domaine."
"788","Tunisia","nafr","2148","bau","extension_exploratoire_post_2100","information","TW_HORS_DOMAINE_STULL","Tw est correctement indisponible car au moins une entrée est hors du domaine publié de Stull.","Aucune correction de données : conserver NC et afficher quelle entrée dépasse le domaine."
"012","Algeria","nafr","2148","bau","extension_exploratoire_post_2100","information","TW_HORS_DOMAINE_STULL","Tw est correctement indisponible car au moins une entrée est hors du domaine publié de Stull.","Aucune correction de données : conserver NC et afficher quelle entrée dépasse le domaine."
"784","United Arab Emirates","sau","2148","bau","extension_exploratoire_post_2100","information","TW_HORS_DOMAINE_STULL","Tw est correctement indisponible car au moins une entrée est hors du domaine publié de Stull.","Aucune correction de données : conserver NC et afficher quelle entrée dépasse le domaine."
"634","Qatar","sau","2148","bau","extension_exploratoire_post_2100","information","TW_HORS_DOMAINE_STULL","Tw est correctement indisponible car au moins une entrée est hors du domaine publié de Stull.","Aucune correction de données : conserver NC et afficher quelle entrée dépasse le domaine."
"414","Kuwait","sau","2148","bau","extension_exploratoire_post_2100","information","TW_HORS_DOMAINE_STULL","Tw est correctement indisponible car au moins une entrée est hors du domaine publié de Stull.","Aucune correction de données : conserver NC et afficher quelle entrée dépasse le domaine."
"512","Oman","sau","2148","bau","extension_exploratoire_post_2100","information","TW_HORS_DOMAINE_STULL","Tw est correctement indisponible car au moins une entrée est hors du domaine publié de Stull.","Aucune correction de données : conserver NC et afficher quelle entrée dépasse le domaine."
"356","India","ind","2148","bau","extension_exploratoire_post_2100","information","TW_HORS_DOMAINE_STULL","Tw est correctement indisponible car au moins une entrée est hors du domaine publié de Stull.","Aucune correction de données : conserver NC et afficher quelle entrée dépasse le domaine."
"064","Bhutan","ind","2148","bau","extension_exploratoire_post_2100","information","TW_HORS_DOMAINE_STULL","Tw est correctement indisponible car au moins une entrée est hors du domaine publié de Stull.","Aucune correction de données : conserver NC et afficher quelle entrée dépasse le domaine."
"524","Nepal","ind","2148","bau","extension_exploratoire_post_2100","information","TW_HORS_DOMAINE_STULL","Tw est correctement indisponible car au moins une entrée est hors du domaine publié de Stull.","Aucune correction de données : conserver NC et afficher quelle entrée dépasse le domaine."
"144","Sri Lanka","ind","2148","bau","extension_exploratoire_post_2100","information","TW_HORS_DOMAINE_STULL","Tw est correctement indisponible car au moins une entrée est hors du domaine publié de Stull.","Aucune correction de données : conserver NC et afficher quelle entrée dépasse le domaine."
"887","Yemen","sau","2148","bau","extension_exploratoire_post_2100","information","TW_HORS_DOMAINE_STULL","Tw est correctement indisponible car au moins une entrée est hors du domaine publié de Stull.","Aucune correction de données : conserver NC et afficher quelle entrée dépasse le domaine."
"682","Saudi Arabia","sau","2148","bau","extension_exploratoire_post_2100","information","TW_HORS_DOMAINE_STULL","Tw est correctement indisponible car au moins une entrée est hors du domaine publié de Stull.","Aucune correction de données : conserver NC et afficher quelle entrée dépasse le domaine."
"504","Morocco","nafr","2148","bau","extension_exploratoire_post_2100","information","TW_HORS_DOMAINE_STULL","Tw est correctement indisponible car au moins une entrée est hors du domaine publié de Stull.","Aucune correction de données : conserver NC et afficher quelle entrée dépasse le domaine."
"434","Libya","nafr","2148","bau","extension_exploratoire_post_2100","information","TW_HORS_DOMAINE_STULL","Tw est correctement indisponible car au moins une entrée est hors du domaine publié de Stull.","Aucune correction de données : conserver NC et afficher quelle entrée dépasse le domaine."
"732","W. Sahara","nafr","2149","bau","extension_exploratoire_post_2100","information","TW_HORS_DOMAINE_STULL","Tw est correctement indisponible car au moins une entrée est hors du domaine publié de Stull.","Aucune correction de données : conserver NC et afficher quelle entrée dépasse le domaine."
"788","Tunisia","nafr","2149","bau","extension_exploratoire_post_2100","information","TW_HORS_DOMAINE_STULL","Tw est correctement indisponible car au moins une entrée est hors du domaine publié de Stull.","Aucune correction de données : conserver NC et afficher quelle entrée dépasse le domaine."
"012","Algeria","nafr","2149","bau","extension_exploratoire_post_2100","information","TW_HORS_DOMAINE_STULL","Tw est correctement indisponible car au moins une entrée est hors du domaine publié de Stull.","Aucune correction de données : conserver NC et afficher quelle entrée dépasse le domaine."
"784","United Arab Emirates","sau","2149","bau","extension_exploratoire_post_2100","information","TW_HORS_DOMAINE_STULL","Tw est correctement indisponible car au moins une entrée est hors du domaine publié de Stull.","Aucune correction de données : conserver NC et afficher quelle entrée dépasse le domaine."
"634","Qatar","sau","2149","bau","extension_exploratoire_post_2100","information","TW_HORS_DOMAINE_STULL","Tw est correctement indisponible car au moins une entrée est hors du domaine publié de Stull.","Aucune correction de données : conserver NC et afficher quelle entrée dépasse le domaine."
"414","Kuwait","sau","2149","bau","extension_exploratoire_post_2100","information","TW_HORS_DOMAINE_STULL","Tw est correctement indisponible car au moins une entrée est hors du domaine publié de Stull.","Aucune correction de données : conserver NC et afficher quelle entrée dépasse le domaine."
"512","Oman","sau","2149","bau","extension_exploratoire_post_2100","information","TW_HORS_DOMAINE_STULL","Tw est correctement indisponible car au moins une entrée est hors du domaine publié de Stull.","Aucune correction de données : conserver NC et afficher quelle entrée dépasse le domaine."
"356","India","ind","2149","bau","extension_exploratoire_post_2100","information","TW_HORS_DOMAINE_STULL","Tw est correctement indisponible car au moins une entrée est hors du domaine publié de Stull.","Aucune correction de données : conserver NC et afficher quelle entrée dépasse le domaine."
"064","Bhutan","ind","2149","bau","extension_exploratoire_post_2100","information","TW_HORS_DOMAINE_STULL","Tw est correctement indisponible car au moins une entrée est hors du domaine publié de Stull.","Aucune correction de données : conserver NC et afficher quelle entrée dépasse le domaine."
"524","Nepal","ind","2149","bau","extension_exploratoire_post_2100","information","TW_HORS_DOMAINE_STULL","Tw est correctement indisponible car au moins une entrée est hors du domaine publié de Stull.","Aucune correction de données : conserver NC et afficher quelle entrée dépasse le domaine."
"144","Sri Lanka","ind","2149","bau","extension_exploratoire_post_2100","information","TW_HORS_DOMAINE_STULL","Tw est correctement indisponible car au moins une entrée est hors du domaine publié de Stull.","Aucune correction de données : conserver NC et afficher quelle entrée dépasse le domaine."
"887","Yemen","sau","2149","bau","extension_exploratoire_post_2100","information","TW_HORS_DOMAINE_STULL","Tw est correctement indisponible car au moins une entrée est hors du domaine publié de Stull.","Aucune correction de données : conserver NC et afficher quelle entrée dépasse le domaine."
"682","Saudi Arabia","sau","2149","bau","extension_exploratoire_post_2100","information","TW_HORS_DOMAINE_STULL","Tw est correctement indisponible car au moins une entrée est hors du domaine publié de Stull.","Aucune correction de données : conserver NC et afficher quelle entrée dépasse le domaine."
"504","Morocco","nafr","2149","bau","extension_exploratoire_post_2100","information","TW_HORS_DOMAINE_STULL","Tw est correctement indisponible car au moins une entrée est hors du domaine publié de Stull.","Aucune correction de données : conserver NC et afficher quelle entrée dépasse le domaine."
"434","Libya","nafr","2149","bau","extension_exploratoire_post_2100","information","TW_HORS_DOMAINE_STULL","Tw est correctement indisponible car au moins une entrée est hors du domaine publié de Stull.","Aucune correction de données : conserver NC et afficher quelle entrée dépasse le domaine."
"732","W. Sahara","nafr","2150","bau","extension_exploratoire_post_2100","information","TW_HORS_DOMAINE_STULL","Tw est correctement indisponible car au moins une entrée est hors du domaine publié de Stull.","Aucune correction de données : conserver NC et afficher quelle entrée dépasse le domaine."
"788","Tunisia","nafr","2150","bau","extension_exploratoire_post_2100","information","TW_HORS_DOMAINE_STULL","Tw est correctement indisponible car au moins une entrée est hors du domaine publié de Stull.","Aucune correction de données : conserver NC et afficher quelle entrée dépasse le domaine."
"012","Algeria","nafr","2150","bau","extension_exploratoire_post_2100","information","TW_HORS_DOMAINE_STULL","Tw est correctement indisponible car au moins une entrée est hors du domaine publié de Stull.","Aucune correction de données : conserver NC et afficher quelle entrée dépasse le domaine."
"784","United Arab Emirates","sau","2150","bau","extension_exploratoire_post_2100","information","TW_HORS_DOMAINE_STULL","Tw est correctement indisponible car au moins une entrée est hors du domaine publié de Stull.","Aucune correction de données : conserver NC et afficher quelle entrée dépasse le domaine."
"634","Qatar","sau","2150","bau","extension_exploratoire_post_2100","information","TW_HORS_DOMAINE_STULL","Tw est correctement indisponible car au moins une entrée est hors du domaine publié de Stull.","Aucune correction de données : conserver NC et afficher quelle entrée dépasse le domaine."
"414","Kuwait","sau","2150","bau","extension_exploratoire_post_2100","information","TW_HORS_DOMAINE_STULL","Tw est correctement indisponible car au moins une entrée est hors du domaine publié de Stull.","Aucune correction de données : conserver NC et afficher quelle entrée dépasse le domaine."
"512","Oman","sau","2150","bau","extension_exploratoire_post_2100","information","TW_HORS_DOMAINE_STULL","Tw est correctement indisponible car au moins une entrée est hors du domaine publié de Stull.","Aucune correction de données : conserver NC et afficher quelle entrée dépasse le domaine."
"356","India","ind","2150","bau","extension_exploratoire_post_2100","information","TW_HORS_DOMAINE_STULL","Tw est correctement indisponible car au moins une entrée est hors du domaine publié de Stull.","Aucune correction de données : conserver NC et afficher quelle entrée dépasse le domaine."
"064","Bhutan","ind","2150","bau","extension_exploratoire_post_2100","information","TW_HORS_DOMAINE_STULL","Tw est correctement indisponible car au moins une entrée est hors du domaine publié de Stull.","Aucune correction de données : conserver NC et afficher quelle entrée dépasse le domaine."
"524","Nepal","ind","2150","bau","extension_exploratoire_post_2100","information","TW_HORS_DOMAINE_STULL","Tw est correctement indisponible car au moins une entrée est hors du domaine publié de Stull.","Aucune correction de données : conserver NC et afficher quelle entrée dépasse le domaine."
"144","Sri Lanka","ind","2150","bau","extension_exploratoire_post_2100","information","TW_HORS_DOMAINE_STULL","Tw est correctement indisponible car au moins une entrée est hors du domaine publié de Stull.","Aucune correction de données : conserver NC et afficher quelle entrée dépasse le domaine."
"887","Yemen","sau","2150","bau","extension_exploratoire_post_2100","information","TW_HORS_DOMAINE_STULL","Tw est correctement indisponible car au moins une entrée est hors du domaine publié de Stull.","Aucune correction de données : conserver NC et afficher quelle entrée dépasse le domaine."
"682","Saudi Arabia","sau","2150","bau","extension_exploratoire_post_2100","information","TW_HORS_DOMAINE_STULL","Tw est correctement indisponible car au moins une entrée est hors du domaine publié de Stull.","Aucune correction de données : conserver NC et afficher quelle entrée dépasse le domaine."
"504","Morocco","nafr","2150","bau","extension_exploratoire_post_2100","information","TW_HORS_DOMAINE_STULL","Tw est correctement indisponible car au moins une entrée est hors du domaine publié de Stull.","Aucune correction de données : conserver NC et afficher quelle entrée dépasse le domaine."
"434","Libya","nafr","2150","bau","extension_exploratoire_post_2100","information","TW_HORS_DOMAINE_STULL","Tw est correctement indisponible car au moins une entrée est hors du domaine publié de Stull.","Aucune correction de données : conserver NC et afficher quelle entrée dépasse le domaine."
"732","W. Sahara","nafr","2151","bau","extension_exploratoire_post_2100","information","TW_HORS_DOMAINE_STULL","Tw est correctement indisponible car au moins une entrée est hors du domaine publié de Stull.","Aucune correction de données : conserver NC et afficher quelle entrée dépasse le domaine."
"788","Tunisia","nafr","2151","bau","extension_exploratoire_post_2100","information","TW_HORS_DOMAINE_STULL","Tw est correctement indisponible car au moins une entrée est hors du domaine publié de Stull.","Aucune correction de données : conserver NC et afficher quelle entrée dépasse le domaine."
"012","Algeria","nafr","2151","bau","extension_exploratoire_post_2100","information","TW_HORS_DOMAINE_STULL","Tw est correctement indisponible car au moins une entrée est hors du domaine publié de Stull.","Aucune correction de données : conserver NC et afficher quelle entrée dépasse le domaine."
"784","United Arab Emirates","sau","2151","bau","extension_exploratoire_post_2100","information","TW_HORS_DOMAINE_STULL","Tw est correctement indisponible car au moins une entrée est hors du domaine publié de Stull.","Aucune correction de données : conserver NC et afficher quelle entrée dépasse le domaine."
"634","Qatar","sau","2151","bau","extension_exploratoire_post_2100","information","TW_HORS_DOMAINE_STULL","Tw est correctement indisponible car au moins une entrée est hors du domaine publié de Stull.","Aucune correction de données : conserver NC et afficher quelle entrée dépasse le domaine."
"414","Kuwait","sau","2151","bau","extension_exploratoire_post_2100","information","TW_HORS_DOMAINE_STULL","Tw est correctement indisponible car au moins une entrée est hors du domaine publié de Stull.","Aucune correction de données : conserver NC et afficher quelle entrée dépasse le domaine."
"512","Oman","sau","2151","bau","extension_exploratoire_post_2100","information","TW_HORS_DOMAINE_STULL","Tw est correctement indisponible car au moins une entrée est hors du domaine publié de Stull.","Aucune correction de données : conserver NC et afficher quelle entrée dépasse le domaine."
"356","India","ind","2151","bau","extension_exploratoire_post_2100","information","TW_HORS_DOMAINE_STULL","Tw est correctement indisponible car au moins une entrée est hors du domaine publié de Stull.","Aucune correction de données : conserver NC et afficher quelle entrée dépasse le domaine."
"064","Bhutan","ind","2151","bau","extension_exploratoire_post_2100","information","TW_HORS_DOMAINE_STULL","Tw est correctement indisponible car au moins une entrée est hors du domaine publié de Stull.","Aucune correction de données : conserver NC et afficher quelle entrée dépasse le domaine."
"524","Nepal","ind","2151","bau","extension_exploratoire_post_2100","information","TW_HORS_DOMAINE_STULL","Tw est correctement indisponible car au moins une entrée est hors du domaine publié de Stull.","Aucune correction de données : conserver NC et afficher quelle entrée dépasse le domaine."
"144","Sri Lanka","ind","2151","bau","extension_exploratoire_post_2100","information","TW_HORS_DOMAINE_STULL","Tw est correctement indisponible car au moins une entrée est hors du domaine publié de Stull.","Aucune correction de données : conserver NC et afficher quelle entrée dépasse le domaine."
"887","Yemen","sau","2151","bau","extension_exploratoire_post_2100","information","TW_HORS_DOMAINE_STULL","Tw est correctement indisponible car au moins une entrée est hors du domaine publié de Stull.","Aucune correction de données : conserver NC et afficher quelle entrée dépasse le domaine."
"682","Saudi Arabia","sau","2151","bau","extension_exploratoire_post_2100","information","TW_HORS_DOMAINE_STULL","Tw est correctement indisponible car au moins une entrée est hors du domaine publié de Stull.","Aucune correction de données : conserver NC et afficher quelle entrée dépasse le domaine."
"504","Morocco","nafr","2151","bau","extension_exploratoire_post_2100","information","TW_HORS_DOMAINE_STULL","Tw est correctement indisponible car au moins une entrée est hors du domaine publié de Stull.","Aucune correction de données : conserver NC et afficher quelle entrée dépasse le domaine."
"434","Libya","nafr","2151","bau","extension_exploratoire_post_2100","information","TW_HORS_DOMAINE_STULL","Tw est correctement indisponible car au moins une entrée est hors du domaine publié de Stull.","Aucune correction de données : conserver NC et afficher quelle entrée dépasse le domaine."
"732","W. Sahara","nafr","2152","bau","extension_exploratoire_post_2100","information","TW_HORS_DOMAINE_STULL","Tw est correctement indisponible car au moins une entrée est hors du domaine publié de Stull.","Aucune correction de données : conserver NC et afficher quelle entrée dépasse le domaine."
"788","Tunisia","nafr","2152","bau","extension_exploratoire_post_2100","information","TW_HORS_DOMAINE_STULL","Tw est correctement indisponible car au moins une entrée est hors du domaine publié de Stull.","Aucune correction de données : conserver NC et afficher quelle entrée dépasse le domaine."
"012","Algeria","nafr","2152","bau","extension_exploratoire_post_2100","information","TW_HORS_DOMAINE_STULL","Tw est correctement indisponible car au moins une entrée est hors du domaine publié de Stull.","Aucune correction de données : conserver NC et afficher quelle entrée dépasse le domaine."
"784","United Arab Emirates","sau","2152","bau","extension_exploratoire_post_2100","information","TW_HORS_DOMAINE_STULL","Tw est correctement indisponible car au moins une entrée est hors du domaine publié de Stull.","Aucune correction de données : conserver NC et afficher quelle entrée dépasse le domaine."
"634","Qatar","sau","2152","bau","extension_exploratoire_post_2100","information","TW_HORS_DOMAINE_STULL","Tw est correctement indisponible car au moins une entrée est hors du domaine publié de Stull.","Aucune correction de données : conserver NC et afficher quelle entrée dépasse le domaine."
"414","Kuwait","sau","2152","bau","extension_exploratoire_post_2100","information","TW_HORS_DOMAINE_STULL","Tw est correctement indisponible car au moins une entrée est hors du domaine publié de Stull.","Aucune correction de données : conserver NC et afficher quelle entrée dépasse le domaine."
"512","Oman","sau","2152","bau","extension_exploratoire_post_2100","information","TW_HORS_DOMAINE_STULL","Tw est correctement indisponible car au moins une entrée est hors du domaine publié de Stull.","Aucune correction de données : conserver NC et afficher quelle entrée dépasse le domaine."
"356","India","ind","2152","bau","extension_exploratoire_post_2100","information","TW_HORS_DOMAINE_STULL","Tw est correctement indisponible car au moins une entrée est hors du domaine publié de Stull.","Aucune correction de données : conserver NC et afficher quelle entrée dépasse le domaine."
"064","Bhutan","ind","2152","bau","extension_exploratoire_post_2100","information","TW_HORS_DOMAINE_STULL","Tw est correctement indisponible car au moins une entrée est hors du domaine publié de Stull.","Aucune correction de données : conserver NC et afficher quelle entrée dépasse le domaine."
"524","Nepal","ind","2152","bau","extension_exploratoire_post_2100","information","TW_HORS_DOMAINE_STULL","Tw est correctement indisponible car au moins une entrée est hors du domaine publié de Stull.","Aucune correction de données : conserver NC et afficher quelle entrée dépasse le domaine."
"144","Sri Lanka","ind","2152","bau","extension_exploratoire_post_2100","information","TW_HORS_DOMAINE_STULL","Tw est correctement indisponible car au moins une entrée est hors du domaine publié de Stull.","Aucune correction de données : conserver NC et afficher quelle entrée dépasse le domaine."
"887","Yemen","sau","2152","bau","extension_exploratoire_post_2100","information","TW_HORS_DOMAINE_STULL","Tw est correctement indisponible car au moins une entrée est hors du domaine publié de Stull.","Aucune correction de données : conserver NC et afficher quelle entrée dépasse le domaine."
"682","Saudi Arabia","sau","2152","bau","extension_exploratoire_post_2100","information","TW_HORS_DOMAINE_STULL","Tw est correctement indisponible car au moins une entrée est hors du domaine publié de Stull.","Aucune correction de données : conserver NC et afficher quelle entrée dépasse le domaine."
"504","Morocco","nafr","2152","bau","extension_exploratoire_post_2100","information","TW_HORS_DOMAINE_STULL","Tw est correctement indisponible car au moins une entrée est hors du domaine publié de Stull.","Aucune correction de données : conserver NC et afficher quelle entrée dépasse le domaine."
"434","Libya","nafr","2152","bau","extension_exploratoire_post_2100","information","TW_HORS_DOMAINE_STULL","Tw est correctement indisponible car au moins une entrée est hors du domaine publié de Stull.","Aucune correction de données : conserver NC et afficher quelle entrée dépasse le domaine."
"732","W. Sahara","nafr","2153","bau","extension_exploratoire_post_2100","information","TW_HORS_DOMAINE_STULL","Tw est correctement indisponible car au moins une entrée est hors du domaine publié de Stull.","Aucune correction de données : conserver NC et afficher quelle entrée dépasse le domaine."
"788","Tunisia","nafr","2153","bau","extension_exploratoire_post_2100","information","TW_HORS_DOMAINE_STULL","Tw est correctement indisponible car au moins une entrée est hors du domaine publié de Stull.","Aucune correction de données : conserver NC et afficher quelle entrée dépasse le domaine."
"012","Algeria","nafr","2153","bau","extension_exploratoire_post_2100","information","TW_HORS_DOMAINE_STULL","Tw est correctement indisponible car au moins une entrée est hors du domaine publié de Stull.","Aucune correction de données : conserver NC et afficher quelle entrée dépasse le domaine."
"784","United Arab Emirates","sau","2153","bau","extension_exploratoire_post_2100","information","TW_HORS_DOMAINE_STULL","Tw est correctement indisponible car au moins une entrée est hors du domaine publié de Stull.","Aucune correction de données : conserver NC et afficher quelle entrée dépasse le domaine."
"634","Qatar","sau","2153","bau","extension_exploratoire_post_2100","information","TW_HORS_DOMAINE_STULL","Tw est correctement indisponible car au moins une entrée est hors du domaine publié de Stull.","Aucune correction de données : conserver NC et afficher quelle entrée dépasse le domaine."
"414","Kuwait","sau","2153","bau","extension_exploratoire_post_2100","information","TW_HORS_DOMAINE_STULL","Tw est correctement indisponible car au moins une entrée est hors du domaine publié de Stull.","Aucune correction de données : conserver NC et afficher quelle entrée dépasse le domaine."
"512","Oman","sau","2153","bau","extension_exploratoire_post_2100","information","TW_HORS_DOMAINE_STULL","Tw est correctement indisponible car au moins une entrée est hors du domaine publié de Stull.","Aucune correction de données : conserver NC et afficher quelle entrée dépasse le domaine."
"356","India","ind","2153","bau","extension_exploratoire_post_2100","information","TW_HORS_DOMAINE_STULL","Tw est correctement indisponible car au moins une entrée est hors du domaine publié de Stull.","Aucune correction de données : conserver NC et afficher quelle entrée dépasse le domaine."
"064","Bhutan","ind","2153","bau","extension_exploratoire_post_2100","information","TW_HORS_DOMAINE_STULL","Tw est correctement indisponible car au moins une entrée est hors du domaine publié de Stull.","Aucune correction de données : conserver NC et afficher quelle entrée dépasse le domaine."
"524","Nepal","ind","2153","bau","extension_exploratoire_post_2100","information","TW_HORS_DOMAINE_STULL","Tw est correctement indisponible car au moins une entrée est hors du domaine publié de Stull.","Aucune correction de données : conserver NC et afficher quelle entrée dépasse le domaine."
"144","Sri Lanka","ind","2153","bau","extension_exploratoire_post_2100","information","TW_HORS_DOMAINE_STULL","Tw est correctement indisponible car au moins une entrée est hors du domaine publié de Stull.","Aucune correction de données : conserver NC et afficher quelle entrée dépasse le domaine."
"887","Yemen","sau","2153","bau","extension_exploratoire_post_2100","information","TW_HORS_DOMAINE_STULL","Tw est correctement indisponible car au moins une entrée est hors du domaine publié de Stull.","Aucune correction de données : conserver NC et afficher quelle entrée dépasse le domaine."
"682","Saudi Arabia","sau","2153","bau","extension_exploratoire_post_2100","information","TW_HORS_DOMAINE_STULL","Tw est correctement indisponible car au moins une entrée est hors du domaine publié de Stull.","Aucune correction de données : conserver NC et afficher quelle entrée dépasse le domaine."
"504","Morocco","nafr","2153","bau","extension_exploratoire_post_2100","information","TW_HORS_DOMAINE_STULL","Tw est correctement indisponible car au moins une entrée est hors du domaine publié de Stull.","Aucune correction de données : conserver NC et afficher quelle entrée dépasse le domaine."
"434","Libya","nafr","2153","bau","extension_exploratoire_post_2100","information","TW_HORS_DOMAINE_STULL","Tw est correctement indisponible car au moins une entrée est hors du domaine publié de Stull.","Aucune correction de données : conserver NC et afficher quelle entrée dépasse le domaine."
"732","W. Sahara","nafr","2154","bau","extension_exploratoire_post_2100","information","TW_HORS_DOMAINE_STULL","Tw est correctement indisponible car au moins une entrée est hors du domaine publié de Stull.","Aucune correction de données : conserver NC et afficher quelle entrée dépasse le domaine."
"788","Tunisia","nafr","2154","bau","extension_exploratoire_post_2100","information","TW_HORS_DOMAINE_STULL","Tw est correctement indisponible car au moins une entrée est hors du domaine publié de Stull.","Aucune correction de données : conserver NC et afficher quelle entrée dépasse le domaine."
"012","Algeria","nafr","2154","bau","extension_exploratoire_post_2100","information","TW_HORS_DOMAINE_STULL","Tw est correctement indisponible car au moins une entrée est hors du domaine publié de Stull.","Aucune correction de données : conserver NC et afficher quelle entrée dépasse le domaine."
"784","United Arab Emirates","sau","2154","bau","extension_exploratoire_post_2100","information","TW_HORS_DOMAINE_STULL","Tw est correctement indisponible car au moins une entrée est hors du domaine publié de Stull.","Aucune correction de données : conserver NC et afficher quelle entrée dépasse le domaine."
"634","Qatar","sau","2154","bau","extension_exploratoire_post_2100","information","TW_HORS_DOMAINE_STULL","Tw est correctement indisponible car au moins une entrée est hors du domaine publié de Stull.","Aucune correction de données : conserver NC et afficher quelle entrée dépasse le domaine."
"414","Kuwait","sau","2154","bau","extension_exploratoire_post_2100","information","TW_HORS_DOMAINE_STULL","Tw est correctement indisponible car au moins une entrée est hors du domaine publié de Stull.","Aucune correction de données : conserver NC et afficher quelle entrée dépasse le domaine."
"512","Oman","sau","2154","bau","extension_exploratoire_post_2100","information","TW_HORS_DOMAINE_STULL","Tw est correctement indisponible car au moins une entrée est hors du domaine publié de Stull.","Aucune correction de données : conserver NC et afficher quelle entrée dépasse le domaine."
"356","India","ind","2154","bau","extension_exploratoire_post_2100","information","TW_HORS_DOMAINE_STULL","Tw est correctement indisponible car au moins une entrée est hors du domaine publié de Stull.","Aucune correction de données : conserver NC et afficher quelle entrée dépasse le domaine."
"064","Bhutan","ind","2154","bau","extension_exploratoire_post_2100","information","TW_HORS_DOMAINE_STULL","Tw est correctement indisponible car au moins une entrée est hors du domaine publié de Stull.","Aucune correction de données : conserver NC et afficher quelle entrée dépasse le domaine."
"524","Nepal","ind","2154","bau","extension_exploratoire_post_2100","information","TW_HORS_DOMAINE_STULL","Tw est correctement indisponible car au moins une entrée est hors du domaine publié de Stull.","Aucune correction de données : conserver NC et afficher quelle entrée dépasse le domaine."
"144","Sri Lanka","ind","2154","bau","extension_exploratoire_post_2100","information","TW_HORS_DOMAINE_STULL","Tw est correctement indisponible car au moins une entrée est hors du domaine publié de Stull.","Aucune correction de données : conserver NC et afficher quelle entrée dépasse le domaine."
"887","Yemen","sau","2154","bau","extension_exploratoire_post_2100","information","TW_HORS_DOMAINE_STULL","Tw est correctement indisponible car au moins une entrée est hors du domaine publié de Stull.","Aucune correction de données : conserver NC et afficher quelle entrée dépasse le domaine."
"682","Saudi Arabia","sau","2154","bau","extension_exploratoire_post_2100","information","TW_HORS_DOMAINE_STULL","Tw est correctement indisponible car au moins une entrée est hors du domaine publié de Stull.","Aucune correction de données : conserver NC et afficher quelle entrée dépasse le domaine."
"504","Morocco","nafr","2154","bau","extension_exploratoire_post_2100","information","TW_HORS_DOMAINE_STULL","Tw est correctement indisponible car au moins une entrée est hors du domaine publié de Stull.","Aucune correction de données : conserver NC et afficher quelle entrée dépasse le domaine."
"434","Libya","nafr","2154","bau","extension_exploratoire_post_2100","information","TW_HORS_DOMAINE_STULL","Tw est correctement indisponible car au moins une entrée est hors du domaine publié de Stull.","Aucune correction de données : conserver NC et afficher quelle entrée dépasse le domaine."
"732","W. Sahara","nafr","2155","bau","extension_exploratoire_post_2100","information","TW_HORS_DOMAINE_STULL","Tw est correctement indisponible car au moins une entrée est hors du domaine publié de Stull.","Aucune correction de données : conserver NC et afficher quelle entrée dépasse le domaine."
"788","Tunisia","nafr","2155","bau","extension_exploratoire_post_2100","information","TW_HORS_DOMAINE_STULL","Tw est correctement indisponible car au moins une entrée est hors du domaine publié de Stull.","Aucune correction de données : conserver NC et afficher quelle entrée dépasse le domaine."
"012","Algeria","nafr","2155","bau","extension_exploratoire_post_2100","information","TW_HORS_DOMAINE_STULL","Tw est correctement indisponible car au moins une entrée est hors du domaine publié de Stull.","Aucune correction de données : conserver NC et afficher quelle entrée dépasse le domaine."
"784","United Arab Emirates","sau","2155","bau","extension_exploratoire_post_2100","information","TW_HORS_DOMAINE_STULL","Tw est correctement indisponible car au moins une entrée est hors du domaine publié de Stull.","Aucune correction de données : conserver NC et afficher quelle entrée dépasse le domaine."
"634","Qatar","sau","2155","bau","extension_exploratoire_post_2100","information","TW_HORS_DOMAINE_STULL","Tw est correctement indisponible car au moins une entrée est hors du domaine publié de Stull.","Aucune correction de données : conserver NC et afficher quelle entrée dépasse le domaine."
"414","Kuwait","sau","2155","bau","extension_exploratoire_post_2100","information","TW_HORS_DOMAINE_STULL","Tw est correctement indisponible car au moins une entrée est hors du domaine publié de Stull.","Aucune correction de données : conserver NC et afficher quelle entrée dépasse le domaine."
"512","Oman","sau","2155","bau","extension_exploratoire_post_2100","information","TW_HORS_DOMAINE_STULL","Tw est correctement indisponible car au moins une entrée est hors du domaine publié de Stull.","Aucune correction de données : conserver NC et afficher quelle entrée dépasse le domaine."
"356","India","ind","2155","bau","extension_exploratoire_post_2100","information","TW_HORS_DOMAINE_STULL","Tw est correctement indisponible car au moins une entrée est hors du domaine publié de Stull.","Aucune correction de données : conserver NC et afficher quelle entrée dépasse le domaine."
"064","Bhutan","ind","2155","bau","extension_exploratoire_post_2100","information","TW_HORS_DOMAINE_STULL","Tw est correctement indisponible car au moins une entrée est hors du domaine publié de Stull.","Aucune correction de données : conserver NC et afficher quelle entrée dépasse le domaine."
"524","Nepal","ind","2155","bau","extension_exploratoire_post_2100","information","TW_HORS_DOMAINE_STULL","Tw est correctement indisponible car au moins une entrée est hors du domaine publié de Stull.","Aucune correction de données : conserver NC et afficher quelle entrée dépasse le domaine."
"144","Sri Lanka","ind","2155","bau","extension_exploratoire_post_2100","information","TW_HORS_DOMAINE_STULL","Tw est correctement indisponible car au moins une entrée est hors du domaine publié de Stull.","Aucune correction de données : conserver NC et afficher quelle entrée dépasse le domaine."
"887","Yemen","sau","2155","bau","extension_exploratoire_post_2100","information","TW_HORS_DOMAINE_STULL","Tw est correctement indisponible car au moins une entrée est hors du domaine publié de Stull.","Aucune correction de données : conserver NC et afficher quelle entrée dépasse le domaine."
"682","Saudi Arabia","sau","2155","bau","extension_exploratoire_post_2100","information","TW_HORS_DOMAINE_STULL","Tw est correctement indisponible car au moins une entrée est hors du domaine publié de Stull.","Aucune correction de données : conserver NC et afficher quelle entrée dépasse le domaine."
"504","Morocco","nafr","2155","bau","extension_exploratoire_post_2100","information","TW_HORS_DOMAINE_STULL","Tw est correctement indisponible car au moins une entrée est hors du domaine publié de Stull.","Aucune correction de données : conserver NC et afficher quelle entrée dépasse le domaine."
"434","Libya","nafr","2155","bau","extension_exploratoire_post_2100","information","TW_HORS_DOMAINE_STULL","Tw est correctement indisponible car au moins une entrée est hors du domaine publié de Stull.","Aucune correction de données : conserver NC et afficher quelle entrée dépasse le domaine."
"732","W. Sahara","nafr","2156","bau","extension_exploratoire_post_2100","information","TW_HORS_DOMAINE_STULL","Tw est correctement indisponible car au moins une entrée est hors du domaine publié de Stull.","Aucune correction de données : conserver NC et afficher quelle entrée dépasse le domaine."
"788","Tunisia","nafr","2156","bau","extension_exploratoire_post_2100","information","TW_HORS_DOMAINE_STULL","Tw est correctement indisponible car au moins une entrée est hors du domaine publié de Stull.","Aucune correction de données : conserver NC et afficher quelle entrée dépasse le domaine."
"012","Algeria","nafr","2156","bau","extension_exploratoire_post_2100","information","TW_HORS_DOMAINE_STULL","Tw est correctement indisponible car au moins une entrée est hors du domaine publié de Stull.","Aucune correction de données : conserver NC et afficher quelle entrée dépasse le domaine."
"784","United Arab Emirates","sau","2156","bau","extension_exploratoire_post_2100","information","TW_HORS_DOMAINE_STULL","Tw est correctement indisponible car au moins une entrée est hors du domaine publié de Stull.","Aucune correction de données : conserver NC et afficher quelle entrée dépasse le domaine."
"634","Qatar","sau","2156","bau","extension_exploratoire_post_2100","information","TW_HORS_DOMAINE_STULL","Tw est correctement indisponible car au moins une entrée est hors du domaine publié de Stull.","Aucune correction de données : conserver NC et afficher quelle entrée dépasse le domaine."
"414","Kuwait","sau","2156","bau","extension_exploratoire_post_2100","information","TW_HORS_DOMAINE_STULL","Tw est correctement indisponible car au moins une entrée est hors du domaine publié de Stull.","Aucune correction de données : conserver NC et afficher quelle entrée dépasse le domaine."
"512","Oman","sau","2156","bau","extension_exploratoire_post_2100","information","TW_HORS_DOMAINE_STULL","Tw est correctement indisponible car au moins une entrée est hors du domaine publié de Stull.","Aucune correction de données : conserver NC et afficher quelle entrée dépasse le domaine."
"356","India","ind","2156","bau","extension_exploratoire_post_2100","information","TW_HORS_DOMAINE_STULL","Tw est correctement indisponible car au moins une entrée est hors du domaine publié de Stull.","Aucune correction de données : conserver NC et afficher quelle entrée dépasse le domaine."
"064","Bhutan","ind","2156","bau","extension_exploratoire_post_2100","information","TW_HORS_DOMAINE_STULL","Tw est correctement indisponible car au moins une entrée est hors du domaine publié de Stull.","Aucune correction de données : conserver NC et afficher quelle entrée dépasse le domaine."
"524","Nepal","ind","2156","bau","extension_exploratoire_post_2100","information","TW_HORS_DOMAINE_STULL","Tw est correctement indisponible car au moins une entrée est hors du domaine publié de Stull.","Aucune correction de données : conserver NC et afficher quelle entrée dépasse le domaine."
"144","Sri Lanka","ind","2156","bau","extension_exploratoire_post_2100","information","TW_HORS_DOMAINE_STULL","Tw est correctement indisponible car au moins une entrée est hors du domaine publié de Stull.","Aucune correction de données : conserver NC et afficher quelle entrée dépasse le domaine."
"887","Yemen","sau","2156","bau","extension_exploratoire_post_2100","information","TW_HORS_DOMAINE_STULL","Tw est correctement indisponible car au moins une entrée est hors du domaine publié de Stull.","Aucune correction de données : conserver NC et afficher quelle entrée dépasse le domaine."
"682","Saudi Arabia","sau","2156","bau","extension_exploratoire_post_2100","information","TW_HORS_DOMAINE_STULL","Tw est correctement indisponible car au moins une entrée est hors du domaine publié de Stull.","Aucune correction de données : conserver NC et afficher quelle entrée dépasse le domaine."
"504","Morocco","nafr","2156","bau","extension_exploratoire_post_2100","information","TW_HORS_DOMAINE_STULL","Tw est correctement indisponible car au moins une entrée est hors du domaine publié de Stull.","Aucune correction de données : conserver NC et afficher quelle entrée dépasse le domaine."
"434","Libya","nafr","2156","bau","extension_exploratoire_post_2100","information","TW_HORS_DOMAINE_STULL","Tw est correctement indisponible car au moins une entrée est hors du domaine publié de Stull.","Aucune correction de données : conserver NC et afficher quelle entrée dépasse le domaine."
"732","W. Sahara","nafr","2157","bau","extension_exploratoire_post_2100","information","TW_HORS_DOMAINE_STULL","Tw est correctement indisponible car au moins une entrée est hors du domaine publié de Stull.","Aucune correction de données : conserver NC et afficher quelle entrée dépasse le domaine."
"788","Tunisia","nafr","2157","bau","extension_exploratoire_post_2100","information","TW_HORS_DOMAINE_STULL","Tw est correctement indisponible car au moins une entrée est hors du domaine publié de Stull.","Aucune correction de données : conserver NC et afficher quelle entrée dépasse le domaine."
"012","Algeria","nafr","2157","bau","extension_exploratoire_post_2100","information","TW_HORS_DOMAINE_STULL","Tw est correctement indisponible car au moins une entrée est hors du domaine publié de Stull.","Aucune correction de données : conserver NC et afficher quelle entrée dépasse le domaine."
"784","United Arab Emirates","sau","2157","bau","extension_exploratoire_post_2100","information","TW_HORS_DOMAINE_STULL","Tw est correctement indisponible car au moins une entrée est hors du domaine publié de Stull.","Aucune correction de données : conserver NC et afficher quelle entrée dépasse le domaine."
"634","Qatar","sau","2157","bau","extension_exploratoire_post_2100","information","TW_HORS_DOMAINE_STULL","Tw est correctement indisponible car au moins une entrée est hors du domaine publié de Stull.","Aucune correction de données : conserver NC et afficher quelle entrée dépasse le domaine."
"414","Kuwait","sau","2157","bau","extension_exploratoire_post_2100","information","TW_HORS_DOMAINE_STULL","Tw est correctement indisponible car au moins une entrée est hors du domaine publié de Stull.","Aucune correction de données : conserver NC et afficher quelle entrée dépasse le domaine."
"512","Oman","sau","2157","bau","extension_exploratoire_post_2100","information","TW_HORS_DOMAINE_STULL","Tw est correctement indisponible car au moins une entrée est hors du domaine publié de Stull.","Aucune correction de données : conserver NC et afficher quelle entrée dépasse le domaine."
"356","India","ind","2157","bau","extension_exploratoire_post_2100","information","TW_HORS_DOMAINE_STULL","Tw est correctement indisponible car au moins une entrée est hors du domaine publié de Stull.","Aucune correction de données : conserver NC et afficher quelle entrée dépasse le domaine."
"064","Bhutan","ind","2157","bau","extension_exploratoire_post_2100","information","TW_HORS_DOMAINE_STULL","Tw est correctement indisponible car au moins une entrée est hors du domaine publié de Stull.","Aucune correction de données : conserver NC et afficher quelle entrée dépasse le domaine."
"524","Nepal","ind","2157","bau","extension_exploratoire_post_2100","information","TW_HORS_DOMAINE_STULL","Tw est correctement indisponible car au moins une entrée est hors du domaine publié de Stull.","Aucune correction de données : conserver NC et afficher quelle entrée dépasse le domaine."
"144","Sri Lanka","ind","2157","bau","extension_exploratoire_post_2100","information","TW_HORS_DOMAINE_STULL","Tw est correctement indisponible car au moins une entrée est hors du domaine publié de Stull.","Aucune correction de données : conserver NC et afficher quelle entrée dépasse le domaine."
"887","Yemen","sau","2157","bau","extension_exploratoire_post_2100","information","TW_HORS_DOMAINE_STULL","Tw est correctement indisponible car au moins une entrée est hors du domaine publié de Stull.","Aucune correction de données : conserver NC et afficher quelle entrée dépasse le domaine."
"682","Saudi Arabia","sau","2157","bau","extension_exploratoire_post_2100","information","TW_HORS_DOMAINE_STULL","Tw est correctement indisponible car au moins une entrée est hors du domaine publié de Stull.","Aucune correction de données : conserver NC et afficher quelle entrée dépasse le domaine."
"504","Morocco","nafr","2157","bau","extension_exploratoire_post_2100","information","TW_HORS_DOMAINE_STULL","Tw est correctement indisponible car au moins une entrée est hors du domaine publié de Stull.","Aucune correction de données : conserver NC et afficher quelle entrée dépasse le domaine."
"434","Libya","nafr","2157","bau","extension_exploratoire_post_2100","information","TW_HORS_DOMAINE_STULL","Tw est correctement indisponible car au moins une entrée est hors du domaine publié de Stull.","Aucune correction de données : conserver NC et afficher quelle entrée dépasse le domaine."
"732","W. Sahara","nafr","2158","bau","extension_exploratoire_post_2100","information","TW_HORS_DOMAINE_STULL","Tw est correctement indisponible car au moins une entrée est hors du domaine publié de Stull.","Aucune correction de données : conserver NC et afficher quelle entrée dépasse le domaine."
"788","Tunisia","nafr","2158","bau","extension_exploratoire_post_2100","information","TW_HORS_DOMAINE_STULL","Tw est correctement indisponible car au moins une entrée est hors du domaine publié de Stull.","Aucune correction de données : conserver NC et afficher quelle entrée dépasse le domaine."
"012","Algeria","nafr","2158","bau","extension_exploratoire_post_2100","information","TW_HORS_DOMAINE_STULL","Tw est correctement indisponible car au moins une entrée est hors du domaine publié de Stull.","Aucune correction de données : conserver NC et afficher quelle entrée dépasse le domaine."
"784","United Arab Emirates","sau","2158","bau","extension_exploratoire_post_2100","information","TW_HORS_DOMAINE_STULL","Tw est correctement indisponible car au moins une entrée est hors du domaine publié de Stull.","Aucune correction de données : conserver NC et afficher quelle entrée dépasse le domaine."
"634","Qatar","sau","2158","bau","extension_exploratoire_post_2100","information","TW_HORS_DOMAINE_STULL","Tw est correctement indisponible car au moins une entrée est hors du domaine publié de Stull.","Aucune correction de données : conserver NC et afficher quelle entrée dépasse le domaine."
"414","Kuwait","sau","2158","bau","extension_exploratoire_post_2100","information","TW_HORS_DOMAINE_STULL","Tw est correctement indisponible car au moins une entrée est hors du domaine publié de Stull.","Aucune correction de données : conserver NC et afficher quelle entrée dépasse le domaine."
"512","Oman","sau","2158","bau","extension_exploratoire_post_2100","information","TW_HORS_DOMAINE_STULL","Tw est correctement indisponible car au moins une entrée est hors du domaine publié de Stull.","Aucune correction de données : conserver NC et afficher quelle entrée dépasse le domaine."
"356","India","ind","2158","bau","extension_exploratoire_post_2100","information","TW_HORS_DOMAINE_STULL","Tw est correctement indisponible car au moins une entrée est hors du domaine publié de Stull.","Aucune correction de données : conserver NC et afficher quelle entrée dépasse le domaine."
"064","Bhutan","ind","2158","bau","extension_exploratoire_post_2100","information","TW_HORS_DOMAINE_STULL","Tw est correctement indisponible car au moins une entrée est hors du domaine publié de Stull.","Aucune correction de données : conserver NC et afficher quelle entrée dépasse le domaine."
"524","Nepal","ind","2158","bau","extension_exploratoire_post_2100","information","TW_HORS_DOMAINE_STULL","Tw est correctement indisponible car au moins une entrée est hors du domaine publié de Stull.","Aucune correction de données : conserver NC et afficher quelle entrée dépasse le domaine."
"144","Sri Lanka","ind","2158","bau","extension_exploratoire_post_2100","information","TW_HORS_DOMAINE_STULL","Tw est correctement indisponible car au moins une entrée est hors du domaine publié de Stull.","Aucune correction de données : conserver NC et afficher quelle entrée dépasse le domaine."
"887","Yemen","sau","2158","bau","extension_exploratoire_post_2100","information","TW_HORS_DOMAINE_STULL","Tw est correctement indisponible car au moins une entrée est hors du domaine publié de Stull.","Aucune correction de données : conserver NC et afficher quelle entrée dépasse le domaine."
"682","Saudi Arabia","sau","2158","bau","extension_exploratoire_post_2100","information","TW_HORS_DOMAINE_STULL","Tw est correctement indisponible car au moins une entrée est hors du domaine publié de Stull.","Aucune correction de données : conserver NC et afficher quelle entrée dépasse le domaine."
"504","Morocco","nafr","2158","bau","extension_exploratoire_post_2100","information","TW_HORS_DOMAINE_STULL","Tw est correctement indisponible car au moins une entrée est hors du domaine publié de Stull.","Aucune correction de données : conserver NC et afficher quelle entrée dépasse le domaine."
"434","Libya","nafr","2158","bau","extension_exploratoire_post_2100","information","TW_HORS_DOMAINE_STULL","Tw est correctement indisponible car au moins une entrée est hors du domaine publié de Stull.","Aucune correction de données : conserver NC et afficher quelle entrée dépasse le domaine."
"732","W. Sahara","nafr","2159","bau","extension_exploratoire_post_2100","information","TW_HORS_DOMAINE_STULL","Tw est correctement indisponible car au moins une entrée est hors du domaine publié de Stull.","Aucune correction de données : conserver NC et afficher quelle entrée dépasse le domaine."
"788","Tunisia","nafr","2159","bau","extension_exploratoire_post_2100","information","TW_HORS_DOMAINE_STULL","Tw est correctement indisponible car au moins une entrée est hors du domaine publié de Stull.","Aucune correction de données : conserver NC et afficher quelle entrée dépasse le domaine."
"012","Algeria","nafr","2159","bau","extension_exploratoire_post_2100","information","TW_HORS_DOMAINE_STULL","Tw est correctement indisponible car au moins une entrée est hors du domaine publié de Stull.","Aucune correction de données : conserver NC et afficher quelle entrée dépasse le domaine."
"784","United Arab Emirates","sau","2159","bau","extension_exploratoire_post_2100","information","TW_HORS_DOMAINE_STULL","Tw est correctement indisponible car au moins une entrée est hors du domaine publié de Stull.","Aucune correction de données : conserver NC et afficher quelle entrée dépasse le domaine."
"634","Qatar","sau","2159","bau","extension_exploratoire_post_2100","information","TW_HORS_DOMAINE_STULL","Tw est correctement indisponible car au moins une entrée est hors du domaine publié de Stull.","Aucune correction de données : conserver NC et afficher quelle entrée dépasse le domaine."
"414","Kuwait","sau","2159","bau","extension_exploratoire_post_2100","information","TW_HORS_DOMAINE_STULL","Tw est correctement indisponible car au moins une entrée est hors du domaine publié de Stull.","Aucune correction de données : conserver NC et afficher quelle entrée dépasse le domaine."
"512","Oman","sau","2159","bau","extension_exploratoire_post_2100","information","TW_HORS_DOMAINE_STULL","Tw est correctement indisponible car au moins une entrée est hors du domaine publié de Stull.","Aucune correction de données : conserver NC et afficher quelle entrée dépasse le domaine."
"356","India","ind","2159","bau","extension_exploratoire_post_2100","information","TW_HORS_DOMAINE_STULL","Tw est correctement indisponible car au moins une entrée est hors du domaine publié de Stull.","Aucune correction de données : conserver NC et afficher quelle entrée dépasse le domaine."
"064","Bhutan","ind","2159","bau","extension_exploratoire_post_2100","information","TW_HORS_DOMAINE_STULL","Tw est correctement indisponible car au moins une entrée est hors du domaine publié de Stull.","Aucune correction de données : conserver NC et afficher quelle entrée dépasse le domaine."
"524","Nepal","ind","2159","bau","extension_exploratoire_post_2100","information","TW_HORS_DOMAINE_STULL","Tw est correctement indisponible car au moins une entrée est hors du domaine publié de Stull.","Aucune correction de données : conserver NC et afficher quelle entrée dépasse le domaine."
"144","Sri Lanka","ind","2159","bau","extension_exploratoire_post_2100","information","TW_HORS_DOMAINE_STULL","Tw est correctement indisponible car au moins une entrée est hors du domaine publié de Stull.","Aucune correction de données : conserver NC et afficher quelle entrée dépasse le domaine."
"887","Yemen","sau","2159","bau","extension_exploratoire_post_2100","information","TW_HORS_DOMAINE_STULL","Tw est correctement indisponible car au moins une entrée est hors du domaine publié de Stull.","Aucune correction de données : conserver NC et afficher quelle entrée dépasse le domaine."
"682","Saudi Arabia","sau","2159","bau","extension_exploratoire_post_2100","information","TW_HORS_DOMAINE_STULL","Tw est correctement indisponible car au moins une entrée est hors du domaine publié de Stull.","Aucune correction de données : conserver NC et afficher quelle entrée dépasse le domaine."
"504","Morocco","nafr","2159","bau","extension_exploratoire_post_2100","information","TW_HORS_DOMAINE_STULL","Tw est correctement indisponible car au moins une entrée est hors du domaine publié de Stull.","Aucune correction de données : conserver NC et afficher quelle entrée dépasse le domaine."
"434","Libya","nafr","2159","bau","extension_exploratoire_post_2100","information","TW_HORS_DOMAINE_STULL","Tw est correctement indisponible car au moins une entrée est hors du domaine publié de Stull.","Aucune correction de données : conserver NC et afficher quelle entrée dépasse le domaine."
"732","W. Sahara","nafr","2160","bau","extension_exploratoire_post_2100","information","TW_HORS_DOMAINE_STULL","Tw est correctement indisponible car au moins une entrée est hors du domaine publié de Stull.","Aucune correction de données : conserver NC et afficher quelle entrée dépasse le domaine."
"788","Tunisia","nafr","2160","bau","extension_exploratoire_post_2100","information","TW_HORS_DOMAINE_STULL","Tw est correctement indisponible car au moins une entrée est hors du domaine publié de Stull.","Aucune correction de données : conserver NC et afficher quelle entrée dépasse le domaine."
"012","Algeria","nafr","2160","bau","extension_exploratoire_post_2100","information","TW_HORS_DOMAINE_STULL","Tw est correctement indisponible car au moins une entrée est hors du domaine publié de Stull.","Aucune correction de données : conserver NC et afficher quelle entrée dépasse le domaine."
"784","United Arab Emirates","sau","2160","bau","extension_exploratoire_post_2100","information","TW_HORS_DOMAINE_STULL","Tw est correctement indisponible car au moins une entrée est hors du domaine publié de Stull.","Aucune correction de données : conserver NC et afficher quelle entrée dépasse le domaine."
"634","Qatar","sau","2160","bau","extension_exploratoire_post_2100","information","TW_HORS_DOMAINE_STULL","Tw est correctement indisponible car au moins une entrée est hors du domaine publié de Stull.","Aucune correction de données : conserver NC et afficher quelle entrée dépasse le domaine."
"414","Kuwait","sau","2160","bau","extension_exploratoire_post_2100","information","TW_HORS_DOMAINE_STULL","Tw est correctement indisponible car au moins une entrée est hors du domaine publié de Stull.","Aucune correction de données : conserver NC et afficher quelle entrée dépasse le domaine."
"512","Oman","sau","2160","bau","extension_exploratoire_post_2100","information","TW_HORS_DOMAINE_STULL","Tw est correctement indisponible car au moins une entrée est hors du domaine publié de Stull.","Aucune correction de données : conserver NC et afficher quelle entrée dépasse le domaine."
"356","India","ind","2160","bau","extension_exploratoire_post_2100","information","TW_HORS_DOMAINE_STULL","Tw est correctement indisponible car au moins une entrée est hors du domaine publié de Stull.","Aucune correction de données : conserver NC et afficher quelle entrée dépasse le domaine."
"064","Bhutan","ind","2160","bau","extension_exploratoire_post_2100","information","TW_HORS_DOMAINE_STULL","Tw est correctement indisponible car au moins une entrée est hors du domaine publié de Stull.","Aucune correction de données : conserver NC et afficher quelle entrée dépasse le domaine."
"524","Nepal","ind","2160","bau","extension_exploratoire_post_2100","information","TW_HORS_DOMAINE_STULL","Tw est correctement indisponible car au moins une entrée est hors du domaine publié de Stull.","Aucune correction de données : conserver NC et afficher quelle entrée dépasse le domaine."
"144","Sri Lanka","ind","2160","bau","extension_exploratoire_post_2100","information","TW_HORS_DOMAINE_STULL","Tw est correctement indisponible car au moins une entrée est hors du domaine publié de Stull.","Aucune correction de données : conserver NC et afficher quelle entrée dépasse le domaine."
"887","Yemen","sau","2160","bau","extension_exploratoire_post_2100","information","TW_HORS_DOMAINE_STULL","Tw est correctement indisponible car au moins une entrée est hors du domaine publié de Stull.","Aucune correction de données : conserver NC et afficher quelle entrée dépasse le domaine."
"682","Saudi Arabia","sau","2160","bau","extension_exploratoire_post_2100","information","TW_HORS_DOMAINE_STULL","Tw est correctement indisponible car au moins une entrée est hors du domaine publié de Stull.","Aucune correction de données : conserver NC et afficher quelle entrée dépasse le domaine."
"504","Morocco","nafr","2160","bau","extension_exploratoire_post_2100","information","TW_HORS_DOMAINE_STULL","Tw est correctement indisponible car au moins une entrée est hors du domaine publié de Stull.","Aucune correction de données : conserver NC et afficher quelle entrée dépasse le domaine."
"434","Libya","nafr","2160","bau","extension_exploratoire_post_2100","information","TW_HORS_DOMAINE_STULL","Tw est correctement indisponible car au moins une entrée est hors du domaine publié de Stull.","Aucune correction de données : conserver NC et afficher quelle entrée dépasse le domaine."
"732","W. Sahara","nafr","2161","bau","extension_exploratoire_post_2100","information","TW_HORS_DOMAINE_STULL","Tw est correctement indisponible car au moins une entrée est hors du domaine publié de Stull.","Aucune correction de données : conserver NC et afficher quelle entrée dépasse le domaine."
"788","Tunisia","nafr","2161","bau","extension_exploratoire_post_2100","information","TW_HORS_DOMAINE_STULL","Tw est correctement indisponible car au moins une entrée est hors du domaine publié de Stull.","Aucune correction de données : conserver NC et afficher quelle entrée dépasse le domaine."
"012","Algeria","nafr","2161","bau","extension_exploratoire_post_2100","information","TW_HORS_DOMAINE_STULL","Tw est correctement indisponible car au moins une entrée est hors du domaine publié de Stull.","Aucune correction de données : conserver NC et afficher quelle entrée dépasse le domaine."
"784","United Arab Emirates","sau","2161","bau","extension_exploratoire_post_2100","information","TW_HORS_DOMAINE_STULL","Tw est correctement indisponible car au moins une entrée est hors du domaine publié de Stull.","Aucune correction de données : conserver NC et afficher quelle entrée dépasse le domaine."
"634","Qatar","sau","2161","bau","extension_exploratoire_post_2100","information","TW_HORS_DOMAINE_STULL","Tw est correctement indisponible car au moins une entrée est hors du domaine publié de Stull.","Aucune correction de données : conserver NC et afficher quelle entrée dépasse le domaine."
"414","Kuwait","sau","2161","bau","extension_exploratoire_post_2100","information","TW_HORS_DOMAINE_STULL","Tw est correctement indisponible car au moins une entrée est hors du domaine publié de Stull.","Aucune correction de données : conserver NC et afficher quelle entrée dépasse le domaine."
"512","Oman","sau","2161","bau","extension_exploratoire_post_2100","information","TW_HORS_DOMAINE_STULL","Tw est correctement indisponible car au moins une entrée est hors du domaine publié de Stull.","Aucune correction de données : conserver NC et afficher quelle entrée dépasse le domaine."
"356","India","ind","2161","bau","extension_exploratoire_post_2100","information","TW_HORS_DOMAINE_STULL","Tw est correctement indisponible car au moins une entrée est hors du domaine publié de Stull.","Aucune correction de données : conserver NC et afficher quelle entrée dépasse le domaine."
"064","Bhutan","ind","2161","bau","extension_exploratoire_post_2100","information","TW_HORS_DOMAINE_STULL","Tw est correctement indisponible car au moins une entrée est hors du domaine publié de Stull.","Aucune correction de données : conserver NC et afficher quelle entrée dépasse le domaine."
"524","Nepal","ind","2161","bau","extension_exploratoire_post_2100","information","TW_HORS_DOMAINE_STULL","Tw est correctement indisponible car au moins une entrée est hors du domaine publié de Stull.","Aucune correction de données : conserver NC et afficher quelle entrée dépasse le domaine."
"144","Sri Lanka","ind","2161","bau","extension_exploratoire_post_2100","information","TW_HORS_DOMAINE_STULL","Tw est correctement indisponible car au moins une entrée est hors du domaine publié de Stull.","Aucune correction de données : conserver NC et afficher quelle entrée dépasse le domaine."
"887","Yemen","sau","2161","bau","extension_exploratoire_post_2100","information","TW_HORS_DOMAINE_STULL","Tw est correctement indisponible car au moins une entrée est hors du domaine publié de Stull.","Aucune correction de données : conserver NC et afficher quelle entrée dépasse le domaine."
"682","Saudi Arabia","sau","2161","bau","extension_exploratoire_post_2100","information","TW_HORS_DOMAINE_STULL","Tw est correctement indisponible car au moins une entrée est hors du domaine publié de Stull.","Aucune correction de données : conserver NC et afficher quelle entrée dépasse le domaine."
"504","Morocco","nafr","2161","bau","extension_exploratoire_post_2100","information","TW_HORS_DOMAINE_STULL","Tw est correctement indisponible car au moins une entrée est hors du domaine publié de Stull.","Aucune correction de données : conserver NC et afficher quelle entrée dépasse le domaine."
"434","Libya","nafr","2161","bau","extension_exploratoire_post_2100","information","TW_HORS_DOMAINE_STULL","Tw est correctement indisponible car au moins une entrée est hors du domaine publié de Stull.","Aucune correction de données : conserver NC et afficher quelle entrée dépasse le domaine."
"732","W. Sahara","nafr","2162","bau","extension_exploratoire_post_2100","information","TW_HORS_DOMAINE_STULL","Tw est correctement indisponible car au moins une entrée est hors du domaine publié de Stull.","Aucune correction de données : conserver NC et afficher quelle entrée dépasse le domaine."
"788","Tunisia","nafr","2162","bau","extension_exploratoire_post_2100","information","TW_HORS_DOMAINE_STULL","Tw est correctement indisponible car au moins une entrée est hors du domaine publié de Stull.","Aucune correction de données : conserver NC et afficher quelle entrée dépasse le domaine."
"012","Algeria","nafr","2162","bau","extension_exploratoire_post_2100","information","TW_HORS_DOMAINE_STULL","Tw est correctement indisponible car au moins une entrée est hors du domaine publié de Stull.","Aucune correction de données : conserver NC et afficher quelle entrée dépasse le domaine."
"784","United Arab Emirates","sau","2162","bau","extension_exploratoire_post_2100","information","TW_HORS_DOMAINE_STULL","Tw est correctement indisponible car au moins une entrée est hors du domaine publié de Stull.","Aucune correction de données : conserver NC et afficher quelle entrée dépasse le domaine."
"634","Qatar","sau","2162","bau","extension_exploratoire_post_2100","information","TW_HORS_DOMAINE_STULL","Tw est correctement indisponible car au moins une entrée est hors du domaine publié de Stull.","Aucune correction de données : conserver NC et afficher quelle entrée dépasse le domaine."
"414","Kuwait","sau","2162","bau","extension_exploratoire_post_2100","information","TW_HORS_DOMAINE_STULL","Tw est correctement indisponible car au moins une entrée est hors du domaine publié de Stull.","Aucune correction de données : conserver NC et afficher quelle entrée dépasse le domaine."
"512","Oman","sau","2162","bau","extension_exploratoire_post_2100","information","TW_HORS_DOMAINE_STULL","Tw est correctement indisponible car au moins une entrée est hors du domaine publié de Stull.","Aucune correction de données : conserver NC et afficher quelle entrée dépasse le domaine."
"356","India","ind","2162","bau","extension_exploratoire_post_2100","information","TW_HORS_DOMAINE_STULL","Tw est correctement indisponible car au moins une entrée est hors du domaine publié de Stull.","Aucune correction de données : conserver NC et afficher quelle entrée dépasse le domaine."
"064","Bhutan","ind","2162","bau","extension_exploratoire_post_2100","information","TW_HORS_DOMAINE_STULL","Tw est correctement indisponible car au moins une entrée est hors du domaine publié de Stull.","Aucune correction de données : conserver NC et afficher quelle entrée dépasse le domaine."
"524","Nepal","ind","2162","bau","extension_exploratoire_post_2100","information","TW_HORS_DOMAINE_STULL","Tw est correctement indisponible car au moins une entrée est hors du domaine publié de Stull.","Aucune correction de données : conserver NC et afficher quelle entrée dépasse le domaine."
"144","Sri Lanka","ind","2162","bau","extension_exploratoire_post_2100","information","TW_HORS_DOMAINE_STULL","Tw est correctement indisponible car au moins une entrée est hors du domaine publié de Stull.","Aucune correction de données : conserver NC et afficher quelle entrée dépasse le domaine."
"887","Yemen","sau","2162","bau","extension_exploratoire_post_2100","information","TW_HORS_DOMAINE_STULL","Tw est correctement indisponible car au moins une entrée est hors du domaine publié de Stull.","Aucune correction de données : conserver NC et afficher quelle entrée dépasse le domaine."
"682","Saudi Arabia","sau","2162","bau","extension_exploratoire_post_2100","information","TW_HORS_DOMAINE_STULL","Tw est correctement indisponible car au moins une entrée est hors du domaine publié de Stull.","Aucune correction de données : conserver NC et afficher quelle entrée dépasse le domaine."
"504","Morocco","nafr","2162","bau","extension_exploratoire_post_2100","information","TW_HORS_DOMAINE_STULL","Tw est correctement indisponible car au moins une entrée est hors du domaine publié de Stull.","Aucune correction de données : conserver NC et afficher quelle entrée dépasse le domaine."
"434","Libya","nafr","2162","bau","extension_exploratoire_post_2100","information","TW_HORS_DOMAINE_STULL","Tw est correctement indisponible car au moins une entrée est hors du domaine publié de Stull.","Aucune correction de données : conserver NC et afficher quelle entrée dépasse le domaine."
"732","W. Sahara","nafr","2163","bau","extension_exploratoire_post_2100","information","TW_HORS_DOMAINE_STULL","Tw est correctement indisponible car au moins une entrée est hors du domaine publié de Stull.","Aucune correction de données : conserver NC et afficher quelle entrée dépasse le domaine."
"788","Tunisia","nafr","2163","bau","extension_exploratoire_post_2100","information","TW_HORS_DOMAINE_STULL","Tw est correctement indisponible car au moins une entrée est hors du domaine publié de Stull.","Aucune correction de données : conserver NC et afficher quelle entrée dépasse le domaine."
"012","Algeria","nafr","2163","bau","extension_exploratoire_post_2100","information","TW_HORS_DOMAINE_STULL","Tw est correctement indisponible car au moins une entrée est hors du domaine publié de Stull.","Aucune correction de données : conserver NC et afficher quelle entrée dépasse le domaine."
"784","United Arab Emirates","sau","2163","bau","extension_exploratoire_post_2100","information","TW_HORS_DOMAINE_STULL","Tw est correctement indisponible car au moins une entrée est hors du domaine publié de Stull.","Aucune correction de données : conserver NC et afficher quelle entrée dépasse le domaine."
"634","Qatar","sau","2163","bau","extension_exploratoire_post_2100","information","TW_HORS_DOMAINE_STULL","Tw est correctement indisponible car au moins une entrée est hors du domaine publié de Stull.","Aucune correction de données : conserver NC et afficher quelle entrée dépasse le domaine."
"414","Kuwait","sau","2163","bau","extension_exploratoire_post_2100","information","TW_HORS_DOMAINE_STULL","Tw est correctement indisponible car au moins une entrée est hors du domaine publié de Stull.","Aucune correction de données : conserver NC et afficher quelle entrée dépasse le domaine."
"512","Oman","sau","2163","bau","extension_exploratoire_post_2100","information","TW_HORS_DOMAINE_STULL","Tw est correctement indisponible car au moins une entrée est hors du domaine publié de Stull.","Aucune correction de données : conserver NC et afficher quelle entrée dépasse le domaine."
"356","India","ind","2163","bau","extension_exploratoire_post_2100","information","TW_HORS_DOMAINE_STULL","Tw est correctement indisponible car au moins une entrée est hors du domaine publié de Stull.","Aucune correction de données : conserver NC et afficher quelle entrée dépasse le domaine."
"064","Bhutan","ind","2163","bau","extension_exploratoire_post_2100","information","TW_HORS_DOMAINE_STULL","Tw est correctement indisponible car au moins une entrée est hors du domaine publié de Stull.","Aucune correction de données : conserver NC et afficher quelle entrée dépasse le domaine."
"524","Nepal","ind","2163","bau","extension_exploratoire_post_2100","information","TW_HORS_DOMAINE_STULL","Tw est correctement indisponible car au moins une entrée est hors du domaine publié de Stull.","Aucune correction de données : conserver NC et afficher quelle entrée dépasse le domaine."
"144","Sri Lanka","ind","2163","bau","extension_exploratoire_post_2100","information","TW_HORS_DOMAINE_STULL","Tw est correctement indisponible car au moins une entrée est hors du domaine publié de Stull.","Aucune correction de données : conserver NC et afficher quelle entrée dépasse le domaine."
"887","Yemen","sau","2163","bau","extension_exploratoire_post_2100","information","TW_HORS_DOMAINE_STULL","Tw est correctement indisponible car au moins une entrée est hors du domaine publié de Stull.","Aucune correction de données : conserver NC et afficher quelle entrée dépasse le domaine."
"682","Saudi Arabia","sau","2163","bau","extension_exploratoire_post_2100","information","TW_HORS_DOMAINE_STULL","Tw est correctement indisponible car au moins une entrée est hors du domaine publié de Stull.","Aucune correction de données : conserver NC et afficher quelle entrée dépasse le domaine."
"504","Morocco","nafr","2163","bau","extension_exploratoire_post_2100","information","TW_HORS_DOMAINE_STULL","Tw est correctement indisponible car au moins une entrée est hors du domaine publié de Stull.","Aucune correction de données : conserver NC et afficher quelle entrée dépasse le domaine."
"434","Libya","nafr","2163","bau","extension_exploratoire_post_2100","information","TW_HORS_DOMAINE_STULL","Tw est correctement indisponible car au moins une entrée est hors du domaine publié de Stull.","Aucune correction de données : conserver NC et afficher quelle entrée dépasse le domaine."
"732","W. Sahara","nafr","2164","bau","extension_exploratoire_post_2100","information","TW_HORS_DOMAINE_STULL","Tw est correctement indisponible car au moins une entrée est hors du domaine publié de Stull.","Aucune correction de données : conserver NC et afficher quelle entrée dépasse le domaine."
"788","Tunisia","nafr","2164","bau","extension_exploratoire_post_2100","information","TW_HORS_DOMAINE_STULL","Tw est correctement indisponible car au moins une entrée est hors du domaine publié de Stull.","Aucune correction de données : conserver NC et afficher quelle entrée dépasse le domaine."
"012","Algeria","nafr","2164","bau","extension_exploratoire_post_2100","information","TW_HORS_DOMAINE_STULL","Tw est correctement indisponible car au moins une entrée est hors du domaine publié de Stull.","Aucune correction de données : conserver NC et afficher quelle entrée dépasse le domaine."
"784","United Arab Emirates","sau","2164","bau","extension_exploratoire_post_2100","information","TW_HORS_DOMAINE_STULL","Tw est correctement indisponible car au moins une entrée est hors du domaine publié de Stull.","Aucune correction de données : conserver NC et afficher quelle entrée dépasse le domaine."
"634","Qatar","sau","2164","bau","extension_exploratoire_post_2100","information","TW_HORS_DOMAINE_STULL","Tw est correctement indisponible car au moins une entrée est hors du domaine publié de Stull.","Aucune correction de données : conserver NC et afficher quelle entrée dépasse le domaine."
"414","Kuwait","sau","2164","bau","extension_exploratoire_post_2100","information","TW_HORS_DOMAINE_STULL","Tw est correctement indisponible car au moins une entrée est hors du domaine publié de Stull.","Aucune correction de données : conserver NC et afficher quelle entrée dépasse le domaine."
"512","Oman","sau","2164","bau","extension_exploratoire_post_2100","information","TW_HORS_DOMAINE_STULL","Tw est correctement indisponible car au moins une entrée est hors du domaine publié de Stull.","Aucune correction de données : conserver NC et afficher quelle entrée dépasse le domaine."
"356","India","ind","2164","bau","extension_exploratoire_post_2100","information","TW_HORS_DOMAINE_STULL","Tw est correctement indisponible car au moins une entrée est hors du domaine publié de Stull.","Aucune correction de données : conserver NC et afficher quelle entrée dépasse le domaine."
"064","Bhutan","ind","2164","bau","extension_exploratoire_post_2100","information","TW_HORS_DOMAINE_STULL","Tw est correctement indisponible car au moins une entrée est hors du domaine publié de Stull.","Aucune correction de données : conserver NC et afficher quelle entrée dépasse le domaine."
"524","Nepal","ind","2164","bau","extension_exploratoire_post_2100","information","TW_HORS_DOMAINE_STULL","Tw est correctement indisponible car au moins une entrée est hors du domaine publié de Stull.","Aucune correction de données : conserver NC et afficher quelle entrée dépasse le domaine."
"144","Sri Lanka","ind","2164","bau","extension_exploratoire_post_2100","information","TW_HORS_DOMAINE_STULL","Tw est correctement indisponible car au moins une entrée est hors du domaine publié de Stull.","Aucune correction de données : conserver NC et afficher quelle entrée dépasse le domaine."
"887","Yemen","sau","2164","bau","extension_exploratoire_post_2100","information","TW_HORS_DOMAINE_STULL","Tw est correctement indisponible car au moins une entrée est hors du domaine publié de Stull.","Aucune correction de données : conserver NC et afficher quelle entrée dépasse le domaine."
"682","Saudi Arabia","sau","2164","bau","extension_exploratoire_post_2100","information","TW_HORS_DOMAINE_STULL","Tw est correctement indisponible car au moins une entrée est hors du domaine publié de Stull.","Aucune correction de données : conserver NC et afficher quelle entrée dépasse le domaine."
"504","Morocco","nafr","2164","bau","extension_exploratoire_post_2100","information","TW_HORS_DOMAINE_STULL","Tw est correctement indisponible car au moins une entrée est hors du domaine publié de Stull.","Aucune correction de données : conserver NC et afficher quelle entrée dépasse le domaine."
"434","Libya","nafr","2164","bau","extension_exploratoire_post_2100","information","TW_HORS_DOMAINE_STULL","Tw est correctement indisponible car au moins une entrée est hors du domaine publié de Stull.","Aucune correction de données : conserver NC et afficher quelle entrée dépasse le domaine."
"732","W. Sahara","nafr","2165","bau","extension_exploratoire_post_2100","information","TW_HORS_DOMAINE_STULL","Tw est correctement indisponible car au moins une entrée est hors du domaine publié de Stull.","Aucune correction de données : conserver NC et afficher quelle entrée dépasse le domaine."
"788","Tunisia","nafr","2165","bau","extension_exploratoire_post_2100","information","TW_HORS_DOMAINE_STULL","Tw est correctement indisponible car au moins une entrée est hors du domaine publié de Stull.","Aucune correction de données : conserver NC et afficher quelle entrée dépasse le domaine."
"012","Algeria","nafr","2165","bau","extension_exploratoire_post_2100","information","TW_HORS_DOMAINE_STULL","Tw est correctement indisponible car au moins une entrée est hors du domaine publié de Stull.","Aucune correction de données : conserver NC et afficher quelle entrée dépasse le domaine."
"784","United Arab Emirates","sau","2165","bau","extension_exploratoire_post_2100","information","TW_HORS_DOMAINE_STULL","Tw est correctement indisponible car au moins une entrée est hors du domaine publié de Stull.","Aucune correction de données : conserver NC et afficher quelle entrée dépasse le domaine."
"634","Qatar","sau","2165","bau","extension_exploratoire_post_2100","information","TW_HORS_DOMAINE_STULL","Tw est correctement indisponible car au moins une entrée est hors du domaine publié de Stull.","Aucune correction de données : conserver NC et afficher quelle entrée dépasse le domaine."
"414","Kuwait","sau","2165","bau","extension_exploratoire_post_2100","information","TW_HORS_DOMAINE_STULL","Tw est correctement indisponible car au moins une entrée est hors du domaine publié de Stull.","Aucune correction de données : conserver NC et afficher quelle entrée dépasse le domaine."
"512","Oman","sau","2165","bau","extension_exploratoire_post_2100","information","TW_HORS_DOMAINE_STULL","Tw est correctement indisponible car au moins une entrée est hors du domaine publié de Stull.","Aucune correction de données : conserver NC et afficher quelle entrée dépasse le domaine."
"356","India","ind","2165","bau","extension_exploratoire_post_2100","information","TW_HORS_DOMAINE_STULL","Tw est correctement indisponible car au moins une entrée est hors du domaine publié de Stull.","Aucune correction de données : conserver NC et afficher quelle entrée dépasse le domaine."
"064","Bhutan","ind","2165","bau","extension_exploratoire_post_2100","information","TW_HORS_DOMAINE_STULL","Tw est correctement indisponible car au moins une entrée est hors du domaine publié de Stull.","Aucune correction de données : conserver NC et afficher quelle entrée dépasse le domaine."
"524","Nepal","ind","2165","bau","extension_exploratoire_post_2100","information","TW_HORS_DOMAINE_STULL","Tw est correctement indisponible car au moins une entrée est hors du domaine publié de Stull.","Aucune correction de données : conserver NC et afficher quelle entrée dépasse le domaine."
"144","Sri Lanka","ind","2165","bau","extension_exploratoire_post_2100","information","TW_HORS_DOMAINE_STULL","Tw est correctement indisponible car au moins une entrée est hors du domaine publié de Stull.","Aucune correction de données : conserver NC et afficher quelle entrée dépasse le domaine."
"887","Yemen","sau","2165","bau","extension_exploratoire_post_2100","information","TW_HORS_DOMAINE_STULL","Tw est correctement indisponible car au moins une entrée est hors du domaine publié de Stull.","Aucune correction de données : conserver NC et afficher quelle entrée dépasse le domaine."
"682","Saudi Arabia","sau","2165","bau","extension_exploratoire_post_2100","information","TW_HORS_DOMAINE_STULL","Tw est correctement indisponible car au moins une entrée est hors du domaine publié de Stull.","Aucune correction de données : conserver NC et afficher quelle entrée dépasse le domaine."
"504","Morocco","nafr","2165","bau","extension_exploratoire_post_2100","information","TW_HORS_DOMAINE_STULL","Tw est correctement indisponible car au moins une entrée est hors du domaine publié de Stull.","Aucune correction de données : conserver NC et afficher quelle entrée dépasse le domaine."
"434","Libya","nafr","2165","bau","extension_exploratoire_post_2100","information","TW_HORS_DOMAINE_STULL","Tw est correctement indisponible car au moins une entrée est hors du domaine publié de Stull.","Aucune correction de données : conserver NC et afficher quelle entrée dépasse le domaine."
"732","W. Sahara","nafr","2166","bau","extension_exploratoire_post_2100","information","TW_HORS_DOMAINE_STULL","Tw est correctement indisponible car au moins une entrée est hors du domaine publié de Stull.","Aucune correction de données : conserver NC et afficher quelle entrée dépasse le domaine."
"788","Tunisia","nafr","2166","bau","extension_exploratoire_post_2100","information","TW_HORS_DOMAINE_STULL","Tw est correctement indisponible car au moins une entrée est hors du domaine publié de Stull.","Aucune correction de données : conserver NC et afficher quelle entrée dépasse le domaine."
"012","Algeria","nafr","2166","bau","extension_exploratoire_post_2100","information","TW_HORS_DOMAINE_STULL","Tw est correctement indisponible car au moins une entrée est hors du domaine publié de Stull.","Aucune correction de données : conserver NC et afficher quelle entrée dépasse le domaine."
"784","United Arab Emirates","sau","2166","bau","extension_exploratoire_post_2100","information","TW_HORS_DOMAINE_STULL","Tw est correctement indisponible car au moins une entrée est hors du domaine publié de Stull.","Aucune correction de données : conserver NC et afficher quelle entrée dépasse le domaine."
"634","Qatar","sau","2166","bau","extension_exploratoire_post_2100","information","TW_HORS_DOMAINE_STULL","Tw est correctement indisponible car au moins une entrée est hors du domaine publié de Stull.","Aucune correction de données : conserver NC et afficher quelle entrée dépasse le domaine."
"414","Kuwait","sau","2166","bau","extension_exploratoire_post_2100","information","TW_HORS_DOMAINE_STULL","Tw est correctement indisponible car au moins une entrée est hors du domaine publié de Stull.","Aucune correction de données : conserver NC et afficher quelle entrée dépasse le domaine."
"512","Oman","sau","2166","bau","extension_exploratoire_post_2100","information","TW_HORS_DOMAINE_STULL","Tw est correctement indisponible car au moins une entrée est hors du domaine publié de Stull.","Aucune correction de données : conserver NC et afficher quelle entrée dépasse le domaine."
"356","India","ind","2166","bau","extension_exploratoire_post_2100","information","TW_HORS_DOMAINE_STULL","Tw est correctement indisponible car au moins une entrée est hors du domaine publié de Stull.","Aucune correction de données : conserver NC et afficher quelle entrée dépasse le domaine."
"064","Bhutan","ind","2166","bau","extension_exploratoire_post_2100","information","TW_HORS_DOMAINE_STULL","Tw est correctement indisponible car au moins une entrée est hors du domaine publié de Stull.","Aucune correction de données : conserver NC et afficher quelle entrée dépasse le domaine."
"524","Nepal","ind","2166","bau","extension_exploratoire_post_2100","information","TW_HORS_DOMAINE_STULL","Tw est correctement indisponible car au moins une entrée est hors du domaine publié de Stull.","Aucune correction de données : conserver NC et afficher quelle entrée dépasse le domaine."
"144","Sri Lanka","ind","2166","bau","extension_exploratoire_post_2100","information","TW_HORS_DOMAINE_STULL","Tw est correctement indisponible car au moins une entrée est hors du domaine publié de Stull.","Aucune correction de données : conserver NC et afficher quelle entrée dépasse le domaine."
"887","Yemen","sau","2166","bau","extension_exploratoire_post_2100","information","TW_HORS_DOMAINE_STULL","Tw est correctement indisponible car au moins une entrée est hors du domaine publié de Stull.","Aucune correction de données : conserver NC et afficher quelle entrée dépasse le domaine."
"682","Saudi Arabia","sau","2166","bau","extension_exploratoire_post_2100","information","TW_HORS_DOMAINE_STULL","Tw est correctement indisponible car au moins une entrée est hors du domaine publié de Stull.","Aucune correction de données : conserver NC et afficher quelle entrée dépasse le domaine."
"504","Morocco","nafr","2166","bau","extension_exploratoire_post_2100","information","TW_HORS_DOMAINE_STULL","Tw est correctement indisponible car au moins une entrée est hors du domaine publié de Stull.","Aucune correction de données : conserver NC et afficher quelle entrée dépasse le domaine."
"434","Libya","nafr","2166","bau","extension_exploratoire_post_2100","information","TW_HORS_DOMAINE_STULL","Tw est correctement indisponible car au moins une entrée est hors du domaine publié de Stull.","Aucune correction de données : conserver NC et afficher quelle entrée dépasse le domaine."
"732","W. Sahara","nafr","2167","bau","extension_exploratoire_post_2100","information","TW_HORS_DOMAINE_STULL","Tw est correctement indisponible car au moins une entrée est hors du domaine publié de Stull.","Aucune correction de données : conserver NC et afficher quelle entrée dépasse le domaine."
"788","Tunisia","nafr","2167","bau","extension_exploratoire_post_2100","information","TW_HORS_DOMAINE_STULL","Tw est correctement indisponible car au moins une entrée est hors du domaine publié de Stull.","Aucune correction de données : conserver NC et afficher quelle entrée dépasse le domaine."
"012","Algeria","nafr","2167","bau","extension_exploratoire_post_2100","information","TW_HORS_DOMAINE_STULL","Tw est correctement indisponible car au moins une entrée est hors du domaine publié de Stull.","Aucune correction de données : conserver NC et afficher quelle entrée dépasse le domaine."
"784","United Arab Emirates","sau","2167","bau","extension_exploratoire_post_2100","information","TW_HORS_DOMAINE_STULL","Tw est correctement indisponible car au moins une entrée est hors du domaine publié de Stull.","Aucune correction de données : conserver NC et afficher quelle entrée dépasse le domaine."
"634","Qatar","sau","2167","bau","extension_exploratoire_post_2100","information","TW_HORS_DOMAINE_STULL","Tw est correctement indisponible car au moins une entrée est hors du domaine publié de Stull.","Aucune correction de données : conserver NC et afficher quelle entrée dépasse le domaine."
"414","Kuwait","sau","2167","bau","extension_exploratoire_post_2100","information","TW_HORS_DOMAINE_STULL","Tw est correctement indisponible car au moins une entrée est hors du domaine publié de Stull.","Aucune correction de données : conserver NC et afficher quelle entrée dépasse le domaine."
"512","Oman","sau","2167","bau","extension_exploratoire_post_2100","information","TW_HORS_DOMAINE_STULL","Tw est correctement indisponible car au moins une entrée est hors du domaine publié de Stull.","Aucune correction de données : conserver NC et afficher quelle entrée dépasse le domaine."
"356","India","ind","2167","bau","extension_exploratoire_post_2100","information","TW_HORS_DOMAINE_STULL","Tw est correctement indisponible car au moins une entrée est hors du domaine publié de Stull.","Aucune correction de données : conserver NC et afficher quelle entrée dépasse le domaine."
"064","Bhutan","ind","2167","bau","extension_exploratoire_post_2100","information","TW_HORS_DOMAINE_STULL","Tw est correctement indisponible car au moins une entrée est hors du domaine publié de Stull.","Aucune correction de données : conserver NC et afficher quelle entrée dépasse le domaine."
"524","Nepal","ind","2167","bau","extension_exploratoire_post_2100","information","TW_HORS_DOMAINE_STULL","Tw est correctement indisponible car au moins une entrée est hors du domaine publié de Stull.","Aucune correction de données : conserver NC et afficher quelle entrée dépasse le domaine."
"144","Sri Lanka","ind","2167","bau","extension_exploratoire_post_2100","information","TW_HORS_DOMAINE_STULL","Tw est correctement indisponible car au moins une entrée est hors du domaine publié de Stull.","Aucune correction de données : conserver NC et afficher quelle entrée dépasse le domaine."
"887","Yemen","sau","2167","bau","extension_exploratoire_post_2100","information","TW_HORS_DOMAINE_STULL","Tw est correctement indisponible car au moins une entrée est hors du domaine publié de Stull.","Aucune correction de données : conserver NC et afficher quelle entrée dépasse le domaine."
"682","Saudi Arabia","sau","2167","bau","extension_exploratoire_post_2100","information","TW_HORS_DOMAINE_STULL","Tw est correctement indisponible car au moins une entrée est hors du domaine publié de Stull.","Aucune correction de données : conserver NC et afficher quelle entrée dépasse le domaine."
"504","Morocco","nafr","2167","bau","extension_exploratoire_post_2100","information","TW_HORS_DOMAINE_STULL","Tw est correctement indisponible car au moins une entrée est hors du domaine publié de Stull.","Aucune correction de données : conserver NC et afficher quelle entrée dépasse le domaine."
"434","Libya","nafr","2167","bau","extension_exploratoire_post_2100","information","TW_HORS_DOMAINE_STULL","Tw est correctement indisponible car au moins une entrée est hors du domaine publié de Stull.","Aucune correction de données : conserver NC et afficher quelle entrée dépasse le domaine."
"732","W. Sahara","nafr","2168","bau","extension_exploratoire_post_2100","information","TW_HORS_DOMAINE_STULL","Tw est correctement indisponible car au moins une entrée est hors du domaine publié de Stull.","Aucune correction de données : conserver NC et afficher quelle entrée dépasse le domaine."
"788","Tunisia","nafr","2168","bau","extension_exploratoire_post_2100","information","TW_HORS_DOMAINE_STULL","Tw est correctement indisponible car au moins une entrée est hors du domaine publié de Stull.","Aucune correction de données : conserver NC et afficher quelle entrée dépasse le domaine."
"012","Algeria","nafr","2168","bau","extension_exploratoire_post_2100","information","TW_HORS_DOMAINE_STULL","Tw est correctement indisponible car au moins une entrée est hors du domaine publié de Stull.","Aucune correction de données : conserver NC et afficher quelle entrée dépasse le domaine."
"784","United Arab Emirates","sau","2168","bau","extension_exploratoire_post_2100","information","TW_HORS_DOMAINE_STULL","Tw est correctement indisponible car au moins une entrée est hors du domaine publié de Stull.","Aucune correction de données : conserver NC et afficher quelle entrée dépasse le domaine."
"634","Qatar","sau","2168","bau","extension_exploratoire_post_2100","information","TW_HORS_DOMAINE_STULL","Tw est correctement indisponible car au moins une entrée est hors du domaine publié de Stull.","Aucune correction de données : conserver NC et afficher quelle entrée dépasse le domaine."
"414","Kuwait","sau","2168","bau","extension_exploratoire_post_2100","information","TW_HORS_DOMAINE_STULL","Tw est correctement indisponible car au moins une entrée est hors du domaine publié de Stull.","Aucune correction de données : conserver NC et afficher quelle entrée dépasse le domaine."
"512","Oman","sau","2168","bau","extension_exploratoire_post_2100","information","TW_HORS_DOMAINE_STULL","Tw est correctement indisponible car au moins une entrée est hors du domaine publié de Stull.","Aucune correction de données : conserver NC et afficher quelle entrée dépasse le domaine."
"356","India","ind","2168","bau","extension_exploratoire_post_2100","information","TW_HORS_DOMAINE_STULL","Tw est correctement indisponible car au moins une entrée est hors du domaine publié de Stull.","Aucune correction de données : conserver NC et afficher quelle entrée dépasse le domaine."
"064","Bhutan","ind","2168","bau","extension_exploratoire_post_2100","information","TW_HORS_DOMAINE_STULL","Tw est correctement indisponible car au moins une entrée est hors du domaine publié de Stull.","Aucune correction de données : conserver NC et afficher quelle entrée dépasse le domaine."
"524","Nepal","ind","2168","bau","extension_exploratoire_post_2100","information","TW_HORS_DOMAINE_STULL","Tw est correctement indisponible car au moins une entrée est hors du domaine publié de Stull.","Aucune correction de données : conserver NC et afficher quelle entrée dépasse le domaine."
"144","Sri Lanka","ind","2168","bau","extension_exploratoire_post_2100","information","TW_HORS_DOMAINE_STULL","Tw est correctement indisponible car au moins une entrée est hors du domaine publié de Stull.","Aucune correction de données : conserver NC et afficher quelle entrée dépasse le domaine."
"887","Yemen","sau","2168","bau","extension_exploratoire_post_2100","information","TW_HORS_DOMAINE_STULL","Tw est correctement indisponible car au moins une entrée est hors du domaine publié de Stull.","Aucune correction de données : conserver NC et afficher quelle entrée dépasse le domaine."
"682","Saudi Arabia","sau","2168","bau","extension_exploratoire_post_2100","information","TW_HORS_DOMAINE_STULL","Tw est correctement indisponible car au moins une entrée est hors du domaine publié de Stull.","Aucune correction de données : conserver NC et afficher quelle entrée dépasse le domaine."
"504","Morocco","nafr","2168","bau","extension_exploratoire_post_2100","information","TW_HORS_DOMAINE_STULL","Tw est correctement indisponible car au moins une entrée est hors du domaine publié de Stull.","Aucune correction de données : conserver NC et afficher quelle entrée dépasse le domaine."
"434","Libya","nafr","2168","bau","extension_exploratoire_post_2100","information","TW_HORS_DOMAINE_STULL","Tw est correctement indisponible car au moins une entrée est hors du domaine publié de Stull.","Aucune correction de données : conserver NC et afficher quelle entrée dépasse le domaine."
"732","W. Sahara","nafr","2169","bau","extension_exploratoire_post_2100","information","TW_HORS_DOMAINE_STULL","Tw est correctement indisponible car au moins une entrée est hors du domaine publié de Stull.","Aucune correction de données : conserver NC et afficher quelle entrée dépasse le domaine."
"788","Tunisia","nafr","2169","bau","extension_exploratoire_post_2100","information","TW_HORS_DOMAINE_STULL","Tw est correctement indisponible car au moins une entrée est hors du domaine publié de Stull.","Aucune correction de données : conserver NC et afficher quelle entrée dépasse le domaine."
"012","Algeria","nafr","2169","bau","extension_exploratoire_post_2100","information","TW_HORS_DOMAINE_STULL","Tw est correctement indisponible car au moins une entrée est hors du domaine publié de Stull.","Aucune correction de données : conserver NC et afficher quelle entrée dépasse le domaine."
"784","United Arab Emirates","sau","2169","bau","extension_exploratoire_post_2100","information","TW_HORS_DOMAINE_STULL","Tw est correctement indisponible car au moins une entrée est hors du domaine publié de Stull.","Aucune correction de données : conserver NC et afficher quelle entrée dépasse le domaine."
"634","Qatar","sau","2169","bau","extension_exploratoire_post_2100","information","TW_HORS_DOMAINE_STULL","Tw est correctement indisponible car au moins une entrée est hors du domaine publié de Stull.","Aucune correction de données : conserver NC et afficher quelle entrée dépasse le domaine."
"414","Kuwait","sau","2169","bau","extension_exploratoire_post_2100","information","TW_HORS_DOMAINE_STULL","Tw est correctement indisponible car au moins une entrée est hors du domaine publié de Stull.","Aucune correction de données : conserver NC et afficher quelle entrée dépasse le domaine."
"512","Oman","sau","2169","bau","extension_exploratoire_post_2100","information","TW_HORS_DOMAINE_STULL","Tw est correctement indisponible car au moins une entrée est hors du domaine publié de Stull.","Aucune correction de données : conserver NC et afficher quelle entrée dépasse le domaine."
"356","India","ind","2169","bau","extension_exploratoire_post_2100","information","TW_HORS_DOMAINE_STULL","Tw est correctement indisponible car au moins une entrée est hors du domaine publié de Stull.","Aucune correction de données : conserver NC et afficher quelle entrée dépasse le domaine."
"064","Bhutan","ind","2169","bau","extension_exploratoire_post_2100","information","TW_HORS_DOMAINE_STULL","Tw est correctement indisponible car au moins une entrée est hors du domaine publié de Stull.","Aucune correction de données : conserver NC et afficher quelle entrée dépasse le domaine."
"524","Nepal","ind","2169","bau","extension_exploratoire_post_2100","information","TW_HORS_DOMAINE_STULL","Tw est correctement indisponible car au moins une entrée est hors du domaine publié de Stull.","Aucune correction de données : conserver NC et afficher quelle entrée dépasse le domaine."
"144","Sri Lanka","ind","2169","bau","extension_exploratoire_post_2100","information","TW_HORS_DOMAINE_STULL","Tw est correctement indisponible car au moins une entrée est hors du domaine publié de Stull.","Aucune correction de données : conserver NC et afficher quelle entrée dépasse le domaine."
"887","Yemen","sau","2169","bau","extension_exploratoire_post_2100","information","TW_HORS_DOMAINE_STULL","Tw est correctement indisponible car au moins une entrée est hors du domaine publié de Stull.","Aucune correction de données : conserver NC et afficher quelle entrée dépasse le domaine."
"682","Saudi Arabia","sau","2169","bau","extension_exploratoire_post_2100","information","TW_HORS_DOMAINE_STULL","Tw est correctement indisponible car au moins une entrée est hors du domaine publié de Stull.","Aucune correction de données : conserver NC et afficher quelle entrée dépasse le domaine."
"504","Morocco","nafr","2169","bau","extension_exploratoire_post_2100","information","TW_HORS_DOMAINE_STULL","Tw est correctement indisponible car au moins une entrée est hors du domaine publié de Stull.","Aucune correction de données : conserver NC et afficher quelle entrée dépasse le domaine."
"434","Libya","nafr","2169","bau","extension_exploratoire_post_2100","information","TW_HORS_DOMAINE_STULL","Tw est correctement indisponible car au moins une entrée est hors du domaine publié de Stull.","Aucune correction de données : conserver NC et afficher quelle entrée dépasse le domaine."
"732","W. Sahara","nafr","2170","bau","extension_exploratoire_post_2100","information","TW_HORS_DOMAINE_STULL","Tw est correctement indisponible car au moins une entrée est hors du domaine publié de Stull.","Aucune correction de données : conserver NC et afficher quelle entrée dépasse le domaine."
"788","Tunisia","nafr","2170","bau","extension_exploratoire_post_2100","information","TW_HORS_DOMAINE_STULL","Tw est correctement indisponible car au moins une entrée est hors du domaine publié de Stull.","Aucune correction de données : conserver NC et afficher quelle entrée dépasse le domaine."
"012","Algeria","nafr","2170","bau","extension_exploratoire_post_2100","information","TW_HORS_DOMAINE_STULL","Tw est correctement indisponible car au moins une entrée est hors du domaine publié de Stull.","Aucune correction de données : conserver NC et afficher quelle entrée dépasse le domaine."
"784","United Arab Emirates","sau","2170","bau","extension_exploratoire_post_2100","information","TW_HORS_DOMAINE_STULL","Tw est correctement indisponible car au moins une entrée est hors du domaine publié de Stull.","Aucune correction de données : conserver NC et afficher quelle entrée dépasse le domaine."
"634","Qatar","sau","2170","bau","extension_exploratoire_post_2100","information","TW_HORS_DOMAINE_STULL","Tw est correctement indisponible car au moins une entrée est hors du domaine publié de Stull.","Aucune correction de données : conserver NC et afficher quelle entrée dépasse le domaine."
"414","Kuwait","sau","2170","bau","extension_exploratoire_post_2100","information","TW_HORS_DOMAINE_STULL","Tw est correctement indisponible car au moins une entrée est hors du domaine publié de Stull.","Aucune correction de données : conserver NC et afficher quelle entrée dépasse le domaine."
"512","Oman","sau","2170","bau","extension_exploratoire_post_2100","information","TW_HORS_DOMAINE_STULL","Tw est correctement indisponible car au moins une entrée est hors du domaine publié de Stull.","Aucune correction de données : conserver NC et afficher quelle entrée dépasse le domaine."
"356","India","ind","2170","bau","extension_exploratoire_post_2100","information","TW_HORS_DOMAINE_STULL","Tw est correctement indisponible car au moins une entrée est hors du domaine publié de Stull.","Aucune correction de données : conserver NC et afficher quelle entrée dépasse le domaine."
"064","Bhutan","ind","2170","bau","extension_exploratoire_post_2100","information","TW_HORS_DOMAINE_STULL","Tw est correctement indisponible car au moins une entrée est hors du domaine publié de Stull.","Aucune correction de données : conserver NC et afficher quelle entrée dépasse le domaine."
"524","Nepal","ind","2170","bau","extension_exploratoire_post_2100","information","TW_HORS_DOMAINE_STULL","Tw est correctement indisponible car au moins une entrée est hors du domaine publié de Stull.","Aucune correction de données : conserver NC et afficher quelle entrée dépasse le domaine."
"144","Sri Lanka","ind","2170","bau","extension_exploratoire_post_2100","information","TW_HORS_DOMAINE_STULL","Tw est correctement indisponible car au moins une entrée est hors du domaine publié de Stull.","Aucune correction de données : conserver NC et afficher quelle entrée dépasse le domaine."
"887","Yemen","sau","2170","bau","extension_exploratoire_post_2100","information","TW_HORS_DOMAINE_STULL","Tw est correctement indisponible car au moins une entrée est hors du domaine publié de Stull.","Aucune correction de données : conserver NC et afficher quelle entrée dépasse le domaine."
"682","Saudi Arabia","sau","2170","bau","extension_exploratoire_post_2100","information","TW_HORS_DOMAINE_STULL","Tw est correctement indisponible car au moins une entrée est hors du domaine publié de Stull.","Aucune correction de données : conserver NC et afficher quelle entrée dépasse le domaine."
"504","Morocco","nafr","2170","bau","extension_exploratoire_post_2100","information","TW_HORS_DOMAINE_STULL","Tw est correctement indisponible car au moins une entrée est hors du domaine publié de Stull.","Aucune correction de données : conserver NC et afficher quelle entrée dépasse le domaine."
"434","Libya","nafr","2170","bau","extension_exploratoire_post_2100","information","TW_HORS_DOMAINE_STULL","Tw est correctement indisponible car au moins une entrée est hors du domaine publié de Stull.","Aucune correction de données : conserver NC et afficher quelle entrée dépasse le domaine."
"732","W. Sahara","nafr","2171","bau","extension_exploratoire_post_2100","information","TW_HORS_DOMAINE_STULL","Tw est correctement indisponible car au moins une entrée est hors du domaine publié de Stull.","Aucune correction de données : conserver NC et afficher quelle entrée dépasse le domaine."
"788","Tunisia","nafr","2171","bau","extension_exploratoire_post_2100","information","TW_HORS_DOMAINE_STULL","Tw est correctement indisponible car au moins une entrée est hors du domaine publié de Stull.","Aucune correction de données : conserver NC et afficher quelle entrée dépasse le domaine."
"012","Algeria","nafr","2171","bau","extension_exploratoire_post_2100","information","TW_HORS_DOMAINE_STULL","Tw est correctement indisponible car au moins une entrée est hors du domaine publié de Stull.","Aucune correction de données : conserver NC et afficher quelle entrée dépasse le domaine."
"784","United Arab Emirates","sau","2171","bau","extension_exploratoire_post_2100","information","TW_HORS_DOMAINE_STULL","Tw est correctement indisponible car au moins une entrée est hors du domaine publié de Stull.","Aucune correction de données : conserver NC et afficher quelle entrée dépasse le domaine."
"634","Qatar","sau","2171","bau","extension_exploratoire_post_2100","information","TW_HORS_DOMAINE_STULL","Tw est correctement indisponible car au moins une entrée est hors du domaine publié de Stull.","Aucune correction de données : conserver NC et afficher quelle entrée dépasse le domaine."
"414","Kuwait","sau","2171","bau","extension_exploratoire_post_2100","information","TW_HORS_DOMAINE_STULL","Tw est correctement indisponible car au moins une entrée est hors du domaine publié de Stull.","Aucune correction de données : conserver NC et afficher quelle entrée dépasse le domaine."
"512","Oman","sau","2171","bau","extension_exploratoire_post_2100","information","TW_HORS_DOMAINE_STULL","Tw est correctement indisponible car au moins une entrée est hors du domaine publié de Stull.","Aucune correction de données : conserver NC et afficher quelle entrée dépasse le domaine."
"356","India","ind","2171","bau","extension_exploratoire_post_2100","information","TW_HORS_DOMAINE_STULL","Tw est correctement indisponible car au moins une entrée est hors du domaine publié de Stull.","Aucune correction de données : conserver NC et afficher quelle entrée dépasse le domaine."
"064","Bhutan","ind","2171","bau","extension_exploratoire_post_2100","information","TW_HORS_DOMAINE_STULL","Tw est correctement indisponible car au moins une entrée est hors du domaine publié de Stull.","Aucune correction de données : conserver NC et afficher quelle entrée dépasse le domaine."
"524","Nepal","ind","2171","bau","extension_exploratoire_post_2100","information","TW_HORS_DOMAINE_STULL","Tw est correctement indisponible car au moins une entrée est hors du domaine publié de Stull.","Aucune correction de données : conserver NC et afficher quelle entrée dépasse le domaine."
"144","Sri Lanka","ind","2171","bau","extension_exploratoire_post_2100","information","TW_HORS_DOMAINE_STULL","Tw est correctement indisponible car au moins une entrée est hors du domaine publié de Stull.","Aucune correction de données : conserver NC et afficher quelle entrée dépasse le domaine."
"887","Yemen","sau","2171","bau","extension_exploratoire_post_2100","information","TW_HORS_DOMAINE_STULL","Tw est correctement indisponible car au moins une entrée est hors du domaine publié de Stull.","Aucune correction de données : conserver NC et afficher quelle entrée dépasse le domaine."
"682","Saudi Arabia","sau","2171","bau","extension_exploratoire_post_2100","information","TW_HORS_DOMAINE_STULL","Tw est correctement indisponible car au moins une entrée est hors du domaine publié de Stull.","Aucune correction de données : conserver NC et afficher quelle entrée dépasse le domaine."
"504","Morocco","nafr","2171","bau","extension_exploratoire_post_2100","information","TW_HORS_DOMAINE_STULL","Tw est correctement indisponible car au moins une entrée est hors du domaine publié de Stull.","Aucune correction de données : conserver NC et afficher quelle entrée dépasse le domaine."
"434","Libya","nafr","2171","bau","extension_exploratoire_post_2100","information","TW_HORS_DOMAINE_STULL","Tw est correctement indisponible car au moins une entrée est hors du domaine publié de Stull.","Aucune correction de données : conserver NC et afficher quelle entrée dépasse le domaine."
"732","W. Sahara","nafr","2172","bau","extension_exploratoire_post_2100","information","TW_HORS_DOMAINE_STULL","Tw est correctement indisponible car au moins une entrée est hors du domaine publié de Stull.","Aucune correction de données : conserver NC et afficher quelle entrée dépasse le domaine."
"788","Tunisia","nafr","2172","bau","extension_exploratoire_post_2100","information","TW_HORS_DOMAINE_STULL","Tw est correctement indisponible car au moins une entrée est hors du domaine publié de Stull.","Aucune correction de données : conserver NC et afficher quelle entrée dépasse le domaine."
"012","Algeria","nafr","2172","bau","extension_exploratoire_post_2100","information","TW_HORS_DOMAINE_STULL","Tw est correctement indisponible car au moins une entrée est hors du domaine publié de Stull.","Aucune correction de données : conserver NC et afficher quelle entrée dépasse le domaine."
"784","United Arab Emirates","sau","2172","bau","extension_exploratoire_post_2100","information","TW_HORS_DOMAINE_STULL","Tw est correctement indisponible car au moins une entrée est hors du domaine publié de Stull.","Aucune correction de données : conserver NC et afficher quelle entrée dépasse le domaine."
"634","Qatar","sau","2172","bau","extension_exploratoire_post_2100","information","TW_HORS_DOMAINE_STULL","Tw est correctement indisponible car au moins une entrée est hors du domaine publié de Stull.","Aucune correction de données : conserver NC et afficher quelle entrée dépasse le domaine."
"414","Kuwait","sau","2172","bau","extension_exploratoire_post_2100","information","TW_HORS_DOMAINE_STULL","Tw est correctement indisponible car au moins une entrée est hors du domaine publié de Stull.","Aucune correction de données : conserver NC et afficher quelle entrée dépasse le domaine."
"512","Oman","sau","2172","bau","extension_exploratoire_post_2100","information","TW_HORS_DOMAINE_STULL","Tw est correctement indisponible car au moins une entrée est hors du domaine publié de Stull.","Aucune correction de données : conserver NC et afficher quelle entrée dépasse le domaine."
"356","India","ind","2172","bau","extension_exploratoire_post_2100","information","TW_HORS_DOMAINE_STULL","Tw est correctement indisponible car au moins une entrée est hors du domaine publié de Stull.","Aucune correction de données : conserver NC et afficher quelle entrée dépasse le domaine."
"064","Bhutan","ind","2172","bau","extension_exploratoire_post_2100","information","TW_HORS_DOMAINE_STULL","Tw est correctement indisponible car au moins une entrée est hors du domaine publié de Stull.","Aucune correction de données : conserver NC et afficher quelle entrée dépasse le domaine."
"524","Nepal","ind","2172","bau","extension_exploratoire_post_2100","information","TW_HORS_DOMAINE_STULL","Tw est correctement indisponible car au moins une entrée est hors du domaine publié de Stull.","Aucune correction de données : conserver NC et afficher quelle entrée dépasse le domaine."
"144","Sri Lanka","ind","2172","bau","extension_exploratoire_post_2100","information","TW_HORS_DOMAINE_STULL","Tw est correctement indisponible car au moins une entrée est hors du domaine publié de Stull.","Aucune correction de données : conserver NC et afficher quelle entrée dépasse le domaine."
"887","Yemen","sau","2172","bau","extension_exploratoire_post_2100","information","TW_HORS_DOMAINE_STULL","Tw est correctement indisponible car au moins une entrée est hors du domaine publié de Stull.","Aucune correction de données : conserver NC et afficher quelle entrée dépasse le domaine."
"682","Saudi Arabia","sau","2172","bau","extension_exploratoire_post_2100","information","TW_HORS_DOMAINE_STULL","Tw est correctement indisponible car au moins une entrée est hors du domaine publié de Stull.","Aucune correction de données : conserver NC et afficher quelle entrée dépasse le domaine."
"504","Morocco","nafr","2172","bau","extension_exploratoire_post_2100","information","TW_HORS_DOMAINE_STULL","Tw est correctement indisponible car au moins une entrée est hors du domaine publié de Stull.","Aucune correction de données : conserver NC et afficher quelle entrée dépasse le domaine."
"434","Libya","nafr","2172","bau","extension_exploratoire_post_2100","information","TW_HORS_DOMAINE_STULL","Tw est correctement indisponible car au moins une entrée est hors du domaine publié de Stull.","Aucune correction de données : conserver NC et afficher quelle entrée dépasse le domaine."
"732","W. Sahara","nafr","2173","bau","extension_exploratoire_post_2100","information","TW_HORS_DOMAINE_STULL","Tw est correctement indisponible car au moins une entrée est hors du domaine publié de Stull.","Aucune correction de données : conserver NC et afficher quelle entrée dépasse le domaine."
"788","Tunisia","nafr","2173","bau","extension_exploratoire_post_2100","information","TW_HORS_DOMAINE_STULL","Tw est correctement indisponible car au moins une entrée est hors du domaine publié de Stull.","Aucune correction de données : conserver NC et afficher quelle entrée dépasse le domaine."
"012","Algeria","nafr","2173","bau","extension_exploratoire_post_2100","information","TW_HORS_DOMAINE_STULL","Tw est correctement indisponible car au moins une entrée est hors du domaine publié de Stull.","Aucune correction de données : conserver NC et afficher quelle entrée dépasse le domaine."
"784","United Arab Emirates","sau","2173","bau","extension_exploratoire_post_2100","information","TW_HORS_DOMAINE_STULL","Tw est correctement indisponible car au moins une entrée est hors du domaine publié de Stull.","Aucune correction de données : conserver NC et afficher quelle entrée dépasse le domaine."
"634","Qatar","sau","2173","bau","extension_exploratoire_post_2100","information","TW_HORS_DOMAINE_STULL","Tw est correctement indisponible car au moins une entrée est hors du domaine publié de Stull.","Aucune correction de données : conserver NC et afficher quelle entrée dépasse le domaine."
"414","Kuwait","sau","2173","bau","extension_exploratoire_post_2100","information","TW_HORS_DOMAINE_STULL","Tw est correctement indisponible car au moins une entrée est hors du domaine publié de Stull.","Aucune correction de données : conserver NC et afficher quelle entrée dépasse le domaine."
"512","Oman","sau","2173","bau","extension_exploratoire_post_2100","information","TW_HORS_DOMAINE_STULL","Tw est correctement indisponible car au moins une entrée est hors du domaine publié de Stull.","Aucune correction de données : conserver NC et afficher quelle entrée dépasse le domaine."
"356","India","ind","2173","bau","extension_exploratoire_post_2100","information","TW_HORS_DOMAINE_STULL","Tw est correctement indisponible car au moins une entrée est hors du domaine publié de Stull.","Aucune correction de données : conserver NC et afficher quelle entrée dépasse le domaine."
"064","Bhutan","ind","2173","bau","extension_exploratoire_post_2100","information","TW_HORS_DOMAINE_STULL","Tw est correctement indisponible car au moins une entrée est hors du domaine publié de Stull.","Aucune correction de données : conserver NC et afficher quelle entrée dépasse le domaine."
"524","Nepal","ind","2173","bau","extension_exploratoire_post_2100","information","TW_HORS_DOMAINE_STULL","Tw est correctement indisponible car au moins une entrée est hors du domaine publié de Stull.","Aucune correction de données : conserver NC et afficher quelle entrée dépasse le domaine."
"144","Sri Lanka","ind","2173","bau","extension_exploratoire_post_2100","information","TW_HORS_DOMAINE_STULL","Tw est correctement indisponible car au moins une entrée est hors du domaine publié de Stull.","Aucune correction de données : conserver NC et afficher quelle entrée dépasse le domaine."
"887","Yemen","sau","2173","bau","extension_exploratoire_post_2100","information","TW_HORS_DOMAINE_STULL","Tw est correctement indisponible car au moins une entrée est hors du domaine publié de Stull.","Aucune correction de données : conserver NC et afficher quelle entrée dépasse le domaine."
"682","Saudi Arabia","sau","2173","bau","extension_exploratoire_post_2100","information","TW_HORS_DOMAINE_STULL","Tw est correctement indisponible car au moins une entrée est hors du domaine publié de Stull.","Aucune correction de données : conserver NC et afficher quelle entrée dépasse le domaine."
"504","Morocco","nafr","2173","bau","extension_exploratoire_post_2100","information","TW_HORS_DOMAINE_STULL","Tw est correctement indisponible car au moins une entrée est hors du domaine publié de Stull.","Aucune correction de données : conserver NC et afficher quelle entrée dépasse le domaine."
"434","Libya","nafr","2173","bau","extension_exploratoire_post_2100","information","TW_HORS_DOMAINE_STULL","Tw est correctement indisponible car au moins une entrée est hors du domaine publié de Stull.","Aucune correction de données : conserver NC et afficher quelle entrée dépasse le domaine."
"732","W. Sahara","nafr","2174","bau","extension_exploratoire_post_2100","information","TW_HORS_DOMAINE_STULL","Tw est correctement indisponible car au moins une entrée est hors du domaine publié de Stull.","Aucune correction de données : conserver NC et afficher quelle entrée dépasse le domaine."
"788","Tunisia","nafr","2174","bau","extension_exploratoire_post_2100","information","TW_HORS_DOMAINE_STULL","Tw est correctement indisponible car au moins une entrée est hors du domaine publié de Stull.","Aucune correction de données : conserver NC et afficher quelle entrée dépasse le domaine."
"012","Algeria","nafr","2174","bau","extension_exploratoire_post_2100","information","TW_HORS_DOMAINE_STULL","Tw est correctement indisponible car au moins une entrée est hors du domaine publié de Stull.","Aucune correction de données : conserver NC et afficher quelle entrée dépasse le domaine."
"784","United Arab Emirates","sau","2174","bau","extension_exploratoire_post_2100","information","TW_HORS_DOMAINE_STULL","Tw est correctement indisponible car au moins une entrée est hors du domaine publié de Stull.","Aucune correction de données : conserver NC et afficher quelle entrée dépasse le domaine."
"634","Qatar","sau","2174","bau","extension_exploratoire_post_2100","information","TW_HORS_DOMAINE_STULL","Tw est correctement indisponible car au moins une entrée est hors du domaine publié de Stull.","Aucune correction de données : conserver NC et afficher quelle entrée dépasse le domaine."
"414","Kuwait","sau","2174","bau","extension_exploratoire_post_2100","information","TW_HORS_DOMAINE_STULL","Tw est correctement indisponible car au moins une entrée est hors du domaine publié de Stull.","Aucune correction de données : conserver NC et afficher quelle entrée dépasse le domaine."
"512","Oman","sau","2174","bau","extension_exploratoire_post_2100","information","TW_HORS_DOMAINE_STULL","Tw est correctement indisponible car au moins une entrée est hors du domaine publié de Stull.","Aucune correction de données : conserver NC et afficher quelle entrée dépasse le domaine."
"356","India","ind","2174","bau","extension_exploratoire_post_2100","information","TW_HORS_DOMAINE_STULL","Tw est correctement indisponible car au moins une entrée est hors du domaine publié de Stull.","Aucune correction de données : conserver NC et afficher quelle entrée dépasse le domaine."
"064","Bhutan","ind","2174","bau","extension_exploratoire_post_2100","information","TW_HORS_DOMAINE_STULL","Tw est correctement indisponible car au moins une entrée est hors du domaine publié de Stull.","Aucune correction de données : conserver NC et afficher quelle entrée dépasse le domaine."
"524","Nepal","ind","2174","bau","extension_exploratoire_post_2100","information","TW_HORS_DOMAINE_STULL","Tw est correctement indisponible car au moins une entrée est hors du domaine publié de Stull.","Aucune correction de données : conserver NC et afficher quelle entrée dépasse le domaine."
"144","Sri Lanka","ind","2174","bau","extension_exploratoire_post_2100","information","TW_HORS_DOMAINE_STULL","Tw est correctement indisponible car au moins une entrée est hors du domaine publié de Stull.","Aucune correction de données : conserver NC et afficher quelle entrée dépasse le domaine."
"887","Yemen","sau","2174","bau","extension_exploratoire_post_2100","information","TW_HORS_DOMAINE_STULL","Tw est correctement indisponible car au moins une entrée est hors du domaine publié de Stull.","Aucune correction de données : conserver NC et afficher quelle entrée dépasse le domaine."
"682","Saudi Arabia","sau","2174","bau","extension_exploratoire_post_2100","information","TW_HORS_DOMAINE_STULL","Tw est correctement indisponible car au moins une entrée est hors du domaine publié de Stull.","Aucune correction de données : conserver NC et afficher quelle entrée dépasse le domaine."
"504","Morocco","nafr","2174","bau","extension_exploratoire_post_2100","information","TW_HORS_DOMAINE_STULL","Tw est correctement indisponible car au moins une entrée est hors du domaine publié de Stull.","Aucune correction de données : conserver NC et afficher quelle entrée dépasse le domaine."
"434","Libya","nafr","2174","bau","extension_exploratoire_post_2100","information","TW_HORS_DOMAINE_STULL","Tw est correctement indisponible car au moins une entrée est hors du domaine publié de Stull.","Aucune correction de données : conserver NC et afficher quelle entrée dépasse le domaine."
"732","W. Sahara","nafr","2175","bau","extension_exploratoire_post_2100","information","TW_HORS_DOMAINE_STULL","Tw est correctement indisponible car au moins une entrée est hors du domaine publié de Stull.","Aucune correction de données : conserver NC et afficher quelle entrée dépasse le domaine."
"788","Tunisia","nafr","2175","bau","extension_exploratoire_post_2100","information","TW_HORS_DOMAINE_STULL","Tw est correctement indisponible car au moins une entrée est hors du domaine publié de Stull.","Aucune correction de données : conserver NC et afficher quelle entrée dépasse le domaine."
"012","Algeria","nafr","2175","bau","extension_exploratoire_post_2100","information","TW_HORS_DOMAINE_STULL","Tw est correctement indisponible car au moins une entrée est hors du domaine publié de Stull.","Aucune correction de données : conserver NC et afficher quelle entrée dépasse le domaine."
"784","United Arab Emirates","sau","2175","bau","extension_exploratoire_post_2100","information","TW_HORS_DOMAINE_STULL","Tw est correctement indisponible car au moins une entrée est hors du domaine publié de Stull.","Aucune correction de données : conserver NC et afficher quelle entrée dépasse le domaine."
"634","Qatar","sau","2175","bau","extension_exploratoire_post_2100","information","TW_HORS_DOMAINE_STULL","Tw est correctement indisponible car au moins une entrée est hors du domaine publié de Stull.","Aucune correction de données : conserver NC et afficher quelle entrée dépasse le domaine."
"414","Kuwait","sau","2175","bau","extension_exploratoire_post_2100","information","TW_HORS_DOMAINE_STULL","Tw est correctement indisponible car au moins une entrée est hors du domaine publié de Stull.","Aucune correction de données : conserver NC et afficher quelle entrée dépasse le domaine."
"512","Oman","sau","2175","bau","extension_exploratoire_post_2100","information","TW_HORS_DOMAINE_STULL","Tw est correctement indisponible car au moins une entrée est hors du domaine publié de Stull.","Aucune correction de données : conserver NC et afficher quelle entrée dépasse le domaine."
"356","India","ind","2175","bau","extension_exploratoire_post_2100","information","TW_HORS_DOMAINE_STULL","Tw est correctement indisponible car au moins une entrée est hors du domaine publié de Stull.","Aucune correction de données : conserver NC et afficher quelle entrée dépasse le domaine."
"064","Bhutan","ind","2175","bau","extension_exploratoire_post_2100","information","TW_HORS_DOMAINE_STULL","Tw est correctement indisponible car au moins une entrée est hors du domaine publié de Stull.","Aucune correction de données : conserver NC et afficher quelle entrée dépasse le domaine."
"524","Nepal","ind","2175","bau","extension_exploratoire_post_2100","information","TW_HORS_DOMAINE_STULL","Tw est correctement indisponible car au moins une entrée est hors du domaine publié de Stull.","Aucune correction de données : conserver NC et afficher quelle entrée dépasse le domaine."
"144","Sri Lanka","ind","2175","bau","extension_exploratoire_post_2100","information","TW_HORS_DOMAINE_STULL","Tw est correctement indisponible car au moins une entrée est hors du domaine publié de Stull.","Aucune correction de données : conserver NC et afficher quelle entrée dépasse le domaine."
"887","Yemen","sau","2175","bau","extension_exploratoire_post_2100","information","TW_HORS_DOMAINE_STULL","Tw est correctement indisponible car au moins une entrée est hors du domaine publié de Stull.","Aucune correction de données : conserver NC et afficher quelle entrée dépasse le domaine."
"682","Saudi Arabia","sau","2175","bau","extension_exploratoire_post_2100","information","TW_HORS_DOMAINE_STULL","Tw est correctement indisponible car au moins une entrée est hors du domaine publié de Stull.","Aucune correction de données : conserver NC et afficher quelle entrée dépasse le domaine."
"504","Morocco","nafr","2175","bau","extension_exploratoire_post_2100","information","TW_HORS_DOMAINE_STULL","Tw est correctement indisponible car au moins une entrée est hors du domaine publié de Stull.","Aucune correction de données : conserver NC et afficher quelle entrée dépasse le domaine."
"434","Libya","nafr","2175","bau","extension_exploratoire_post_2100","information","TW_HORS_DOMAINE_STULL","Tw est correctement indisponible car au moins une entrée est hors du domaine publié de Stull.","Aucune correction de données : conserver NC et afficher quelle entrée dépasse le domaine."
"732","W. Sahara","nafr","2176","bau","extension_exploratoire_post_2100","information","TW_HORS_DOMAINE_STULL","Tw est correctement indisponible car au moins une entrée est hors du domaine publié de Stull.","Aucune correction de données : conserver NC et afficher quelle entrée dépasse le domaine."
"788","Tunisia","nafr","2176","bau","extension_exploratoire_post_2100","information","TW_HORS_DOMAINE_STULL","Tw est correctement indisponible car au moins une entrée est hors du domaine publié de Stull.","Aucune correction de données : conserver NC et afficher quelle entrée dépasse le domaine."
"012","Algeria","nafr","2176","bau","extension_exploratoire_post_2100","information","TW_HORS_DOMAINE_STULL","Tw est correctement indisponible car au moins une entrée est hors du domaine publié de Stull.","Aucune correction de données : conserver NC et afficher quelle entrée dépasse le domaine."
"784","United Arab Emirates","sau","2176","bau","extension_exploratoire_post_2100","information","TW_HORS_DOMAINE_STULL","Tw est correctement indisponible car au moins une entrée est hors du domaine publié de Stull.","Aucune correction de données : conserver NC et afficher quelle entrée dépasse le domaine."
"634","Qatar","sau","2176","bau","extension_exploratoire_post_2100","information","TW_HORS_DOMAINE_STULL","Tw est correctement indisponible car au moins une entrée est hors du domaine publié de Stull.","Aucune correction de données : conserver NC et afficher quelle entrée dépasse le domaine."
"414","Kuwait","sau","2176","bau","extension_exploratoire_post_2100","information","TW_HORS_DOMAINE_STULL","Tw est correctement indisponible car au moins une entrée est hors du domaine publié de Stull.","Aucune correction de données : conserver NC et afficher quelle entrée dépasse le domaine."
"512","Oman","sau","2176","bau","extension_exploratoire_post_2100","information","TW_HORS_DOMAINE_STULL","Tw est correctement indisponible car au moins une entrée est hors du domaine publié de Stull.","Aucune correction de données : conserver NC et afficher quelle entrée dépasse le domaine."
"356","India","ind","2176","bau","extension_exploratoire_post_2100","information","TW_HORS_DOMAINE_STULL","Tw est correctement indisponible car au moins une entrée est hors du domaine publié de Stull.","Aucune correction de données : conserver NC et afficher quelle entrée dépasse le domaine."
"064","Bhutan","ind","2176","bau","extension_exploratoire_post_2100","information","TW_HORS_DOMAINE_STULL","Tw est correctement indisponible car au moins une entrée est hors du domaine publié de Stull.","Aucune correction de données : conserver NC et afficher quelle entrée dépasse le domaine."
"524","Nepal","ind","2176","bau","extension_exploratoire_post_2100","information","TW_HORS_DOMAINE_STULL","Tw est correctement indisponible car au moins une entrée est hors du domaine publié de Stull.","Aucune correction de données : conserver NC et afficher quelle entrée dépasse le domaine."
"144","Sri Lanka","ind","2176","bau","extension_exploratoire_post_2100","information","TW_HORS_DOMAINE_STULL","Tw est correctement indisponible car au moins une entrée est hors du domaine publié de Stull.","Aucune correction de données : conserver NC et afficher quelle entrée dépasse le domaine."
"887","Yemen","sau","2176","bau","extension_exploratoire_post_2100","information","TW_HORS_DOMAINE_STULL","Tw est correctement indisponible car au moins une entrée est hors du domaine publié de Stull.","Aucune correction de données : conserver NC et afficher quelle entrée dépasse le domaine."
"682","Saudi Arabia","sau","2176","bau","extension_exploratoire_post_2100","information","TW_HORS_DOMAINE_STULL","Tw est correctement indisponible car au moins une entrée est hors du domaine publié de Stull.","Aucune correction de données : conserver NC et afficher quelle entrée dépasse le domaine."
"504","Morocco","nafr","2176","bau","extension_exploratoire_post_2100","information","TW_HORS_DOMAINE_STULL","Tw est correctement indisponible car au moins une entrée est hors du domaine publié de Stull.","Aucune correction de données : conserver NC et afficher quelle entrée dépasse le domaine."
"434","Libya","nafr","2176","bau","extension_exploratoire_post_2100","information","TW_HORS_DOMAINE_STULL","Tw est correctement indisponible car au moins une entrée est hors du domaine publié de Stull.","Aucune correction de données : conserver NC et afficher quelle entrée dépasse le domaine."
"732","W. Sahara","nafr","2177","bau","extension_exploratoire_post_2100","information","TW_HORS_DOMAINE_STULL","Tw est correctement indisponible car au moins une entrée est hors du domaine publié de Stull.","Aucune correction de données : conserver NC et afficher quelle entrée dépasse le domaine."
"788","Tunisia","nafr","2177","bau","extension_exploratoire_post_2100","information","TW_HORS_DOMAINE_STULL","Tw est correctement indisponible car au moins une entrée est hors du domaine publié de Stull.","Aucune correction de données : conserver NC et afficher quelle entrée dépasse le domaine."
"012","Algeria","nafr","2177","bau","extension_exploratoire_post_2100","information","TW_HORS_DOMAINE_STULL","Tw est correctement indisponible car au moins une entrée est hors du domaine publié de Stull.","Aucune correction de données : conserver NC et afficher quelle entrée dépasse le domaine."
"784","United Arab Emirates","sau","2177","bau","extension_exploratoire_post_2100","information","TW_HORS_DOMAINE_STULL","Tw est correctement indisponible car au moins une entrée est hors du domaine publié de Stull.","Aucune correction de données : conserver NC et afficher quelle entrée dépasse le domaine."
"634","Qatar","sau","2177","bau","extension_exploratoire_post_2100","information","TW_HORS_DOMAINE_STULL","Tw est correctement indisponible car au moins une entrée est hors du domaine publié de Stull.","Aucune correction de données : conserver NC et afficher quelle entrée dépasse le domaine."
"414","Kuwait","sau","2177","bau","extension_exploratoire_post_2100","information","TW_HORS_DOMAINE_STULL","Tw est correctement indisponible car au moins une entrée est hors du domaine publié de Stull.","Aucune correction de données : conserver NC et afficher quelle entrée dépasse le domaine."
"512","Oman","sau","2177","bau","extension_exploratoire_post_2100","information","TW_HORS_DOMAINE_STULL","Tw est correctement indisponible car au moins une entrée est hors du domaine publié de Stull.","Aucune correction de données : conserver NC et afficher quelle entrée dépasse le domaine."
"356","India","ind","2177","bau","extension_exploratoire_post_2100","information","TW_HORS_DOMAINE_STULL","Tw est correctement indisponible car au moins une entrée est hors du domaine publié de Stull.","Aucune correction de données : conserver NC et afficher quelle entrée dépasse le domaine."
"064","Bhutan","ind","2177","bau","extension_exploratoire_post_2100","information","TW_HORS_DOMAINE_STULL","Tw est correctement indisponible car au moins une entrée est hors du domaine publié de Stull.","Aucune correction de données : conserver NC et afficher quelle entrée dépasse le domaine."
"524","Nepal","ind","2177","bau","extension_exploratoire_post_2100","information","TW_HORS_DOMAINE_STULL","Tw est correctement indisponible car au moins une entrée est hors du domaine publié de Stull.","Aucune correction de données : conserver NC et afficher quelle entrée dépasse le domaine."
"144","Sri Lanka","ind","2177","bau","extension_exploratoire_post_2100","information","TW_HORS_DOMAINE_STULL","Tw est correctement indisponible car au moins une entrée est hors du domaine publié de Stull.","Aucune correction de données : conserver NC et afficher quelle entrée dépasse le domaine."
"887","Yemen","sau","2177","bau","extension_exploratoire_post_2100","information","TW_HORS_DOMAINE_STULL","Tw est correctement indisponible car au moins une entrée est hors du domaine publié de Stull.","Aucune correction de données : conserver NC et afficher quelle entrée dépasse le domaine."
"682","Saudi Arabia","sau","2177","bau","extension_exploratoire_post_2100","information","TW_HORS_DOMAINE_STULL","Tw est correctement indisponible car au moins une entrée est hors du domaine publié de Stull.","Aucune correction de données : conserver NC et afficher quelle entrée dépasse le domaine."
"504","Morocco","nafr","2177","bau","extension_exploratoire_post_2100","information","TW_HORS_DOMAINE_STULL","Tw est correctement indisponible car au moins une entrée est hors du domaine publié de Stull.","Aucune correction de données : conserver NC et afficher quelle entrée dépasse le domaine."
"434","Libya","nafr","2177","bau","extension_exploratoire_post_2100","information","TW_HORS_DOMAINE_STULL","Tw est correctement indisponible car au moins une entrée est hors du domaine publié de Stull.","Aucune correction de données : conserver NC et afficher quelle entrée dépasse le domaine."
"732","W. Sahara","nafr","2178","bau","extension_exploratoire_post_2100","information","TW_HORS_DOMAINE_STULL","Tw est correctement indisponible car au moins une entrée est hors du domaine publié de Stull.","Aucune correction de données : conserver NC et afficher quelle entrée dépasse le domaine."
"788","Tunisia","nafr","2178","bau","extension_exploratoire_post_2100","information","TW_HORS_DOMAINE_STULL","Tw est correctement indisponible car au moins une entrée est hors du domaine publié de Stull.","Aucune correction de données : conserver NC et afficher quelle entrée dépasse le domaine."
"012","Algeria","nafr","2178","bau","extension_exploratoire_post_2100","information","TW_HORS_DOMAINE_STULL","Tw est correctement indisponible car au moins une entrée est hors du domaine publié de Stull.","Aucune correction de données : conserver NC et afficher quelle entrée dépasse le domaine."
"784","United Arab Emirates","sau","2178","bau","extension_exploratoire_post_2100","information","TW_HORS_DOMAINE_STULL","Tw est correctement indisponible car au moins une entrée est hors du domaine publié de Stull.","Aucune correction de données : conserver NC et afficher quelle entrée dépasse le domaine."
"634","Qatar","sau","2178","bau","extension_exploratoire_post_2100","information","TW_HORS_DOMAINE_STULL","Tw est correctement indisponible car au moins une entrée est hors du domaine publié de Stull.","Aucune correction de données : conserver NC et afficher quelle entrée dépasse le domaine."
"414","Kuwait","sau","2178","bau","extension_exploratoire_post_2100","information","TW_HORS_DOMAINE_STULL","Tw est correctement indisponible car au moins une entrée est hors du domaine publié de Stull.","Aucune correction de données : conserver NC et afficher quelle entrée dépasse le domaine."
"512","Oman","sau","2178","bau","extension_exploratoire_post_2100","information","TW_HORS_DOMAINE_STULL","Tw est correctement indisponible car au moins une entrée est hors du domaine publié de Stull.","Aucune correction de données : conserver NC et afficher quelle entrée dépasse le domaine."
"356","India","ind","2178","bau","extension_exploratoire_post_2100","information","TW_HORS_DOMAINE_STULL","Tw est correctement indisponible car au moins une entrée est hors du domaine publié de Stull.","Aucune correction de données : conserver NC et afficher quelle entrée dépasse le domaine."
"064","Bhutan","ind","2178","bau","extension_exploratoire_post_2100","information","TW_HORS_DOMAINE_STULL","Tw est correctement indisponible car au moins une entrée est hors du domaine publié de Stull.","Aucune correction de données : conserver NC et afficher quelle entrée dépasse le domaine."
"524","Nepal","ind","2178","bau","extension_exploratoire_post_2100","information","TW_HORS_DOMAINE_STULL","Tw est correctement indisponible car au moins une entrée est hors du domaine publié de Stull.","Aucune correction de données : conserver NC et afficher quelle entrée dépasse le domaine."
"144","Sri Lanka","ind","2178","bau","extension_exploratoire_post_2100","information","TW_HORS_DOMAINE_STULL","Tw est correctement indisponible car au moins une entrée est hors du domaine publié de Stull.","Aucune correction de données : conserver NC et afficher quelle entrée dépasse le domaine."
"887","Yemen","sau","2178","bau","extension_exploratoire_post_2100","information","TW_HORS_DOMAINE_STULL","Tw est correctement indisponible car au moins une entrée est hors du domaine publié de Stull.","Aucune correction de données : conserver NC et afficher quelle entrée dépasse le domaine."
"682","Saudi Arabia","sau","2178","bau","extension_exploratoire_post_2100","information","TW_HORS_DOMAINE_STULL","Tw est correctement indisponible car au moins une entrée est hors du domaine publié de Stull.","Aucune correction de données : conserver NC et afficher quelle entrée dépasse le domaine."
"504","Morocco","nafr","2178","bau","extension_exploratoire_post_2100","information","TW_HORS_DOMAINE_STULL","Tw est correctement indisponible car au moins une entrée est hors du domaine publié de Stull.","Aucune correction de données : conserver NC et afficher quelle entrée dépasse le domaine."
"434","Libya","nafr","2178","bau","extension_exploratoire_post_2100","information","TW_HORS_DOMAINE_STULL","Tw est correctement indisponible car au moins une entrée est hors du domaine publié de Stull.","Aucune correction de données : conserver NC et afficher quelle entrée dépasse le domaine."
"732","W. Sahara","nafr","2179","bau","extension_exploratoire_post_2100","information","TW_HORS_DOMAINE_STULL","Tw est correctement indisponible car au moins une entrée est hors du domaine publié de Stull.","Aucune correction de données : conserver NC et afficher quelle entrée dépasse le domaine."
"788","Tunisia","nafr","2179","bau","extension_exploratoire_post_2100","information","TW_HORS_DOMAINE_STULL","Tw est correctement indisponible car au moins une entrée est hors du domaine publié de Stull.","Aucune correction de données : conserver NC et afficher quelle entrée dépasse le domaine."
"012","Algeria","nafr","2179","bau","extension_exploratoire_post_2100","information","TW_HORS_DOMAINE_STULL","Tw est correctement indisponible car au moins une entrée est hors du domaine publié de Stull.","Aucune correction de données : conserver NC et afficher quelle entrée dépasse le domaine."
"784","United Arab Emirates","sau","2179","bau","extension_exploratoire_post_2100","information","TW_HORS_DOMAINE_STULL","Tw est correctement indisponible car au moins une entrée est hors du domaine publié de Stull.","Aucune correction de données : conserver NC et afficher quelle entrée dépasse le domaine."
"634","Qatar","sau","2179","bau","extension_exploratoire_post_2100","information","TW_HORS_DOMAINE_STULL","Tw est correctement indisponible car au moins une entrée est hors du domaine publié de Stull.","Aucune correction de données : conserver NC et afficher quelle entrée dépasse le domaine."
"414","Kuwait","sau","2179","bau","extension_exploratoire_post_2100","information","TW_HORS_DOMAINE_STULL","Tw est correctement indisponible car au moins une entrée est hors du domaine publié de Stull.","Aucune correction de données : conserver NC et afficher quelle entrée dépasse le domaine."
"512","Oman","sau","2179","bau","extension_exploratoire_post_2100","information","TW_HORS_DOMAINE_STULL","Tw est correctement indisponible car au moins une entrée est hors du domaine publié de Stull.","Aucune correction de données : conserver NC et afficher quelle entrée dépasse le domaine."
"356","India","ind","2179","bau","extension_exploratoire_post_2100","information","TW_HORS_DOMAINE_STULL","Tw est correctement indisponible car au moins une entrée est hors du domaine publié de Stull.","Aucune correction de données : conserver NC et afficher quelle entrée dépasse le domaine."
"064","Bhutan","ind","2179","bau","extension_exploratoire_post_2100","information","TW_HORS_DOMAINE_STULL","Tw est correctement indisponible car au moins une entrée est hors du domaine publié de Stull.","Aucune correction de données : conserver NC et afficher quelle entrée dépasse le domaine."
"524","Nepal","ind","2179","bau","extension_exploratoire_post_2100","information","TW_HORS_DOMAINE_STULL","Tw est correctement indisponible car au moins une entrée est hors du domaine publié de Stull.","Aucune correction de données : conserver NC et afficher quelle entrée dépasse le domaine."
"144","Sri Lanka","ind","2179","bau","extension_exploratoire_post_2100","information","TW_HORS_DOMAINE_STULL","Tw est correctement indisponible car au moins une entrée est hors du domaine publié de Stull.","Aucune correction de données : conserver NC et afficher quelle entrée dépasse le domaine."
"887","Yemen","sau","2179","bau","extension_exploratoire_post_2100","information","TW_HORS_DOMAINE_STULL","Tw est correctement indisponible car au moins une entrée est hors du domaine publié de Stull.","Aucune correction de données : conserver NC et afficher quelle entrée dépasse le domaine."
"682","Saudi Arabia","sau","2179","bau","extension_exploratoire_post_2100","information","TW_HORS_DOMAINE_STULL","Tw est correctement indisponible car au moins une entrée est hors du domaine publié de Stull.","Aucune correction de données : conserver NC et afficher quelle entrée dépasse le domaine."
"504","Morocco","nafr","2179","bau","extension_exploratoire_post_2100","information","TW_HORS_DOMAINE_STULL","Tw est correctement indisponible car au moins une entrée est hors du domaine publié de Stull.","Aucune correction de données : conserver NC et afficher quelle entrée dépasse le domaine."
"434","Libya","nafr","2179","bau","extension_exploratoire_post_2100","information","TW_HORS_DOMAINE_STULL","Tw est correctement indisponible car au moins une entrée est hors du domaine publié de Stull.","Aucune correction de données : conserver NC et afficher quelle entrée dépasse le domaine."
"732","W. Sahara","nafr","2180","bau","extension_exploratoire_post_2100","information","TW_HORS_DOMAINE_STULL","Tw est correctement indisponible car au moins une entrée est hors du domaine publié de Stull.","Aucune correction de données : conserver NC et afficher quelle entrée dépasse le domaine."
"788","Tunisia","nafr","2180","bau","extension_exploratoire_post_2100","information","TW_HORS_DOMAINE_STULL","Tw est correctement indisponible car au moins une entrée est hors du domaine publié de Stull.","Aucune correction de données : conserver NC et afficher quelle entrée dépasse le domaine."
"012","Algeria","nafr","2180","bau","extension_exploratoire_post_2100","information","TW_HORS_DOMAINE_STULL","Tw est correctement indisponible car au moins une entrée est hors du domaine publié de Stull.","Aucune correction de données : conserver NC et afficher quelle entrée dépasse le domaine."
"784","United Arab Emirates","sau","2180","bau","extension_exploratoire_post_2100","information","TW_HORS_DOMAINE_STULL","Tw est correctement indisponible car au moins une entrée est hors du domaine publié de Stull.","Aucune correction de données : conserver NC et afficher quelle entrée dépasse le domaine."
"634","Qatar","sau","2180","bau","extension_exploratoire_post_2100","information","TW_HORS_DOMAINE_STULL","Tw est correctement indisponible car au moins une entrée est hors du domaine publié de Stull.","Aucune correction de données : conserver NC et afficher quelle entrée dépasse le domaine."
"414","Kuwait","sau","2180","bau","extension_exploratoire_post_2100","information","TW_HORS_DOMAINE_STULL","Tw est correctement indisponible car au moins une entrée est hors du domaine publié de Stull.","Aucune correction de données : conserver NC et afficher quelle entrée dépasse le domaine."
"512","Oman","sau","2180","bau","extension_exploratoire_post_2100","information","TW_HORS_DOMAINE_STULL","Tw est correctement indisponible car au moins une entrée est hors du domaine publié de Stull.","Aucune correction de données : conserver NC et afficher quelle entrée dépasse le domaine."
"356","India","ind","2180","bau","extension_exploratoire_post_2100","information","TW_HORS_DOMAINE_STULL","Tw est correctement indisponible car au moins une entrée est hors du domaine publié de Stull.","Aucune correction de données : conserver NC et afficher quelle entrée dépasse le domaine."
"064","Bhutan","ind","2180","bau","extension_exploratoire_post_2100","information","TW_HORS_DOMAINE_STULL","Tw est correctement indisponible car au moins une entrée est hors du domaine publié de Stull.","Aucune correction de données : conserver NC et afficher quelle entrée dépasse le domaine."
"524","Nepal","ind","2180","bau","extension_exploratoire_post_2100","information","TW_HORS_DOMAINE_STULL","Tw est correctement indisponible car au moins une entrée est hors du domaine publié de Stull.","Aucune correction de données : conserver NC et afficher quelle entrée dépasse le domaine."
"144","Sri Lanka","ind","2180","bau","extension_exploratoire_post_2100","information","TW_HORS_DOMAINE_STULL","Tw est correctement indisponible car au moins une entrée est hors du domaine publié de Stull.","Aucune correction de données : conserver NC et afficher quelle entrée dépasse le domaine."
"887","Yemen","sau","2180","bau","extension_exploratoire_post_2100","information","TW_HORS_DOMAINE_STULL","Tw est correctement indisponible car au moins une entrée est hors du domaine publié de Stull.","Aucune correction de données : conserver NC et afficher quelle entrée dépasse le domaine."
"682","Saudi Arabia","sau","2180","bau","extension_exploratoire_post_2100","information","TW_HORS_DOMAINE_STULL","Tw est correctement indisponible car au moins une entrée est hors du domaine publié de Stull.","Aucune correction de données : conserver NC et afficher quelle entrée dépasse le domaine."
"504","Morocco","nafr","2180","bau","extension_exploratoire_post_2100","information","TW_HORS_DOMAINE_STULL","Tw est correctement indisponible car au moins une entrée est hors du domaine publié de Stull.","Aucune correction de données : conserver NC et afficher quelle entrée dépasse le domaine."
"434","Libya","nafr","2180","bau","extension_exploratoire_post_2100","information","TW_HORS_DOMAINE_STULL","Tw est correctement indisponible car au moins une entrée est hors du domaine publié de Stull.","Aucune correction de données : conserver NC et afficher quelle entrée dépasse le domaine."
"732","W. Sahara","nafr","2181","bau","extension_exploratoire_post_2100","information","TW_HORS_DOMAINE_STULL","Tw est correctement indisponible car au moins une entrée est hors du domaine publié de Stull.","Aucune correction de données : conserver NC et afficher quelle entrée dépasse le domaine."
"788","Tunisia","nafr","2181","bau","extension_exploratoire_post_2100","information","TW_HORS_DOMAINE_STULL","Tw est correctement indisponible car au moins une entrée est hors du domaine publié de Stull.","Aucune correction de données : conserver NC et afficher quelle entrée dépasse le domaine."
"012","Algeria","nafr","2181","bau","extension_exploratoire_post_2100","information","TW_HORS_DOMAINE_STULL","Tw est correctement indisponible car au moins une entrée est hors du domaine publié de Stull.","Aucune correction de données : conserver NC et afficher quelle entrée dépasse le domaine."
"784","United Arab Emirates","sau","2181","bau","extension_exploratoire_post_2100","information","TW_HORS_DOMAINE_STULL","Tw est correctement indisponible car au moins une entrée est hors du domaine publié de Stull.","Aucune correction de données : conserver NC et afficher quelle entrée dépasse le domaine."
"634","Qatar","sau","2181","bau","extension_exploratoire_post_2100","information","TW_HORS_DOMAINE_STULL","Tw est correctement indisponible car au moins une entrée est hors du domaine publié de Stull.","Aucune correction de données : conserver NC et afficher quelle entrée dépasse le domaine."
"414","Kuwait","sau","2181","bau","extension_exploratoire_post_2100","information","TW_HORS_DOMAINE_STULL","Tw est correctement indisponible car au moins une entrée est hors du domaine publié de Stull.","Aucune correction de données : conserver NC et afficher quelle entrée dépasse le domaine."
"512","Oman","sau","2181","bau","extension_exploratoire_post_2100","information","TW_HORS_DOMAINE_STULL","Tw est correctement indisponible car au moins une entrée est hors du domaine publié de Stull.","Aucune correction de données : conserver NC et afficher quelle entrée dépasse le domaine."
"356","India","ind","2181","bau","extension_exploratoire_post_2100","information","TW_HORS_DOMAINE_STULL","Tw est correctement indisponible car au moins une entrée est hors du domaine publié de Stull.","Aucune correction de données : conserver NC et afficher quelle entrée dépasse le domaine."
"064","Bhutan","ind","2181","bau","extension_exploratoire_post_2100","information","TW_HORS_DOMAINE_STULL","Tw est correctement indisponible car au moins une entrée est hors du domaine publié de Stull.","Aucune correction de données : conserver NC et afficher quelle entrée dépasse le domaine."
"524","Nepal","ind","2181","bau","extension_exploratoire_post_2100","information","TW_HORS_DOMAINE_STULL","Tw est correctement indisponible car au moins une entrée est hors du domaine publié de Stull.","Aucune correction de données : conserver NC et afficher quelle entrée dépasse le domaine."
"144","Sri Lanka","ind","2181","bau","extension_exploratoire_post_2100","information","TW_HORS_DOMAINE_STULL","Tw est correctement indisponible car au moins une entrée est hors du domaine publié de Stull.","Aucune correction de données : conserver NC et afficher quelle entrée dépasse le domaine."
"887","Yemen","sau","2181","bau","extension_exploratoire_post_2100","information","TW_HORS_DOMAINE_STULL","Tw est correctement indisponible car au moins une entrée est hors du domaine publié de Stull.","Aucune correction de données : conserver NC et afficher quelle entrée dépasse le domaine."
"682","Saudi Arabia","sau","2181","bau","extension_exploratoire_post_2100","information","TW_HORS_DOMAINE_STULL","Tw est correctement indisponible car au moins une entrée est hors du domaine publié de Stull.","Aucune correction de données : conserver NC et afficher quelle entrée dépasse le domaine."
"504","Morocco","nafr","2181","bau","extension_exploratoire_post_2100","information","TW_HORS_DOMAINE_STULL","Tw est correctement indisponible car au moins une entrée est hors du domaine publié de Stull.","Aucune correction de données : conserver NC et afficher quelle entrée dépasse le domaine."
"434","Libya","nafr","2181","bau","extension_exploratoire_post_2100","information","TW_HORS_DOMAINE_STULL","Tw est correctement indisponible car au moins une entrée est hors du domaine publié de Stull.","Aucune correction de données : conserver NC et afficher quelle entrée dépasse le domaine."
"732","W. Sahara","nafr","2182","bau","extension_exploratoire_post_2100","information","TW_HORS_DOMAINE_STULL","Tw est correctement indisponible car au moins une entrée est hors du domaine publié de Stull.","Aucune correction de données : conserver NC et afficher quelle entrée dépasse le domaine."
"788","Tunisia","nafr","2182","bau","extension_exploratoire_post_2100","information","TW_HORS_DOMAINE_STULL","Tw est correctement indisponible car au moins une entrée est hors du domaine publié de Stull.","Aucune correction de données : conserver NC et afficher quelle entrée dépasse le domaine."
"012","Algeria","nafr","2182","bau","extension_exploratoire_post_2100","information","TW_HORS_DOMAINE_STULL","Tw est correctement indisponible car au moins une entrée est hors du domaine publié de Stull.","Aucune correction de données : conserver NC et afficher quelle entrée dépasse le domaine."
"784","United Arab Emirates","sau","2182","bau","extension_exploratoire_post_2100","information","TW_HORS_DOMAINE_STULL","Tw est correctement indisponible car au moins une entrée est hors du domaine publié de Stull.","Aucune correction de données : conserver NC et afficher quelle entrée dépasse le domaine."
"634","Qatar","sau","2182","bau","extension_exploratoire_post_2100","information","TW_HORS_DOMAINE_STULL","Tw est correctement indisponible car au moins une entrée est hors du domaine publié de Stull.","Aucune correction de données : conserver NC et afficher quelle entrée dépasse le domaine."
"414","Kuwait","sau","2182","bau","extension_exploratoire_post_2100","information","TW_HORS_DOMAINE_STULL","Tw est correctement indisponible car au moins une entrée est hors du domaine publié de Stull.","Aucune correction de données : conserver NC et afficher quelle entrée dépasse le domaine."
"512","Oman","sau","2182","bau","extension_exploratoire_post_2100","information","TW_HORS_DOMAINE_STULL","Tw est correctement indisponible car au moins une entrée est hors du domaine publié de Stull.","Aucune correction de données : conserver NC et afficher quelle entrée dépasse le domaine."
"356","India","ind","2182","bau","extension_exploratoire_post_2100","information","TW_HORS_DOMAINE_STULL","Tw est correctement indisponible car au moins une entrée est hors du domaine publié de Stull.","Aucune correction de données : conserver NC et afficher quelle entrée dépasse le domaine."
"064","Bhutan","ind","2182","bau","extension_exploratoire_post_2100","information","TW_HORS_DOMAINE_STULL","Tw est correctement indisponible car au moins une entrée est hors du domaine publié de Stull.","Aucune correction de données : conserver NC et afficher quelle entrée dépasse le domaine."
"524","Nepal","ind","2182","bau","extension_exploratoire_post_2100","information","TW_HORS_DOMAINE_STULL","Tw est correctement indisponible car au moins une entrée est hors du domaine publié de Stull.","Aucune correction de données : conserver NC et afficher quelle entrée dépasse le domaine."
"144","Sri Lanka","ind","2182","bau","extension_exploratoire_post_2100","information","TW_HORS_DOMAINE_STULL","Tw est correctement indisponible car au moins une entrée est hors du domaine publié de Stull.","Aucune correction de données : conserver NC et afficher quelle entrée dépasse le domaine."
"887","Yemen","sau","2182","bau","extension_exploratoire_post_2100","information","TW_HORS_DOMAINE_STULL","Tw est correctement indisponible car au moins une entrée est hors du domaine publié de Stull.","Aucune correction de données : conserver NC et afficher quelle entrée dépasse le domaine."
"682","Saudi Arabia","sau","2182","bau","extension_exploratoire_post_2100","information","TW_HORS_DOMAINE_STULL","Tw est correctement indisponible car au moins une entrée est hors du domaine publié de Stull.","Aucune correction de données : conserver NC et afficher quelle entrée dépasse le domaine."
"504","Morocco","nafr","2182","bau","extension_exploratoire_post_2100","information","TW_HORS_DOMAINE_STULL","Tw est correctement indisponible car au moins une entrée est hors du domaine publié de Stull.","Aucune correction de données : conserver NC et afficher quelle entrée dépasse le domaine."
"434","Libya","nafr","2182","bau","extension_exploratoire_post_2100","information","TW_HORS_DOMAINE_STULL","Tw est correctement indisponible car au moins une entrée est hors du domaine publié de Stull.","Aucune correction de données : conserver NC et afficher quelle entrée dépasse le domaine."
"732","W. Sahara","nafr","2183","bau","extension_exploratoire_post_2100","information","TW_HORS_DOMAINE_STULL","Tw est correctement indisponible car au moins une entrée est hors du domaine publié de Stull.","Aucune correction de données : conserver NC et afficher quelle entrée dépasse le domaine."
"788","Tunisia","nafr","2183","bau","extension_exploratoire_post_2100","information","TW_HORS_DOMAINE_STULL","Tw est correctement indisponible car au moins une entrée est hors du domaine publié de Stull.","Aucune correction de données : conserver NC et afficher quelle entrée dépasse le domaine."
"012","Algeria","nafr","2183","bau","extension_exploratoire_post_2100","information","TW_HORS_DOMAINE_STULL","Tw est correctement indisponible car au moins une entrée est hors du domaine publié de Stull.","Aucune correction de données : conserver NC et afficher quelle entrée dépasse le domaine."
"784","United Arab Emirates","sau","2183","bau","extension_exploratoire_post_2100","information","TW_HORS_DOMAINE_STULL","Tw est correctement indisponible car au moins une entrée est hors du domaine publié de Stull.","Aucune correction de données : conserver NC et afficher quelle entrée dépasse le domaine."
"634","Qatar","sau","2183","bau","extension_exploratoire_post_2100","information","TW_HORS_DOMAINE_STULL","Tw est correctement indisponible car au moins une entrée est hors du domaine publié de Stull.","Aucune correction de données : conserver NC et afficher quelle entrée dépasse le domaine."
"414","Kuwait","sau","2183","bau","extension_exploratoire_post_2100","information","TW_HORS_DOMAINE_STULL","Tw est correctement indisponible car au moins une entrée est hors du domaine publié de Stull.","Aucune correction de données : conserver NC et afficher quelle entrée dépasse le domaine."
"512","Oman","sau","2183","bau","extension_exploratoire_post_2100","information","TW_HORS_DOMAINE_STULL","Tw est correctement indisponible car au moins une entrée est hors du domaine publié de Stull.","Aucune correction de données : conserver NC et afficher quelle entrée dépasse le domaine."
"356","India","ind","2183","bau","extension_exploratoire_post_2100","information","TW_HORS_DOMAINE_STULL","Tw est correctement indisponible car au moins une entrée est hors du domaine publié de Stull.","Aucune correction de données : conserver NC et afficher quelle entrée dépasse le domaine."
"064","Bhutan","ind","2183","bau","extension_exploratoire_post_2100","information","TW_HORS_DOMAINE_STULL","Tw est correctement indisponible car au moins une entrée est hors du domaine publié de Stull.","Aucune correction de données : conserver NC et afficher quelle entrée dépasse le domaine."
"524","Nepal","ind","2183","bau","extension_exploratoire_post_2100","information","TW_HORS_DOMAINE_STULL","Tw est correctement indisponible car au moins une entrée est hors du domaine publié de Stull.","Aucune correction de données : conserver NC et afficher quelle entrée dépasse le domaine."
"144","Sri Lanka","ind","2183","bau","extension_exploratoire_post_2100","information","TW_HORS_DOMAINE_STULL","Tw est correctement indisponible car au moins une entrée est hors du domaine publié de Stull.","Aucune correction de données : conserver NC et afficher quelle entrée dépasse le domaine."
"887","Yemen","sau","2183","bau","extension_exploratoire_post_2100","information","TW_HORS_DOMAINE_STULL","Tw est correctement indisponible car au moins une entrée est hors du domaine publié de Stull.","Aucune correction de données : conserver NC et afficher quelle entrée dépasse le domaine."
"682","Saudi Arabia","sau","2183","bau","extension_exploratoire_post_2100","information","TW_HORS_DOMAINE_STULL","Tw est correctement indisponible car au moins une entrée est hors du domaine publié de Stull.","Aucune correction de données : conserver NC et afficher quelle entrée dépasse le domaine."
"504","Morocco","nafr","2183","bau","extension_exploratoire_post_2100","information","TW_HORS_DOMAINE_STULL","Tw est correctement indisponible car au moins une entrée est hors du domaine publié de Stull.","Aucune correction de données : conserver NC et afficher quelle entrée dépasse le domaine."
"434","Libya","nafr","2183","bau","extension_exploratoire_post_2100","information","TW_HORS_DOMAINE_STULL","Tw est correctement indisponible car au moins une entrée est hors du domaine publié de Stull.","Aucune correction de données : conserver NC et afficher quelle entrée dépasse le domaine."
"732","W. Sahara","nafr","2184","bau","extension_exploratoire_post_2100","information","TW_HORS_DOMAINE_STULL","Tw est correctement indisponible car au moins une entrée est hors du domaine publié de Stull.","Aucune correction de données : conserver NC et afficher quelle entrée dépasse le domaine."
"788","Tunisia","nafr","2184","bau","extension_exploratoire_post_2100","information","TW_HORS_DOMAINE_STULL","Tw est correctement indisponible car au moins une entrée est hors du domaine publié de Stull.","Aucune correction de données : conserver NC et afficher quelle entrée dépasse le domaine."
"012","Algeria","nafr","2184","bau","extension_exploratoire_post_2100","information","TW_HORS_DOMAINE_STULL","Tw est correctement indisponible car au moins une entrée est hors du domaine publié de Stull.","Aucune correction de données : conserver NC et afficher quelle entrée dépasse le domaine."
"784","United Arab Emirates","sau","2184","bau","extension_exploratoire_post_2100","information","TW_HORS_DOMAINE_STULL","Tw est correctement indisponible car au moins une entrée est hors du domaine publié de Stull.","Aucune correction de données : conserver NC et afficher quelle entrée dépasse le domaine."
"634","Qatar","sau","2184","bau","extension_exploratoire_post_2100","information","TW_HORS_DOMAINE_STULL","Tw est correctement indisponible car au moins une entrée est hors du domaine publié de Stull.","Aucune correction de données : conserver NC et afficher quelle entrée dépasse le domaine."
"414","Kuwait","sau","2184","bau","extension_exploratoire_post_2100","information","TW_HORS_DOMAINE_STULL","Tw est correctement indisponible car au moins une entrée est hors du domaine publié de Stull.","Aucune correction de données : conserver NC et afficher quelle entrée dépasse le domaine."
"512","Oman","sau","2184","bau","extension_exploratoire_post_2100","information","TW_HORS_DOMAINE_STULL","Tw est correctement indisponible car au moins une entrée est hors du domaine publié de Stull.","Aucune correction de données : conserver NC et afficher quelle entrée dépasse le domaine."
"356","India","ind","2184","bau","extension_exploratoire_post_2100","information","TW_HORS_DOMAINE_STULL","Tw est correctement indisponible car au moins une entrée est hors du domaine publié de Stull.","Aucune correction de données : conserver NC et afficher quelle entrée dépasse le domaine."
"064","Bhutan","ind","2184","bau","extension_exploratoire_post_2100","information","TW_HORS_DOMAINE_STULL","Tw est correctement indisponible car au moins une entrée est hors du domaine publié de Stull.","Aucune correction de données : conserver NC et afficher quelle entrée dépasse le domaine."
"524","Nepal","ind","2184","bau","extension_exploratoire_post_2100","information","TW_HORS_DOMAINE_STULL","Tw est correctement indisponible car au moins une entrée est hors du domaine publié de Stull.","Aucune correction de données : conserver NC et afficher quelle entrée dépasse le domaine."
"144","Sri Lanka","ind","2184","bau","extension_exploratoire_post_2100","information","TW_HORS_DOMAINE_STULL","Tw est correctement indisponible car au moins une entrée est hors du domaine publié de Stull.","Aucune correction de données : conserver NC et afficher quelle entrée dépasse le domaine."
"887","Yemen","sau","2184","bau","extension_exploratoire_post_2100","information","TW_HORS_DOMAINE_STULL","Tw est correctement indisponible car au moins une entrée est hors du domaine publié de Stull.","Aucune correction de données : conserver NC et afficher quelle entrée dépasse le domaine."
"682","Saudi Arabia","sau","2184","bau","extension_exploratoire_post_2100","information","TW_HORS_DOMAINE_STULL","Tw est correctement indisponible car au moins une entrée est hors du domaine publié de Stull.","Aucune correction de données : conserver NC et afficher quelle entrée dépasse le domaine."
"504","Morocco","nafr","2184","bau","extension_exploratoire_post_2100","information","TW_HORS_DOMAINE_STULL","Tw est correctement indisponible car au moins une entrée est hors du domaine publié de Stull.","Aucune correction de données : conserver NC et afficher quelle entrée dépasse le domaine."
"434","Libya","nafr","2184","bau","extension_exploratoire_post_2100","information","TW_HORS_DOMAINE_STULL","Tw est correctement indisponible car au moins une entrée est hors du domaine publié de Stull.","Aucune correction de données : conserver NC et afficher quelle entrée dépasse le domaine."
"732","W. Sahara","nafr","2185","bau","extension_exploratoire_post_2100","information","TW_HORS_DOMAINE_STULL","Tw est correctement indisponible car au moins une entrée est hors du domaine publié de Stull.","Aucune correction de données : conserver NC et afficher quelle entrée dépasse le domaine."
"788","Tunisia","nafr","2185","bau","extension_exploratoire_post_2100","information","TW_HORS_DOMAINE_STULL","Tw est correctement indisponible car au moins une entrée est hors du domaine publié de Stull.","Aucune correction de données : conserver NC et afficher quelle entrée dépasse le domaine."
"012","Algeria","nafr","2185","bau","extension_exploratoire_post_2100","information","TW_HORS_DOMAINE_STULL","Tw est correctement indisponible car au moins une entrée est hors du domaine publié de Stull.","Aucune correction de données : conserver NC et afficher quelle entrée dépasse le domaine."
"784","United Arab Emirates","sau","2185","bau","extension_exploratoire_post_2100","information","TW_HORS_DOMAINE_STULL","Tw est correctement indisponible car au moins une entrée est hors du domaine publié de Stull.","Aucune correction de données : conserver NC et afficher quelle entrée dépasse le domaine."
"634","Qatar","sau","2185","bau","extension_exploratoire_post_2100","information","TW_HORS_DOMAINE_STULL","Tw est correctement indisponible car au moins une entrée est hors du domaine publié de Stull.","Aucune correction de données : conserver NC et afficher quelle entrée dépasse le domaine."
"414","Kuwait","sau","2185","bau","extension_exploratoire_post_2100","information","TW_HORS_DOMAINE_STULL","Tw est correctement indisponible car au moins une entrée est hors du domaine publié de Stull.","Aucune correction de données : conserver NC et afficher quelle entrée dépasse le domaine."
"512","Oman","sau","2185","bau","extension_exploratoire_post_2100","information","TW_HORS_DOMAINE_STULL","Tw est correctement indisponible car au moins une entrée est hors du domaine publié de Stull.","Aucune correction de données : conserver NC et afficher quelle entrée dépasse le domaine."
"356","India","ind","2185","bau","extension_exploratoire_post_2100","information","TW_HORS_DOMAINE_STULL","Tw est correctement indisponible car au moins une entrée est hors du domaine publié de Stull.","Aucune correction de données : conserver NC et afficher quelle entrée dépasse le domaine."
"064","Bhutan","ind","2185","bau","extension_exploratoire_post_2100","information","TW_HORS_DOMAINE_STULL","Tw est correctement indisponible car au moins une entrée est hors du domaine publié de Stull.","Aucune correction de données : conserver NC et afficher quelle entrée dépasse le domaine."
"524","Nepal","ind","2185","bau","extension_exploratoire_post_2100","information","TW_HORS_DOMAINE_STULL","Tw est correctement indisponible car au moins une entrée est hors du domaine publié de Stull.","Aucune correction de données : conserver NC et afficher quelle entrée dépasse le domaine."
"144","Sri Lanka","ind","2185","bau","extension_exploratoire_post_2100","information","TW_HORS_DOMAINE_STULL","Tw est correctement indisponible car au moins une entrée est hors du domaine publié de Stull.","Aucune correction de données : conserver NC et afficher quelle entrée dépasse le domaine."
"887","Yemen","sau","2185","bau","extension_exploratoire_post_2100","information","TW_HORS_DOMAINE_STULL","Tw est correctement indisponible car au moins une entrée est hors du domaine publié de Stull.","Aucune correction de données : conserver NC et afficher quelle entrée dépasse le domaine."
"682","Saudi Arabia","sau","2185","bau","extension_exploratoire_post_2100","information","TW_HORS_DOMAINE_STULL","Tw est correctement indisponible car au moins une entrée est hors du domaine publié de Stull.","Aucune correction de données : conserver NC et afficher quelle entrée dépasse le domaine."
"504","Morocco","nafr","2185","bau","extension_exploratoire_post_2100","information","TW_HORS_DOMAINE_STULL","Tw est correctement indisponible car au moins une entrée est hors du domaine publié de Stull.","Aucune correction de données : conserver NC et afficher quelle entrée dépasse le domaine."
"434","Libya","nafr","2185","bau","extension_exploratoire_post_2100","information","TW_HORS_DOMAINE_STULL","Tw est correctement indisponible car au moins une entrée est hors du domaine publié de Stull.","Aucune correction de données : conserver NC et afficher quelle entrée dépasse le domaine."
"732","W. Sahara","nafr","2186","bau","extension_exploratoire_post_2100","information","TW_HORS_DOMAINE_STULL","Tw est correctement indisponible car au moins une entrée est hors du domaine publié de Stull.","Aucune correction de données : conserver NC et afficher quelle entrée dépasse le domaine."
"788","Tunisia","nafr","2186","bau","extension_exploratoire_post_2100","information","TW_HORS_DOMAINE_STULL","Tw est correctement indisponible car au moins une entrée est hors du domaine publié de Stull.","Aucune correction de données : conserver NC et afficher quelle entrée dépasse le domaine."
"012","Algeria","nafr","2186","bau","extension_exploratoire_post_2100","information","TW_HORS_DOMAINE_STULL","Tw est correctement indisponible car au moins une entrée est hors du domaine publié de Stull.","Aucune correction de données : conserver NC et afficher quelle entrée dépasse le domaine."
"784","United Arab Emirates","sau","2186","bau","extension_exploratoire_post_2100","information","TW_HORS_DOMAINE_STULL","Tw est correctement indisponible car au moins une entrée est hors du domaine publié de Stull.","Aucune correction de données : conserver NC et afficher quelle entrée dépasse le domaine."
"634","Qatar","sau","2186","bau","extension_exploratoire_post_2100","information","TW_HORS_DOMAINE_STULL","Tw est correctement indisponible car au moins une entrée est hors du domaine publié de Stull.","Aucune correction de données : conserver NC et afficher quelle entrée dépasse le domaine."
"414","Kuwait","sau","2186","bau","extension_exploratoire_post_2100","information","TW_HORS_DOMAINE_STULL","Tw est correctement indisponible car au moins une entrée est hors du domaine publié de Stull.","Aucune correction de données : conserver NC et afficher quelle entrée dépasse le domaine."
"512","Oman","sau","2186","bau","extension_exploratoire_post_2100","information","TW_HORS_DOMAINE_STULL","Tw est correctement indisponible car au moins une entrée est hors du domaine publié de Stull.","Aucune correction de données : conserver NC et afficher quelle entrée dépasse le domaine."
"356","India","ind","2186","bau","extension_exploratoire_post_2100","information","TW_HORS_DOMAINE_STULL","Tw est correctement indisponible car au moins une entrée est hors du domaine publié de Stull.","Aucune correction de données : conserver NC et afficher quelle entrée dépasse le domaine."
"064","Bhutan","ind","2186","bau","extension_exploratoire_post_2100","information","TW_HORS_DOMAINE_STULL","Tw est correctement indisponible car au moins une entrée est hors du domaine publié de Stull.","Aucune correction de données : conserver NC et afficher quelle entrée dépasse le domaine."
"524","Nepal","ind","2186","bau","extension_exploratoire_post_2100","information","TW_HORS_DOMAINE_STULL","Tw est correctement indisponible car au moins une entrée est hors du domaine publié de Stull.","Aucune correction de données : conserver NC et afficher quelle entrée dépasse le domaine."
"144","Sri Lanka","ind","2186","bau","extension_exploratoire_post_2100","information","TW_HORS_DOMAINE_STULL","Tw est correctement indisponible car au moins une entrée est hors du domaine publié de Stull.","Aucune correction de données : conserver NC et afficher quelle entrée dépasse le domaine."
"887","Yemen","sau","2186","bau","extension_exploratoire_post_2100","information","TW_HORS_DOMAINE_STULL","Tw est correctement indisponible car au moins une entrée est hors du domaine publié de Stull.","Aucune correction de données : conserver NC et afficher quelle entrée dépasse le domaine."
"682","Saudi Arabia","sau","2186","bau","extension_exploratoire_post_2100","information","TW_HORS_DOMAINE_STULL","Tw est correctement indisponible car au moins une entrée est hors du domaine publié de Stull.","Aucune correction de données : conserver NC et afficher quelle entrée dépasse le domaine."
"504","Morocco","nafr","2186","bau","extension_exploratoire_post_2100","information","TW_HORS_DOMAINE_STULL","Tw est correctement indisponible car au moins une entrée est hors du domaine publié de Stull.","Aucune correction de données : conserver NC et afficher quelle entrée dépasse le domaine."
"434","Libya","nafr","2186","bau","extension_exploratoire_post_2100","information","TW_HORS_DOMAINE_STULL","Tw est correctement indisponible car au moins une entrée est hors du domaine publié de Stull.","Aucune correction de données : conserver NC et afficher quelle entrée dépasse le domaine."
"732","W. Sahara","nafr","2187","bau","extension_exploratoire_post_2100","information","TW_HORS_DOMAINE_STULL","Tw est correctement indisponible car au moins une entrée est hors du domaine publié de Stull.","Aucune correction de données : conserver NC et afficher quelle entrée dépasse le domaine."
"788","Tunisia","nafr","2187","bau","extension_exploratoire_post_2100","information","TW_HORS_DOMAINE_STULL","Tw est correctement indisponible car au moins une entrée est hors du domaine publié de Stull.","Aucune correction de données : conserver NC et afficher quelle entrée dépasse le domaine."
"012","Algeria","nafr","2187","bau","extension_exploratoire_post_2100","information","TW_HORS_DOMAINE_STULL","Tw est correctement indisponible car au moins une entrée est hors du domaine publié de Stull.","Aucune correction de données : conserver NC et afficher quelle entrée dépasse le domaine."
"784","United Arab Emirates","sau","2187","bau","extension_exploratoire_post_2100","information","TW_HORS_DOMAINE_STULL","Tw est correctement indisponible car au moins une entrée est hors du domaine publié de Stull.","Aucune correction de données : conserver NC et afficher quelle entrée dépasse le domaine."
"634","Qatar","sau","2187","bau","extension_exploratoire_post_2100","information","TW_HORS_DOMAINE_STULL","Tw est correctement indisponible car au moins une entrée est hors du domaine publié de Stull.","Aucune correction de données : conserver NC et afficher quelle entrée dépasse le domaine."
"414","Kuwait","sau","2187","bau","extension_exploratoire_post_2100","information","TW_HORS_DOMAINE_STULL","Tw est correctement indisponible car au moins une entrée est hors du domaine publié de Stull.","Aucune correction de données : conserver NC et afficher quelle entrée dépasse le domaine."
"512","Oman","sau","2187","bau","extension_exploratoire_post_2100","information","TW_HORS_DOMAINE_STULL","Tw est correctement indisponible car au moins une entrée est hors du domaine publié de Stull.","Aucune correction de données : conserver NC et afficher quelle entrée dépasse le domaine."
"356","India","ind","2187","bau","extension_exploratoire_post_2100","information","TW_HORS_DOMAINE_STULL","Tw est correctement indisponible car au moins une entrée est hors du domaine publié de Stull.","Aucune correction de données : conserver NC et afficher quelle entrée dépasse le domaine."
"064","Bhutan","ind","2187","bau","extension_exploratoire_post_2100","information","TW_HORS_DOMAINE_STULL","Tw est correctement indisponible car au moins une entrée est hors du domaine publié de Stull.","Aucune correction de données : conserver NC et afficher quelle entrée dépasse le domaine."
"524","Nepal","ind","2187","bau","extension_exploratoire_post_2100","information","TW_HORS_DOMAINE_STULL","Tw est correctement indisponible car au moins une entrée est hors du domaine publié de Stull.","Aucune correction de données : conserver NC et afficher quelle entrée dépasse le domaine."
"144","Sri Lanka","ind","2187","bau","extension_exploratoire_post_2100","information","TW_HORS_DOMAINE_STULL","Tw est correctement indisponible car au moins une entrée est hors du domaine publié de Stull.","Aucune correction de données : conserver NC et afficher quelle entrée dépasse le domaine."
"887","Yemen","sau","2187","bau","extension_exploratoire_post_2100","information","TW_HORS_DOMAINE_STULL","Tw est correctement indisponible car au moins une entrée est hors du domaine publié de Stull.","Aucune correction de données : conserver NC et afficher quelle entrée dépasse le domaine."
"682","Saudi Arabia","sau","2187","bau","extension_exploratoire_post_2100","information","TW_HORS_DOMAINE_STULL","Tw est correctement indisponible car au moins une entrée est hors du domaine publié de Stull.","Aucune correction de données : conserver NC et afficher quelle entrée dépasse le domaine."
"504","Morocco","nafr","2187","bau","extension_exploratoire_post_2100","information","TW_HORS_DOMAINE_STULL","Tw est correctement indisponible car au moins une entrée est hors du domaine publié de Stull.","Aucune correction de données : conserver NC et afficher quelle entrée dépasse le domaine."
"434","Libya","nafr","2187","bau","extension_exploratoire_post_2100","information","TW_HORS_DOMAINE_STULL","Tw est correctement indisponible car au moins une entrée est hors du domaine publié de Stull.","Aucune correction de données : conserver NC et afficher quelle entrée dépasse le domaine."
"732","W. Sahara","nafr","2188","bau","extension_exploratoire_post_2100","information","TW_HORS_DOMAINE_STULL","Tw est correctement indisponible car au moins une entrée est hors du domaine publié de Stull.","Aucune correction de données : conserver NC et afficher quelle entrée dépasse le domaine."
"788","Tunisia","nafr","2188","bau","extension_exploratoire_post_2100","information","TW_HORS_DOMAINE_STULL","Tw est correctement indisponible car au moins une entrée est hors du domaine publié de Stull.","Aucune correction de données : conserver NC et afficher quelle entrée dépasse le domaine."
"012","Algeria","nafr","2188","bau","extension_exploratoire_post_2100","information","TW_HORS_DOMAINE_STULL","Tw est correctement indisponible car au moins une entrée est hors du domaine publié de Stull.","Aucune correction de données : conserver NC et afficher quelle entrée dépasse le domaine."
"784","United Arab Emirates","sau","2188","bau","extension_exploratoire_post_2100","information","TW_HORS_DOMAINE_STULL","Tw est correctement indisponible car au moins une entrée est hors du domaine publié de Stull.","Aucune correction de données : conserver NC et afficher quelle entrée dépasse le domaine."
"634","Qatar","sau","2188","bau","extension_exploratoire_post_2100","information","TW_HORS_DOMAINE_STULL","Tw est correctement indisponible car au moins une entrée est hors du domaine publié de Stull.","Aucune correction de données : conserver NC et afficher quelle entrée dépasse le domaine."
"414","Kuwait","sau","2188","bau","extension_exploratoire_post_2100","information","TW_HORS_DOMAINE_STULL","Tw est correctement indisponible car au moins une entrée est hors du domaine publié de Stull.","Aucune correction de données : conserver NC et afficher quelle entrée dépasse le domaine."
"512","Oman","sau","2188","bau","extension_exploratoire_post_2100","information","TW_HORS_DOMAINE_STULL","Tw est correctement indisponible car au moins une entrée est hors du domaine publié de Stull.","Aucune correction de données : conserver NC et afficher quelle entrée dépasse le domaine."
"356","India","ind","2188","bau","extension_exploratoire_post_2100","information","TW_HORS_DOMAINE_STULL","Tw est correctement indisponible car au moins une entrée est hors du domaine publié de Stull.","Aucune correction de données : conserver NC et afficher quelle entrée dépasse le domaine."
"064","Bhutan","ind","2188","bau","extension_exploratoire_post_2100","information","TW_HORS_DOMAINE_STULL","Tw est correctement indisponible car au moins une entrée est hors du domaine publié de Stull.","Aucune correction de données : conserver NC et afficher quelle entrée dépasse le domaine."
"524","Nepal","ind","2188","bau","extension_exploratoire_post_2100","information","TW_HORS_DOMAINE_STULL","Tw est correctement indisponible car au moins une entrée est hors du domaine publié de Stull.","Aucune correction de données : conserver NC et afficher quelle entrée dépasse le domaine."
"144","Sri Lanka","ind","2188","bau","extension_exploratoire_post_2100","information","TW_HORS_DOMAINE_STULL","Tw est correctement indisponible car au moins une entrée est hors du domaine publié de Stull.","Aucune correction de données : conserver NC et afficher quelle entrée dépasse le domaine."
"887","Yemen","sau","2188","bau","extension_exploratoire_post_2100","information","TW_HORS_DOMAINE_STULL","Tw est correctement indisponible car au moins une entrée est hors du domaine publié de Stull.","Aucune correction de données : conserver NC et afficher quelle entrée dépasse le domaine."
"682","Saudi Arabia","sau","2188","bau","extension_exploratoire_post_2100","information","TW_HORS_DOMAINE_STULL","Tw est correctement indisponible car au moins une entrée est hors du domaine publié de Stull.","Aucune correction de données : conserver NC et afficher quelle entrée dépasse le domaine."
"504","Morocco","nafr","2188","bau","extension_exploratoire_post_2100","information","TW_HORS_DOMAINE_STULL","Tw est correctement indisponible car au moins une entrée est hors du domaine publié de Stull.","Aucune correction de données : conserver NC et afficher quelle entrée dépasse le domaine."
"434","Libya","nafr","2188","bau","extension_exploratoire_post_2100","information","TW_HORS_DOMAINE_STULL","Tw est correctement indisponible car au moins une entrée est hors du domaine publié de Stull.","Aucune correction de données : conserver NC et afficher quelle entrée dépasse le domaine."
"732","W. Sahara","nafr","2189","bau","extension_exploratoire_post_2100","information","TW_HORS_DOMAINE_STULL","Tw est correctement indisponible car au moins une entrée est hors du domaine publié de Stull.","Aucune correction de données : conserver NC et afficher quelle entrée dépasse le domaine."
"788","Tunisia","nafr","2189","bau","extension_exploratoire_post_2100","information","TW_HORS_DOMAINE_STULL","Tw est correctement indisponible car au moins une entrée est hors du domaine publié de Stull.","Aucune correction de données : conserver NC et afficher quelle entrée dépasse le domaine."
"012","Algeria","nafr","2189","bau","extension_exploratoire_post_2100","information","TW_HORS_DOMAINE_STULL","Tw est correctement indisponible car au moins une entrée est hors du domaine publié de Stull.","Aucune correction de données : conserver NC et afficher quelle entrée dépasse le domaine."
"784","United Arab Emirates","sau","2189","bau","extension_exploratoire_post_2100","information","TW_HORS_DOMAINE_STULL","Tw est correctement indisponible car au moins une entrée est hors du domaine publié de Stull.","Aucune correction de données : conserver NC et afficher quelle entrée dépasse le domaine."
"634","Qatar","sau","2189","bau","extension_exploratoire_post_2100","information","TW_HORS_DOMAINE_STULL","Tw est correctement indisponible car au moins une entrée est hors du domaine publié de Stull.","Aucune correction de données : conserver NC et afficher quelle entrée dépasse le domaine."
"414","Kuwait","sau","2189","bau","extension_exploratoire_post_2100","information","TW_HORS_DOMAINE_STULL","Tw est correctement indisponible car au moins une entrée est hors du domaine publié de Stull.","Aucune correction de données : conserver NC et afficher quelle entrée dépasse le domaine."
"512","Oman","sau","2189","bau","extension_exploratoire_post_2100","information","TW_HORS_DOMAINE_STULL","Tw est correctement indisponible car au moins une entrée est hors du domaine publié de Stull.","Aucune correction de données : conserver NC et afficher quelle entrée dépasse le domaine."
"356","India","ind","2189","bau","extension_exploratoire_post_2100","information","TW_HORS_DOMAINE_STULL","Tw est correctement indisponible car au moins une entrée est hors du domaine publié de Stull.","Aucune correction de données : conserver NC et afficher quelle entrée dépasse le domaine."
"064","Bhutan","ind","2189","bau","extension_exploratoire_post_2100","information","TW_HORS_DOMAINE_STULL","Tw est correctement indisponible car au moins une entrée est hors du domaine publié de Stull.","Aucune correction de données : conserver NC et afficher quelle entrée dépasse le domaine."
"524","Nepal","ind","2189","bau","extension_exploratoire_post_2100","information","TW_HORS_DOMAINE_STULL","Tw est correctement indisponible car au moins une entrée est hors du domaine publié de Stull.","Aucune correction de données : conserver NC et afficher quelle entrée dépasse le domaine."
"144","Sri Lanka","ind","2189","bau","extension_exploratoire_post_2100","information","TW_HORS_DOMAINE_STULL","Tw est correctement indisponible car au moins une entrée est hors du domaine publié de Stull.","Aucune correction de données : conserver NC et afficher quelle entrée dépasse le domaine."
"887","Yemen","sau","2189","bau","extension_exploratoire_post_2100","information","TW_HORS_DOMAINE_STULL","Tw est correctement indisponible car au moins une entrée est hors du domaine publié de Stull.","Aucune correction de données : conserver NC et afficher quelle entrée dépasse le domaine."
"682","Saudi Arabia","sau","2189","bau","extension_exploratoire_post_2100","information","TW_HORS_DOMAINE_STULL","Tw est correctement indisponible car au moins une entrée est hors du domaine publié de Stull.","Aucune correction de données : conserver NC et afficher quelle entrée dépasse le domaine."
"504","Morocco","nafr","2189","bau","extension_exploratoire_post_2100","information","TW_HORS_DOMAINE_STULL","Tw est correctement indisponible car au moins une entrée est hors du domaine publié de Stull.","Aucune correction de données : conserver NC et afficher quelle entrée dépasse le domaine."
"434","Libya","nafr","2189","bau","extension_exploratoire_post_2100","information","TW_HORS_DOMAINE_STULL","Tw est correctement indisponible car au moins une entrée est hors du domaine publié de Stull.","Aucune correction de données : conserver NC et afficher quelle entrée dépasse le domaine."
"732","W. Sahara","nafr","2190","bau","extension_exploratoire_post_2100","information","TW_HORS_DOMAINE_STULL","Tw est correctement indisponible car au moins une entrée est hors du domaine publié de Stull.","Aucune correction de données : conserver NC et afficher quelle entrée dépasse le domaine."
"788","Tunisia","nafr","2190","bau","extension_exploratoire_post_2100","information","TW_HORS_DOMAINE_STULL","Tw est correctement indisponible car au moins une entrée est hors du domaine publié de Stull.","Aucune correction de données : conserver NC et afficher quelle entrée dépasse le domaine."
"012","Algeria","nafr","2190","bau","extension_exploratoire_post_2100","information","TW_HORS_DOMAINE_STULL","Tw est correctement indisponible car au moins une entrée est hors du domaine publié de Stull.","Aucune correction de données : conserver NC et afficher quelle entrée dépasse le domaine."
"784","United Arab Emirates","sau","2190","bau","extension_exploratoire_post_2100","information","TW_HORS_DOMAINE_STULL","Tw est correctement indisponible car au moins une entrée est hors du domaine publié de Stull.","Aucune correction de données : conserver NC et afficher quelle entrée dépasse le domaine."
"634","Qatar","sau","2190","bau","extension_exploratoire_post_2100","information","TW_HORS_DOMAINE_STULL","Tw est correctement indisponible car au moins une entrée est hors du domaine publié de Stull.","Aucune correction de données : conserver NC et afficher quelle entrée dépasse le domaine."
"414","Kuwait","sau","2190","bau","extension_exploratoire_post_2100","information","TW_HORS_DOMAINE_STULL","Tw est correctement indisponible car au moins une entrée est hors du domaine publié de Stull.","Aucune correction de données : conserver NC et afficher quelle entrée dépasse le domaine."
"512","Oman","sau","2190","bau","extension_exploratoire_post_2100","information","TW_HORS_DOMAINE_STULL","Tw est correctement indisponible car au moins une entrée est hors du domaine publié de Stull.","Aucune correction de données : conserver NC et afficher quelle entrée dépasse le domaine."
"356","India","ind","2190","bau","extension_exploratoire_post_2100","information","TW_HORS_DOMAINE_STULL","Tw est correctement indisponible car au moins une entrée est hors du domaine publié de Stull.","Aucune correction de données : conserver NC et afficher quelle entrée dépasse le domaine."
"064","Bhutan","ind","2190","bau","extension_exploratoire_post_2100","information","TW_HORS_DOMAINE_STULL","Tw est correctement indisponible car au moins une entrée est hors du domaine publié de Stull.","Aucune correction de données : conserver NC et afficher quelle entrée dépasse le domaine."
"524","Nepal","ind","2190","bau","extension_exploratoire_post_2100","information","TW_HORS_DOMAINE_STULL","Tw est correctement indisponible car au moins une entrée est hors du domaine publié de Stull.","Aucune correction de données : conserver NC et afficher quelle entrée dépasse le domaine."
"144","Sri Lanka","ind","2190","bau","extension_exploratoire_post_2100","information","TW_HORS_DOMAINE_STULL","Tw est correctement indisponible car au moins une entrée est hors du domaine publié de Stull.","Aucune correction de données : conserver NC et afficher quelle entrée dépasse le domaine."
"887","Yemen","sau","2190","bau","extension_exploratoire_post_2100","information","TW_HORS_DOMAINE_STULL","Tw est correctement indisponible car au moins une entrée est hors du domaine publié de Stull.","Aucune correction de données : conserver NC et afficher quelle entrée dépasse le domaine."
"682","Saudi Arabia","sau","2190","bau","extension_exploratoire_post_2100","information","TW_HORS_DOMAINE_STULL","Tw est correctement indisponible car au moins une entrée est hors du domaine publié de Stull.","Aucune correction de données : conserver NC et afficher quelle entrée dépasse le domaine."
"504","Morocco","nafr","2190","bau","extension_exploratoire_post_2100","information","TW_HORS_DOMAINE_STULL","Tw est correctement indisponible car au moins une entrée est hors du domaine publié de Stull.","Aucune correction de données : conserver NC et afficher quelle entrée dépasse le domaine."
"434","Libya","nafr","2190","bau","extension_exploratoire_post_2100","information","TW_HORS_DOMAINE_STULL","Tw est correctement indisponible car au moins une entrée est hors du domaine publié de Stull.","Aucune correction de données : conserver NC et afficher quelle entrée dépasse le domaine."
"732","W. Sahara","nafr","2191","bau","extension_exploratoire_post_2100","information","TW_HORS_DOMAINE_STULL","Tw est correctement indisponible car au moins une entrée est hors du domaine publié de Stull.","Aucune correction de données : conserver NC et afficher quelle entrée dépasse le domaine."
"788","Tunisia","nafr","2191","bau","extension_exploratoire_post_2100","information","TW_HORS_DOMAINE_STULL","Tw est correctement indisponible car au moins une entrée est hors du domaine publié de Stull.","Aucune correction de données : conserver NC et afficher quelle entrée dépasse le domaine."
"012","Algeria","nafr","2191","bau","extension_exploratoire_post_2100","information","TW_HORS_DOMAINE_STULL","Tw est correctement indisponible car au moins une entrée est hors du domaine publié de Stull.","Aucune correction de données : conserver NC et afficher quelle entrée dépasse le domaine."
"784","United Arab Emirates","sau","2191","bau","extension_exploratoire_post_2100","information","TW_HORS_DOMAINE_STULL","Tw est correctement indisponible car au moins une entrée est hors du domaine publié de Stull.","Aucune correction de données : conserver NC et afficher quelle entrée dépasse le domaine."
"634","Qatar","sau","2191","bau","extension_exploratoire_post_2100","information","TW_HORS_DOMAINE_STULL","Tw est correctement indisponible car au moins une entrée est hors du domaine publié de Stull.","Aucune correction de données : conserver NC et afficher quelle entrée dépasse le domaine."
"414","Kuwait","sau","2191","bau","extension_exploratoire_post_2100","information","TW_HORS_DOMAINE_STULL","Tw est correctement indisponible car au moins une entrée est hors du domaine publié de Stull.","Aucune correction de données : conserver NC et afficher quelle entrée dépasse le domaine."
"512","Oman","sau","2191","bau","extension_exploratoire_post_2100","information","TW_HORS_DOMAINE_STULL","Tw est correctement indisponible car au moins une entrée est hors du domaine publié de Stull.","Aucune correction de données : conserver NC et afficher quelle entrée dépasse le domaine."
"356","India","ind","2191","bau","extension_exploratoire_post_2100","information","TW_HORS_DOMAINE_STULL","Tw est correctement indisponible car au moins une entrée est hors du domaine publié de Stull.","Aucune correction de données : conserver NC et afficher quelle entrée dépasse le domaine."
"064","Bhutan","ind","2191","bau","extension_exploratoire_post_2100","information","TW_HORS_DOMAINE_STULL","Tw est correctement indisponible car au moins une entrée est hors du domaine publié de Stull.","Aucune correction de données : conserver NC et afficher quelle entrée dépasse le domaine."
"524","Nepal","ind","2191","bau","extension_exploratoire_post_2100","information","TW_HORS_DOMAINE_STULL","Tw est correctement indisponible car au moins une entrée est hors du domaine publié de Stull.","Aucune correction de données : conserver NC et afficher quelle entrée dépasse le domaine."
"144","Sri Lanka","ind","2191","bau","extension_exploratoire_post_2100","information","TW_HORS_DOMAINE_STULL","Tw est correctement indisponible car au moins une entrée est hors du domaine publié de Stull.","Aucune correction de données : conserver NC et afficher quelle entrée dépasse le domaine."
"887","Yemen","sau","2191","bau","extension_exploratoire_post_2100","information","TW_HORS_DOMAINE_STULL","Tw est correctement indisponible car au moins une entrée est hors du domaine publié de Stull.","Aucune correction de données : conserver NC et afficher quelle entrée dépasse le domaine."
"682","Saudi Arabia","sau","2191","bau","extension_exploratoire_post_2100","information","TW_HORS_DOMAINE_STULL","Tw est correctement indisponible car au moins une entrée est hors du domaine publié de Stull.","Aucune correction de données : conserver NC et afficher quelle entrée dépasse le domaine."
"504","Morocco","nafr","2191","bau","extension_exploratoire_post_2100","information","TW_HORS_DOMAINE_STULL","Tw est correctement indisponible car au moins une entrée est hors du domaine publié de Stull.","Aucune correction de données : conserver NC et afficher quelle entrée dépasse le domaine."
"434","Libya","nafr","2191","bau","extension_exploratoire_post_2100","information","TW_HORS_DOMAINE_STULL","Tw est correctement indisponible car au moins une entrée est hors du domaine publié de Stull.","Aucune correction de données : conserver NC et afficher quelle entrée dépasse le domaine."
"732","W. Sahara","nafr","2192","bau","extension_exploratoire_post_2100","information","TW_HORS_DOMAINE_STULL","Tw est correctement indisponible car au moins une entrée est hors du domaine publié de Stull.","Aucune correction de données : conserver NC et afficher quelle entrée dépasse le domaine."
"788","Tunisia","nafr","2192","bau","extension_exploratoire_post_2100","information","TW_HORS_DOMAINE_STULL","Tw est correctement indisponible car au moins une entrée est hors du domaine publié de Stull.","Aucune correction de données : conserver NC et afficher quelle entrée dépasse le domaine."
"012","Algeria","nafr","2192","bau","extension_exploratoire_post_2100","information","TW_HORS_DOMAINE_STULL","Tw est correctement indisponible car au moins une entrée est hors du domaine publié de Stull.","Aucune correction de données : conserver NC et afficher quelle entrée dépasse le domaine."
"784","United Arab Emirates","sau","2192","bau","extension_exploratoire_post_2100","information","TW_HORS_DOMAINE_STULL","Tw est correctement indisponible car au moins une entrée est hors du domaine publié de Stull.","Aucune correction de données : conserver NC et afficher quelle entrée dépasse le domaine."
"634","Qatar","sau","2192","bau","extension_exploratoire_post_2100","information","TW_HORS_DOMAINE_STULL","Tw est correctement indisponible car au moins une entrée est hors du domaine publié de Stull.","Aucune correction de données : conserver NC et afficher quelle entrée dépasse le domaine."
"414","Kuwait","sau","2192","bau","extension_exploratoire_post_2100","information","TW_HORS_DOMAINE_STULL","Tw est correctement indisponible car au moins une entrée est hors du domaine publié de Stull.","Aucune correction de données : conserver NC et afficher quelle entrée dépasse le domaine."
"512","Oman","sau","2192","bau","extension_exploratoire_post_2100","information","TW_HORS_DOMAINE_STULL","Tw est correctement indisponible car au moins une entrée est hors du domaine publié de Stull.","Aucune correction de données : conserver NC et afficher quelle entrée dépasse le domaine."
"356","India","ind","2192","bau","extension_exploratoire_post_2100","information","TW_HORS_DOMAINE_STULL","Tw est correctement indisponible car au moins une entrée est hors du domaine publié de Stull.","Aucune correction de données : conserver NC et afficher quelle entrée dépasse le domaine."
"064","Bhutan","ind","2192","bau","extension_exploratoire_post_2100","information","TW_HORS_DOMAINE_STULL","Tw est correctement indisponible car au moins une entrée est hors du domaine publié de Stull.","Aucune correction de données : conserver NC et afficher quelle entrée dépasse le domaine."
"524","Nepal","ind","2192","bau","extension_exploratoire_post_2100","information","TW_HORS_DOMAINE_STULL","Tw est correctement indisponible car au moins une entrée est hors du domaine publié de Stull.","Aucune correction de données : conserver NC et afficher quelle entrée dépasse le domaine."
"144","Sri Lanka","ind","2192","bau","extension_exploratoire_post_2100","information","TW_HORS_DOMAINE_STULL","Tw est correctement indisponible car au moins une entrée est hors du domaine publié de Stull.","Aucune correction de données : conserver NC et afficher quelle entrée dépasse le domaine."
"887","Yemen","sau","2192","bau","extension_exploratoire_post_2100","information","TW_HORS_DOMAINE_STULL","Tw est correctement indisponible car au moins une entrée est hors du domaine publié de Stull.","Aucune correction de données : conserver NC et afficher quelle entrée dépasse le domaine."
"682","Saudi Arabia","sau","2192","bau","extension_exploratoire_post_2100","information","TW_HORS_DOMAINE_STULL","Tw est correctement indisponible car au moins une entrée est hors du domaine publié de Stull.","Aucune correction de données : conserver NC et afficher quelle entrée dépasse le domaine."
"504","Morocco","nafr","2192","bau","extension_exploratoire_post_2100","information","TW_HORS_DOMAINE_STULL","Tw est correctement indisponible car au moins une entrée est hors du domaine publié de Stull.","Aucune correction de données : conserver NC et afficher quelle entrée dépasse le domaine."
"434","Libya","nafr","2192","bau","extension_exploratoire_post_2100","information","TW_HORS_DOMAINE_STULL","Tw est correctement indisponible car au moins une entrée est hors du domaine publié de Stull.","Aucune correction de données : conserver NC et afficher quelle entrée dépasse le domaine."
"732","W. Sahara","nafr","2193","bau","extension_exploratoire_post_2100","information","TW_HORS_DOMAINE_STULL","Tw est correctement indisponible car au moins une entrée est hors du domaine publié de Stull.","Aucune correction de données : conserver NC et afficher quelle entrée dépasse le domaine."
"788","Tunisia","nafr","2193","bau","extension_exploratoire_post_2100","information","TW_HORS_DOMAINE_STULL","Tw est correctement indisponible car au moins une entrée est hors du domaine publié de Stull.","Aucune correction de données : conserver NC et afficher quelle entrée dépasse le domaine."
"012","Algeria","nafr","2193","bau","extension_exploratoire_post_2100","information","TW_HORS_DOMAINE_STULL","Tw est correctement indisponible car au moins une entrée est hors du domaine publié de Stull.","Aucune correction de données : conserver NC et afficher quelle entrée dépasse le domaine."
"784","United Arab Emirates","sau","2193","bau","extension_exploratoire_post_2100","information","TW_HORS_DOMAINE_STULL","Tw est correctement indisponible car au moins une entrée est hors du domaine publié de Stull.","Aucune correction de données : conserver NC et afficher quelle entrée dépasse le domaine."
"634","Qatar","sau","2193","bau","extension_exploratoire_post_2100","information","TW_HORS_DOMAINE_STULL","Tw est correctement indisponible car au moins une entrée est hors du domaine publié de Stull.","Aucune correction de données : conserver NC et afficher quelle entrée dépasse le domaine."
"414","Kuwait","sau","2193","bau","extension_exploratoire_post_2100","information","TW_HORS_DOMAINE_STULL","Tw est correctement indisponible car au moins une entrée est hors du domaine publié de Stull.","Aucune correction de données : conserver NC et afficher quelle entrée dépasse le domaine."
"512","Oman","sau","2193","bau","extension_exploratoire_post_2100","information","TW_HORS_DOMAINE_STULL","Tw est correctement indisponible car au moins une entrée est hors du domaine publié de Stull.","Aucune correction de données : conserver NC et afficher quelle entrée dépasse le domaine."
"356","India","ind","2193","bau","extension_exploratoire_post_2100","information","TW_HORS_DOMAINE_STULL","Tw est correctement indisponible car au moins une entrée est hors du domaine publié de Stull.","Aucune correction de données : conserver NC et afficher quelle entrée dépasse le domaine."
"064","Bhutan","ind","2193","bau","extension_exploratoire_post_2100","information","TW_HORS_DOMAINE_STULL","Tw est correctement indisponible car au moins une entrée est hors du domaine publié de Stull.","Aucune correction de données : conserver NC et afficher quelle entrée dépasse le domaine."
"524","Nepal","ind","2193","bau","extension_exploratoire_post_2100","information","TW_HORS_DOMAINE_STULL","Tw est correctement indisponible car au moins une entrée est hors du domaine publié de Stull.","Aucune correction de données : conserver NC et afficher quelle entrée dépasse le domaine."
"144","Sri Lanka","ind","2193","bau","extension_exploratoire_post_2100","information","TW_HORS_DOMAINE_STULL","Tw est correctement indisponible car au moins une entrée est hors du domaine publié de Stull.","Aucune correction de données : conserver NC et afficher quelle entrée dépasse le domaine."
"887","Yemen","sau","2193","bau","extension_exploratoire_post_2100","information","TW_HORS_DOMAINE_STULL","Tw est correctement indisponible car au moins une entrée est hors du domaine publié de Stull.","Aucune correction de données : conserver NC et afficher quelle entrée dépasse le domaine."
"682","Saudi Arabia","sau","2193","bau","extension_exploratoire_post_2100","information","TW_HORS_DOMAINE_STULL","Tw est correctement indisponible car au moins une entrée est hors du domaine publié de Stull.","Aucune correction de données : conserver NC et afficher quelle entrée dépasse le domaine."
"504","Morocco","nafr","2193","bau","extension_exploratoire_post_2100","information","TW_HORS_DOMAINE_STULL","Tw est correctement indisponible car au moins une entrée est hors du domaine publié de Stull.","Aucune correction de données : conserver NC et afficher quelle entrée dépasse le domaine."
"434","Libya","nafr","2193","bau","extension_exploratoire_post_2100","information","TW_HORS_DOMAINE_STULL","Tw est correctement indisponible car au moins une entrée est hors du domaine publié de Stull.","Aucune correction de données : conserver NC et afficher quelle entrée dépasse le domaine."
"732","W. Sahara","nafr","2194","bau","extension_exploratoire_post_2100","information","TW_HORS_DOMAINE_STULL","Tw est correctement indisponible car au moins une entrée est hors du domaine publié de Stull.","Aucune correction de données : conserver NC et afficher quelle entrée dépasse le domaine."
"788","Tunisia","nafr","2194","bau","extension_exploratoire_post_2100","information","TW_HORS_DOMAINE_STULL","Tw est correctement indisponible car au moins une entrée est hors du domaine publié de Stull.","Aucune correction de données : conserver NC et afficher quelle entrée dépasse le domaine."
"012","Algeria","nafr","2194","bau","extension_exploratoire_post_2100","information","TW_HORS_DOMAINE_STULL","Tw est correctement indisponible car au moins une entrée est hors du domaine publié de Stull.","Aucune correction de données : conserver NC et afficher quelle entrée dépasse le domaine."
"784","United Arab Emirates","sau","2194","bau","extension_exploratoire_post_2100","information","TW_HORS_DOMAINE_STULL","Tw est correctement indisponible car au moins une entrée est hors du domaine publié de Stull.","Aucune correction de données : conserver NC et afficher quelle entrée dépasse le domaine."
"634","Qatar","sau","2194","bau","extension_exploratoire_post_2100","information","TW_HORS_DOMAINE_STULL","Tw est correctement indisponible car au moins une entrée est hors du domaine publié de Stull.","Aucune correction de données : conserver NC et afficher quelle entrée dépasse le domaine."
"414","Kuwait","sau","2194","bau","extension_exploratoire_post_2100","information","TW_HORS_DOMAINE_STULL","Tw est correctement indisponible car au moins une entrée est hors du domaine publié de Stull.","Aucune correction de données : conserver NC et afficher quelle entrée dépasse le domaine."
"512","Oman","sau","2194","bau","extension_exploratoire_post_2100","information","TW_HORS_DOMAINE_STULL","Tw est correctement indisponible car au moins une entrée est hors du domaine publié de Stull.","Aucune correction de données : conserver NC et afficher quelle entrée dépasse le domaine."
"356","India","ind","2194","bau","extension_exploratoire_post_2100","information","TW_HORS_DOMAINE_STULL","Tw est correctement indisponible car au moins une entrée est hors du domaine publié de Stull.","Aucune correction de données : conserver NC et afficher quelle entrée dépasse le domaine."
"064","Bhutan","ind","2194","bau","extension_exploratoire_post_2100","information","TW_HORS_DOMAINE_STULL","Tw est correctement indisponible car au moins une entrée est hors du domaine publié de Stull.","Aucune correction de données : conserver NC et afficher quelle entrée dépasse le domaine."
"524","Nepal","ind","2194","bau","extension_exploratoire_post_2100","information","TW_HORS_DOMAINE_STULL","Tw est correctement indisponible car au moins une entrée est hors du domaine publié de Stull.","Aucune correction de données : conserver NC et afficher quelle entrée dépasse le domaine."
"144","Sri Lanka","ind","2194","bau","extension_exploratoire_post_2100","information","TW_HORS_DOMAINE_STULL","Tw est correctement indisponible car au moins une entrée est hors du domaine publié de Stull.","Aucune correction de données : conserver NC et afficher quelle entrée dépasse le domaine."
"887","Yemen","sau","2194","bau","extension_exploratoire_post_2100","information","TW_HORS_DOMAINE_STULL","Tw est correctement indisponible car au moins une entrée est hors du domaine publié de Stull.","Aucune correction de données : conserver NC et afficher quelle entrée dépasse le domaine."
"682","Saudi Arabia","sau","2194","bau","extension_exploratoire_post_2100","information","TW_HORS_DOMAINE_STULL","Tw est correctement indisponible car au moins une entrée est hors du domaine publié de Stull.","Aucune correction de données : conserver NC et afficher quelle entrée dépasse le domaine."
"504","Morocco","nafr","2194","bau","extension_exploratoire_post_2100","information","TW_HORS_DOMAINE_STULL","Tw est correctement indisponible car au moins une entrée est hors du domaine publié de Stull.","Aucune correction de données : conserver NC et afficher quelle entrée dépasse le domaine."
"434","Libya","nafr","2194","bau","extension_exploratoire_post_2100","information","TW_HORS_DOMAINE_STULL","Tw est correctement indisponible car au moins une entrée est hors du domaine publié de Stull.","Aucune correction de données : conserver NC et afficher quelle entrée dépasse le domaine."
"732","W. Sahara","nafr","2195","bau","extension_exploratoire_post_2100","information","TW_HORS_DOMAINE_STULL","Tw est correctement indisponible car au moins une entrée est hors du domaine publié de Stull.","Aucune correction de données : conserver NC et afficher quelle entrée dépasse le domaine."
"788","Tunisia","nafr","2195","bau","extension_exploratoire_post_2100","information","TW_HORS_DOMAINE_STULL","Tw est correctement indisponible car au moins une entrée est hors du domaine publié de Stull.","Aucune correction de données : conserver NC et afficher quelle entrée dépasse le domaine."
"012","Algeria","nafr","2195","bau","extension_exploratoire_post_2100","information","TW_HORS_DOMAINE_STULL","Tw est correctement indisponible car au moins une entrée est hors du domaine publié de Stull.","Aucune correction de données : conserver NC et afficher quelle entrée dépasse le domaine."
"784","United Arab Emirates","sau","2195","bau","extension_exploratoire_post_2100","information","TW_HORS_DOMAINE_STULL","Tw est correctement indisponible car au moins une entrée est hors du domaine publié de Stull.","Aucune correction de données : conserver NC et afficher quelle entrée dépasse le domaine."
"634","Qatar","sau","2195","bau","extension_exploratoire_post_2100","information","TW_HORS_DOMAINE_STULL","Tw est correctement indisponible car au moins une entrée est hors du domaine publié de Stull.","Aucune correction de données : conserver NC et afficher quelle entrée dépasse le domaine."
"414","Kuwait","sau","2195","bau","extension_exploratoire_post_2100","information","TW_HORS_DOMAINE_STULL","Tw est correctement indisponible car au moins une entrée est hors du domaine publié de Stull.","Aucune correction de données : conserver NC et afficher quelle entrée dépasse le domaine."
"512","Oman","sau","2195","bau","extension_exploratoire_post_2100","information","TW_HORS_DOMAINE_STULL","Tw est correctement indisponible car au moins une entrée est hors du domaine publié de Stull.","Aucune correction de données : conserver NC et afficher quelle entrée dépasse le domaine."
"356","India","ind","2195","bau","extension_exploratoire_post_2100","information","TW_HORS_DOMAINE_STULL","Tw est correctement indisponible car au moins une entrée est hors du domaine publié de Stull.","Aucune correction de données : conserver NC et afficher quelle entrée dépasse le domaine."
"064","Bhutan","ind","2195","bau","extension_exploratoire_post_2100","information","TW_HORS_DOMAINE_STULL","Tw est correctement indisponible car au moins une entrée est hors du domaine publié de Stull.","Aucune correction de données : conserver NC et afficher quelle entrée dépasse le domaine."
"524","Nepal","ind","2195","bau","extension_exploratoire_post_2100","information","TW_HORS_DOMAINE_STULL","Tw est correctement indisponible car au moins une entrée est hors du domaine publié de Stull.","Aucune correction de données : conserver NC et afficher quelle entrée dépasse le domaine."
"144","Sri Lanka","ind","2195","bau","extension_exploratoire_post_2100","information","TW_HORS_DOMAINE_STULL","Tw est correctement indisponible car au moins une entrée est hors du domaine publié de Stull.","Aucune correction de données : conserver NC et afficher quelle entrée dépasse le domaine."
"887","Yemen","sau","2195","bau","extension_exploratoire_post_2100","information","TW_HORS_DOMAINE_STULL","Tw est correctement indisponible car au moins une entrée est hors du domaine publié de Stull.","Aucune correction de données : conserver NC et afficher quelle entrée dépasse le domaine."
"682","Saudi Arabia","sau","2195","bau","extension_exploratoire_post_2100","information","TW_HORS_DOMAINE_STULL","Tw est correctement indisponible car au moins une entrée est hors du domaine publié de Stull.","Aucune correction de données : conserver NC et afficher quelle entrée dépasse le domaine."
"504","Morocco","nafr","2195","bau","extension_exploratoire_post_2100","information","TW_HORS_DOMAINE_STULL","Tw est correctement indisponible car au moins une entrée est hors du domaine publié de Stull.","Aucune correction de données : conserver NC et afficher quelle entrée dépasse le domaine."
"434","Libya","nafr","2195","bau","extension_exploratoire_post_2100","information","TW_HORS_DOMAINE_STULL","Tw est correctement indisponible car au moins une entrée est hors du domaine publié de Stull.","Aucune correction de données : conserver NC et afficher quelle entrée dépasse le domaine."
"732","W. Sahara","nafr","2196","bau","extension_exploratoire_post_2100","information","TW_HORS_DOMAINE_STULL","Tw est correctement indisponible car au moins une entrée est hors du domaine publié de Stull.","Aucune correction de données : conserver NC et afficher quelle entrée dépasse le domaine."
"788","Tunisia","nafr","2196","bau","extension_exploratoire_post_2100","information","TW_HORS_DOMAINE_STULL","Tw est correctement indisponible car au moins une entrée est hors du domaine publié de Stull.","Aucune correction de données : conserver NC et afficher quelle entrée dépasse le domaine."
"012","Algeria","nafr","2196","bau","extension_exploratoire_post_2100","information","TW_HORS_DOMAINE_STULL","Tw est correctement indisponible car au moins une entrée est hors du domaine publié de Stull.","Aucune correction de données : conserver NC et afficher quelle entrée dépasse le domaine."
"784","United Arab Emirates","sau","2196","bau","extension_exploratoire_post_2100","information","TW_HORS_DOMAINE_STULL","Tw est correctement indisponible car au moins une entrée est hors du domaine publié de Stull.","Aucune correction de données : conserver NC et afficher quelle entrée dépasse le domaine."
"634","Qatar","sau","2196","bau","extension_exploratoire_post_2100","information","TW_HORS_DOMAINE_STULL","Tw est correctement indisponible car au moins une entrée est hors du domaine publié de Stull.","Aucune correction de données : conserver NC et afficher quelle entrée dépasse le domaine."
"414","Kuwait","sau","2196","bau","extension_exploratoire_post_2100","information","TW_HORS_DOMAINE_STULL","Tw est correctement indisponible car au moins une entrée est hors du domaine publié de Stull.","Aucune correction de données : conserver NC et afficher quelle entrée dépasse le domaine."
"512","Oman","sau","2196","bau","extension_exploratoire_post_2100","information","TW_HORS_DOMAINE_STULL","Tw est correctement indisponible car au moins une entrée est hors du domaine publié de Stull.","Aucune correction de données : conserver NC et afficher quelle entrée dépasse le domaine."
"356","India","ind","2196","bau","extension_exploratoire_post_2100","information","TW_HORS_DOMAINE_STULL","Tw est correctement indisponible car au moins une entrée est hors du domaine publié de Stull.","Aucune correction de données : conserver NC et afficher quelle entrée dépasse le domaine."
"064","Bhutan","ind","2196","bau","extension_exploratoire_post_2100","information","TW_HORS_DOMAINE_STULL","Tw est correctement indisponible car au moins une entrée est hors du domaine publié de Stull.","Aucune correction de données : conserver NC et afficher quelle entrée dépasse le domaine."
"524","Nepal","ind","2196","bau","extension_exploratoire_post_2100","information","TW_HORS_DOMAINE_STULL","Tw est correctement indisponible car au moins une entrée est hors du domaine publié de Stull.","Aucune correction de données : conserver NC et afficher quelle entrée dépasse le domaine."
"144","Sri Lanka","ind","2196","bau","extension_exploratoire_post_2100","information","TW_HORS_DOMAINE_STULL","Tw est correctement indisponible car au moins une entrée est hors du domaine publié de Stull.","Aucune correction de données : conserver NC et afficher quelle entrée dépasse le domaine."
"887","Yemen","sau","2196","bau","extension_exploratoire_post_2100","information","TW_HORS_DOMAINE_STULL","Tw est correctement indisponible car au moins une entrée est hors du domaine publié de Stull.","Aucune correction de données : conserver NC et afficher quelle entrée dépasse le domaine."
"682","Saudi Arabia","sau","2196","bau","extension_exploratoire_post_2100","information","TW_HORS_DOMAINE_STULL","Tw est correctement indisponible car au moins une entrée est hors du domaine publié de Stull.","Aucune correction de données : conserver NC et afficher quelle entrée dépasse le domaine."
"504","Morocco","nafr","2196","bau","extension_exploratoire_post_2100","information","TW_HORS_DOMAINE_STULL","Tw est correctement indisponible car au moins une entrée est hors du domaine publié de Stull.","Aucune correction de données : conserver NC et afficher quelle entrée dépasse le domaine."
"434","Libya","nafr","2196","bau","extension_exploratoire_post_2100","information","TW_HORS_DOMAINE_STULL","Tw est correctement indisponible car au moins une entrée est hors du domaine publié de Stull.","Aucune correction de données : conserver NC et afficher quelle entrée dépasse le domaine."
"732","W. Sahara","nafr","2197","bau","extension_exploratoire_post_2100","information","TW_HORS_DOMAINE_STULL","Tw est correctement indisponible car au moins une entrée est hors du domaine publié de Stull.","Aucune correction de données : conserver NC et afficher quelle entrée dépasse le domaine."
"788","Tunisia","nafr","2197","bau","extension_exploratoire_post_2100","information","TW_HORS_DOMAINE_STULL","Tw est correctement indisponible car au moins une entrée est hors du domaine publié de Stull.","Aucune correction de données : conserver NC et afficher quelle entrée dépasse le domaine."
"012","Algeria","nafr","2197","bau","extension_exploratoire_post_2100","information","TW_HORS_DOMAINE_STULL","Tw est correctement indisponible car au moins une entrée est hors du domaine publié de Stull.","Aucune correction de données : conserver NC et afficher quelle entrée dépasse le domaine."
"784","United Arab Emirates","sau","2197","bau","extension_exploratoire_post_2100","information","TW_HORS_DOMAINE_STULL","Tw est correctement indisponible car au moins une entrée est hors du domaine publié de Stull.","Aucune correction de données : conserver NC et afficher quelle entrée dépasse le domaine."
"634","Qatar","sau","2197","bau","extension_exploratoire_post_2100","information","TW_HORS_DOMAINE_STULL","Tw est correctement indisponible car au moins une entrée est hors du domaine publié de Stull.","Aucune correction de données : conserver NC et afficher quelle entrée dépasse le domaine."
"414","Kuwait","sau","2197","bau","extension_exploratoire_post_2100","information","TW_HORS_DOMAINE_STULL","Tw est correctement indisponible car au moins une entrée est hors du domaine publié de Stull.","Aucune correction de données : conserver NC et afficher quelle entrée dépasse le domaine."
"512","Oman","sau","2197","bau","extension_exploratoire_post_2100","information","TW_HORS_DOMAINE_STULL","Tw est correctement indisponible car au moins une entrée est hors du domaine publié de Stull.","Aucune correction de données : conserver NC et afficher quelle entrée dépasse le domaine."
"356","India","ind","2197","bau","extension_exploratoire_post_2100","information","TW_HORS_DOMAINE_STULL","Tw est correctement indisponible car au moins une entrée est hors du domaine publié de Stull.","Aucune correction de données : conserver NC et afficher quelle entrée dépasse le domaine."
"064","Bhutan","ind","2197","bau","extension_exploratoire_post_2100","information","TW_HORS_DOMAINE_STULL","Tw est correctement indisponible car au moins une entrée est hors du domaine publié de Stull.","Aucune correction de données : conserver NC et afficher quelle entrée dépasse le domaine."
"524","Nepal","ind","2197","bau","extension_exploratoire_post_2100","information","TW_HORS_DOMAINE_STULL","Tw est correctement indisponible car au moins une entrée est hors du domaine publié de Stull.","Aucune correction de données : conserver NC et afficher quelle entrée dépasse le domaine."
"144","Sri Lanka","ind","2197","bau","extension_exploratoire_post_2100","information","TW_HORS_DOMAINE_STULL","Tw est correctement indisponible car au moins une entrée est hors du domaine publié de Stull.","Aucune correction de données : conserver NC et afficher quelle entrée dépasse le domaine."
"887","Yemen","sau","2197","bau","extension_exploratoire_post_2100","information","TW_HORS_DOMAINE_STULL","Tw est correctement indisponible car au moins une entrée est hors du domaine publié de Stull.","Aucune correction de données : conserver NC et afficher quelle entrée dépasse le domaine."
"682","Saudi Arabia","sau","2197","bau","extension_exploratoire_post_2100","information","TW_HORS_DOMAINE_STULL","Tw est correctement indisponible car au moins une entrée est hors du domaine publié de Stull.","Aucune correction de données : conserver NC et afficher quelle entrée dépasse le domaine."
"504","Morocco","nafr","2197","bau","extension_exploratoire_post_2100","information","TW_HORS_DOMAINE_STULL","Tw est correctement indisponible car au moins une entrée est hors du domaine publié de Stull.","Aucune correction de données : conserver NC et afficher quelle entrée dépasse le domaine."
"434","Libya","nafr","2197","bau","extension_exploratoire_post_2100","information","TW_HORS_DOMAINE_STULL","Tw est correctement indisponible car au moins une entrée est hors du domaine publié de Stull.","Aucune correction de données : conserver NC et afficher quelle entrée dépasse le domaine."
"732","W. Sahara","nafr","2198","bau","extension_exploratoire_post_2100","information","TW_HORS_DOMAINE_STULL","Tw est correctement indisponible car au moins une entrée est hors du domaine publié de Stull.","Aucune correction de données : conserver NC et afficher quelle entrée dépasse le domaine."
"788","Tunisia","nafr","2198","bau","extension_exploratoire_post_2100","information","TW_HORS_DOMAINE_STULL","Tw est correctement indisponible car au moins une entrée est hors du domaine publié de Stull.","Aucune correction de données : conserver NC et afficher quelle entrée dépasse le domaine."
"012","Algeria","nafr","2198","bau","extension_exploratoire_post_2100","information","TW_HORS_DOMAINE_STULL","Tw est correctement indisponible car au moins une entrée est hors du domaine publié de Stull.","Aucune correction de données : conserver NC et afficher quelle entrée dépasse le domaine."
"784","United Arab Emirates","sau","2198","bau","extension_exploratoire_post_2100","information","TW_HORS_DOMAINE_STULL","Tw est correctement indisponible car au moins une entrée est hors du domaine publié de Stull.","Aucune correction de données : conserver NC et afficher quelle entrée dépasse le domaine."
"634","Qatar","sau","2198","bau","extension_exploratoire_post_2100","information","TW_HORS_DOMAINE_STULL","Tw est correctement indisponible car au moins une entrée est hors du domaine publié de Stull.","Aucune correction de données : conserver NC et afficher quelle entrée dépasse le domaine."
"414","Kuwait","sau","2198","bau","extension_exploratoire_post_2100","information","TW_HORS_DOMAINE_STULL","Tw est correctement indisponible car au moins une entrée est hors du domaine publié de Stull.","Aucune correction de données : conserver NC et afficher quelle entrée dépasse le domaine."
"512","Oman","sau","2198","bau","extension_exploratoire_post_2100","information","TW_HORS_DOMAINE_STULL","Tw est correctement indisponible car au moins une entrée est hors du domaine publié de Stull.","Aucune correction de données : conserver NC et afficher quelle entrée dépasse le domaine."
"356","India","ind","2198","bau","extension_exploratoire_post_2100","information","TW_HORS_DOMAINE_STULL","Tw est correctement indisponible car au moins une entrée est hors du domaine publié de Stull.","Aucune correction de données : conserver NC et afficher quelle entrée dépasse le domaine."
"064","Bhutan","ind","2198","bau","extension_exploratoire_post_2100","information","TW_HORS_DOMAINE_STULL","Tw est correctement indisponible car au moins une entrée est hors du domaine publié de Stull.","Aucune correction de données : conserver NC et afficher quelle entrée dépasse le domaine."
"524","Nepal","ind","2198","bau","extension_exploratoire_post_2100","information","TW_HORS_DOMAINE_STULL","Tw est correctement indisponible car au moins une entrée est hors du domaine publié de Stull.","Aucune correction de données : conserver NC et afficher quelle entrée dépasse le domaine."
"144","Sri Lanka","ind","2198","bau","extension_exploratoire_post_2100","information","TW_HORS_DOMAINE_STULL","Tw est correctement indisponible car au moins une entrée est hors du domaine publié de Stull.","Aucune correction de données : conserver NC et afficher quelle entrée dépasse le domaine."
"887","Yemen","sau","2198","bau","extension_exploratoire_post_2100","information","TW_HORS_DOMAINE_STULL","Tw est correctement indisponible car au moins une entrée est hors du domaine publié de Stull.","Aucune correction de données : conserver NC et afficher quelle entrée dépasse le domaine."
"682","Saudi Arabia","sau","2198","bau","extension_exploratoire_post_2100","information","TW_HORS_DOMAINE_STULL","Tw est correctement indisponible car au moins une entrée est hors du domaine publié de Stull.","Aucune correction de données : conserver NC et afficher quelle entrée dépasse le domaine."
"504","Morocco","nafr","2198","bau","extension_exploratoire_post_2100","information","TW_HORS_DOMAINE_STULL","Tw est correctement indisponible car au moins une entrée est hors du domaine publié de Stull.","Aucune correction de données : conserver NC et afficher quelle entrée dépasse le domaine."
"434","Libya","nafr","2198","bau","extension_exploratoire_post_2100","information","TW_HORS_DOMAINE_STULL","Tw est correctement indisponible car au moins une entrée est hors du domaine publié de Stull.","Aucune correction de données : conserver NC et afficher quelle entrée dépasse le domaine."
"732","W. Sahara","nafr","2199","bau","extension_exploratoire_post_2100","information","TW_HORS_DOMAINE_STULL","Tw est correctement indisponible car au moins une entrée est hors du domaine publié de Stull.","Aucune correction de données : conserver NC et afficher quelle entrée dépasse le domaine."
"788","Tunisia","nafr","2199","bau","extension_exploratoire_post_2100","information","TW_HORS_DOMAINE_STULL","Tw est correctement indisponible car au moins une entrée est hors du domaine publié de Stull.","Aucune correction de données : conserver NC et afficher quelle entrée dépasse le domaine."
"012","Algeria","nafr","2199","bau","extension_exploratoire_post_2100","information","TW_HORS_DOMAINE_STULL","Tw est correctement indisponible car au moins une entrée est hors du domaine publié de Stull.","Aucune correction de données : conserver NC et afficher quelle entrée dépasse le domaine."
"784","United Arab Emirates","sau","2199","bau","extension_exploratoire_post_2100","information","TW_HORS_DOMAINE_STULL","Tw est correctement indisponible car au moins une entrée est hors du domaine publié de Stull.","Aucune correction de données : conserver NC et afficher quelle entrée dépasse le domaine."
"634","Qatar","sau","2199","bau","extension_exploratoire_post_2100","information","TW_HORS_DOMAINE_STULL","Tw est correctement indisponible car au moins une entrée est hors du domaine publié de Stull.","Aucune correction de données : conserver NC et afficher quelle entrée dépasse le domaine."
"414","Kuwait","sau","2199","bau","extension_exploratoire_post_2100","information","TW_HORS_DOMAINE_STULL","Tw est correctement indisponible car au moins une entrée est hors du domaine publié de Stull.","Aucune correction de données : conserver NC et afficher quelle entrée dépasse le domaine."
"512","Oman","sau","2199","bau","extension_exploratoire_post_2100","information","TW_HORS_DOMAINE_STULL","Tw est correctement indisponible car au moins une entrée est hors du domaine publié de Stull.","Aucune correction de données : conserver NC et afficher quelle entrée dépasse le domaine."
"356","India","ind","2199","bau","extension_exploratoire_post_2100","information","TW_HORS_DOMAINE_STULL","Tw est correctement indisponible car au moins une entrée est hors du domaine publié de Stull.","Aucune correction de données : conserver NC et afficher quelle entrée dépasse le domaine."
"064","Bhutan","ind","2199","bau","extension_exploratoire_post_2100","information","TW_HORS_DOMAINE_STULL","Tw est correctement indisponible car au moins une entrée est hors du domaine publié de Stull.","Aucune correction de données : conserver NC et afficher quelle entrée dépasse le domaine."
"524","Nepal","ind","2199","bau","extension_exploratoire_post_2100","information","TW_HORS_DOMAINE_STULL","Tw est correctement indisponible car au moins une entrée est hors du domaine publié de Stull.","Aucune correction de données : conserver NC et afficher quelle entrée dépasse le domaine."
"144","Sri Lanka","ind","2199","bau","extension_exploratoire_post_2100","information","TW_HORS_DOMAINE_STULL","Tw est correctement indisponible car au moins une entrée est hors du domaine publié de Stull.","Aucune correction de données : conserver NC et afficher quelle entrée dépasse le domaine."
"887","Yemen","sau","2199","bau","extension_exploratoire_post_2100","information","TW_HORS_DOMAINE_STULL","Tw est correctement indisponible car au moins une entrée est hors du domaine publié de Stull.","Aucune correction de données : conserver NC et afficher quelle entrée dépasse le domaine."
"682","Saudi Arabia","sau","2199","bau","extension_exploratoire_post_2100","information","TW_HORS_DOMAINE_STULL","Tw est correctement indisponible car au moins une entrée est hors du domaine publié de Stull.","Aucune correction de données : conserver NC et afficher quelle entrée dépasse le domaine."
"504","Morocco","nafr","2199","bau","extension_exploratoire_post_2100","information","TW_HORS_DOMAINE_STULL","Tw est correctement indisponible car au moins une entrée est hors du domaine publié de Stull.","Aucune correction de données : conserver NC et afficher quelle entrée dépasse le domaine."
"434","Libya","nafr","2199","bau","extension_exploratoire_post_2100","information","TW_HORS_DOMAINE_STULL","Tw est correctement indisponible car au moins une entrée est hors du domaine publié de Stull.","Aucune correction de données : conserver NC et afficher quelle entrée dépasse le domaine."
"732","W. Sahara","nafr","2200","bau","extension_exploratoire_post_2100","information","TW_HORS_DOMAINE_STULL","Tw est correctement indisponible car au moins une entrée est hors du domaine publié de Stull.","Aucune correction de données : conserver NC et afficher quelle entrée dépasse le domaine."
"788","Tunisia","nafr","2200","bau","extension_exploratoire_post_2100","information","TW_HORS_DOMAINE_STULL","Tw est correctement indisponible car au moins une entrée est hors du domaine publié de Stull.","Aucune correction de données : conserver NC et afficher quelle entrée dépasse le domaine."
"012","Algeria","nafr","2200","bau","extension_exploratoire_post_2100","information","TW_HORS_DOMAINE_STULL","Tw est correctement indisponible car au moins une entrée est hors du domaine publié de Stull.","Aucune correction de données : conserver NC et afficher quelle entrée dépasse le domaine."
"784","United Arab Emirates","sau","2200","bau","extension_exploratoire_post_2100","information","TW_HORS_DOMAINE_STULL","Tw est correctement indisponible car au moins une entrée est hors du domaine publié de Stull.","Aucune correction de données : conserver NC et afficher quelle entrée dépasse le domaine."
"634","Qatar","sau","2200","bau","extension_exploratoire_post_2100","information","TW_HORS_DOMAINE_STULL","Tw est correctement indisponible car au moins une entrée est hors du domaine publié de Stull.","Aucune correction de données : conserver NC et afficher quelle entrée dépasse le domaine."
"414","Kuwait","sau","2200","bau","extension_exploratoire_post_2100","information","TW_HORS_DOMAINE_STULL","Tw est correctement indisponible car au moins une entrée est hors du domaine publié de Stull.","Aucune correction de données : conserver NC et afficher quelle entrée dépasse le domaine."
"512","Oman","sau","2200","bau","extension_exploratoire_post_2100","information","TW_HORS_DOMAINE_STULL","Tw est correctement indisponible car au moins une entrée est hors du domaine publié de Stull.","Aucune correction de données : conserver NC et afficher quelle entrée dépasse le domaine."
"356","India","ind","2200","bau","extension_exploratoire_post_2100","information","TW_HORS_DOMAINE_STULL","Tw est correctement indisponible car au moins une entrée est hors du domaine publié de Stull.","Aucune correction de données : conserver NC et afficher quelle entrée dépasse le domaine."
"064","Bhutan","ind","2200","bau","extension_exploratoire_post_2100","information","TW_HORS_DOMAINE_STULL","Tw est correctement indisponible car au moins une entrée est hors du domaine publié de Stull.","Aucune correction de données : conserver NC et afficher quelle entrée dépasse le domaine."
"524","Nepal","ind","2200","bau","extension_exploratoire_post_2100","information","TW_HORS_DOMAINE_STULL","Tw est correctement indisponible car au moins une entrée est hors du domaine publié de Stull.","Aucune correction de données : conserver NC et afficher quelle entrée dépasse le domaine."
"144","Sri Lanka","ind","2200","bau","extension_exploratoire_post_2100","information","TW_HORS_DOMAINE_STULL","Tw est correctement indisponible car au moins une entrée est hors du domaine publié de Stull.","Aucune correction de données : conserver NC et afficher quelle entrée dépasse le domaine."
"887","Yemen","sau","2200","bau","extension_exploratoire_post_2100","information","TW_HORS_DOMAINE_STULL","Tw est correctement indisponible car au moins une entrée est hors du domaine publié de Stull.","Aucune correction de données : conserver NC et afficher quelle entrée dépasse le domaine."
"682","Saudi Arabia","sau","2200","bau","extension_exploratoire_post_2100","information","TW_HORS_DOMAINE_STULL","Tw est correctement indisponible car au moins une entrée est hors du domaine publié de Stull.","Aucune correction de données : conserver NC et afficher quelle entrée dépasse le domaine."
"504","Morocco","nafr","2200","bau","extension_exploratoire_post_2100","information","TW_HORS_DOMAINE_STULL","Tw est correctement indisponible car au moins une entrée est hors du domaine publié de Stull.","Aucune correction de données : conserver NC et afficher quelle entrée dépasse le domaine."
"434","Libya","nafr","2200","bau","extension_exploratoire_post_2100","information","TW_HORS_DOMAINE_STULL","Tw est correctement indisponible car au moins une entrée est hors du domaine publié de Stull.","Aucune correction de données : conserver NC et afficher quelle entrée dépasse le domaine."
"586","Pakistan","pak","2086","delayed","scenario_CCKP_CMIP6_interpole","information","TW_HORS_DOMAINE_STULL","Tw est correctement indisponible car au moins une entrée est hors du domaine publié de Stull.","Aucune correction de données : conserver NC et afficher quelle entrée dépasse le domaine."
"004","Afghanistan","pak","2086","delayed","scenario_CCKP_CMIP6_interpole","information","TW_HORS_DOMAINE_STULL","Tw est correctement indisponible car au moins une entrée est hors du domaine publié de Stull.","Aucune correction de données : conserver NC et afficher quelle entrée dépasse le domaine."
"586","Pakistan","pak","2087","delayed","scenario_CCKP_CMIP6_interpole","information","TW_HORS_DOMAINE_STULL","Tw est correctement indisponible car au moins une entrée est hors du domaine publié de Stull.","Aucune correction de données : conserver NC et afficher quelle entrée dépasse le domaine."
"004","Afghanistan","pak","2087","delayed","scenario_CCKP_CMIP6_interpole","information","TW_HORS_DOMAINE_STULL","Tw est correctement indisponible car au moins une entrée est hors du domaine publié de Stull.","Aucune correction de données : conserver NC et afficher quelle entrée dépasse le domaine."
"586","Pakistan","pak","2088","delayed","scenario_CCKP_CMIP6_interpole","information","TW_HORS_DOMAINE_STULL","Tw est correctement indisponible car au moins une entrée est hors du domaine publié de Stull.","Aucune correction de données : conserver NC et afficher quelle entrée dépasse le domaine."
"004","Afghanistan","pak","2088","delayed","scenario_CCKP_CMIP6_interpole","information","TW_HORS_DOMAINE_STULL","Tw est correctement indisponible car au moins une entrée est hors du domaine publié de Stull.","Aucune correction de données : conserver NC et afficher quelle entrée dépasse le domaine."
"586","Pakistan","pak","2089","delayed","scenario_CCKP_CMIP6_interpole","information","TW_HORS_DOMAINE_STULL","Tw est correctement indisponible car au moins une entrée est hors du domaine publié de Stull.","Aucune correction de données : conserver NC et afficher quelle entrée dépasse le domaine."
"004","Afghanistan","pak","2089","delayed","scenario_CCKP_CMIP6_interpole","information","TW_HORS_DOMAINE_STULL","Tw est correctement indisponible car au moins une entrée est hors du domaine publié de Stull.","Aucune correction de données : conserver NC et afficher quelle entrée dépasse le domaine."
"586","Pakistan","pak","2090","delayed","scenario_CCKP_CMIP6_interpole","information","TW_HORS_DOMAINE_STULL","Tw est correctement indisponible car au moins une entrée est hors du domaine publié de Stull.","Aucune correction de données : conserver NC et afficher quelle entrée dépasse le domaine."
"004","Afghanistan","pak","2090","delayed","scenario_CCKP_CMIP6_interpole","information","TW_HORS_DOMAINE_STULL","Tw est correctement indisponible car au moins une entrée est hors du domaine publié de Stull.","Aucune correction de données : conserver NC et afficher quelle entrée dépasse le domaine."
"586","Pakistan","pak","2091","delayed","scenario_CCKP_CMIP6_interpole","information","TW_HORS_DOMAINE_STULL","Tw est correctement indisponible car au moins une entrée est hors du domaine publié de Stull.","Aucune correction de données : conserver NC et afficher quelle entrée dépasse le domaine."
"004","Afghanistan","pak","2091","delayed","scenario_CCKP_CMIP6_interpole","information","TW_HORS_DOMAINE_STULL","Tw est correctement indisponible car au moins une entrée est hors du domaine publié de Stull.","Aucune correction de données : conserver NC et afficher quelle entrée dépasse le domaine."
"586","Pakistan","pak","2092","delayed","scenario_CCKP_CMIP6_interpole","information","TW_HORS_DOMAINE_STULL","Tw est correctement indisponible car au moins une entrée est hors du domaine publié de Stull.","Aucune correction de données : conserver NC et afficher quelle entrée dépasse le domaine."
"004","Afghanistan","pak","2092","delayed","scenario_CCKP_CMIP6_interpole","information","TW_HORS_DOMAINE_STULL","Tw est correctement indisponible car au moins une entrée est hors du domaine publié de Stull.","Aucune correction de données : conserver NC et afficher quelle entrée dépasse le domaine."
"586","Pakistan","pak","2093","delayed","scenario_CCKP_CMIP6_interpole","information","TW_HORS_DOMAINE_STULL","Tw est correctement indisponible car au moins une entrée est hors du domaine publié de Stull.","Aucune correction de données : conserver NC et afficher quelle entrée dépasse le domaine."
"004","Afghanistan","pak","2093","delayed","scenario_CCKP_CMIP6_interpole","information","TW_HORS_DOMAINE_STULL","Tw est correctement indisponible car au moins une entrée est hors du domaine publié de Stull.","Aucune correction de données : conserver NC et afficher quelle entrée dépasse le domaine."
"586","Pakistan","pak","2094","delayed","scenario_CCKP_CMIP6_interpole","information","TW_HORS_DOMAINE_STULL","Tw est correctement indisponible car au moins une entrée est hors du domaine publié de Stull.","Aucune correction de données : conserver NC et afficher quelle entrée dépasse le domaine."
"004","Afghanistan","pak","2094","delayed","scenario_CCKP_CMIP6_interpole","information","TW_HORS_DOMAINE_STULL","Tw est correctement indisponible car au moins une entrée est hors du domaine publié de Stull.","Aucune correction de données : conserver NC et afficher quelle entrée dépasse le domaine."
"586","Pakistan","pak","2095","delayed","scenario_CCKP_CMIP6_interpole","information","TW_HORS_DOMAINE_STULL","Tw est correctement indisponible car au moins une entrée est hors du domaine publié de Stull.","Aucune correction de données : conserver NC et afficher quelle entrée dépasse le domaine."
"004","Afghanistan","pak","2095","delayed","scenario_CCKP_CMIP6_interpole","information","TW_HORS_DOMAINE_STULL","Tw est correctement indisponible car au moins une entrée est hors du domaine publié de Stull.","Aucune correction de données : conserver NC et afficher quelle entrée dépasse le domaine."
"586","Pakistan","pak","2096","delayed","scenario_CCKP_CMIP6_interpole","information","TW_HORS_DOMAINE_STULL","Tw est correctement indisponible car au moins une entrée est hors du domaine publié de Stull.","Aucune correction de données : conserver NC et afficher quelle entrée dépasse le domaine."
"004","Afghanistan","pak","2096","delayed","scenario_CCKP_CMIP6_interpole","information","TW_HORS_DOMAINE_STULL","Tw est correctement indisponible car au moins une entrée est hors du domaine publié de Stull.","Aucune correction de données : conserver NC et afficher quelle entrée dépasse le domaine."
"586","Pakistan","pak","2097","delayed","scenario_CCKP_CMIP6_interpole","information","TW_HORS_DOMAINE_STULL","Tw est correctement indisponible car au moins une entrée est hors du domaine publié de Stull.","Aucune correction de données : conserver NC et afficher quelle entrée dépasse le domaine."
"004","Afghanistan","pak","2097","delayed","scenario_CCKP_CMIP6_interpole","information","TW_HORS_DOMAINE_STULL","Tw est correctement indisponible car au moins une entrée est hors du domaine publié de Stull.","Aucune correction de données : conserver NC et afficher quelle entrée dépasse le domaine."
"586","Pakistan","pak","2098","delayed","scenario_CCKP_CMIP6_interpole","information","TW_HORS_DOMAINE_STULL","Tw est correctement indisponible car au moins une entrée est hors du domaine publié de Stull.","Aucune correction de données : conserver NC et afficher quelle entrée dépasse le domaine."
"004","Afghanistan","pak","2098","delayed","scenario_CCKP_CMIP6_interpole","information","TW_HORS_DOMAINE_STULL","Tw est correctement indisponible car au moins une entrée est hors du domaine publié de Stull.","Aucune correction de données : conserver NC et afficher quelle entrée dépasse le domaine."
"586","Pakistan","pak","2099","delayed","scenario_CCKP_CMIP6_interpole","information","TW_HORS_DOMAINE_STULL","Tw est correctement indisponible car au moins une entrée est hors du domaine publié de Stull.","Aucune correction de données : conserver NC et afficher quelle entrée dépasse le domaine."
"004","Afghanistan","pak","2099","delayed","scenario_CCKP_CMIP6_interpole","information","TW_HORS_DOMAINE_STULL","Tw est correctement indisponible car au moins une entrée est hors du domaine publié de Stull.","Aucune correction de données : conserver NC et afficher quelle entrée dépasse le domaine."
"586","Pakistan","pak","2100","delayed","scenario_CCKP_CMIP6_interpole","information","TW_HORS_DOMAINE_STULL","Tw est correctement indisponible car au moins une entrée est hors du domaine publié de Stull.","Aucune correction de données : conserver NC et afficher quelle entrée dépasse le domaine."
"004","Afghanistan","pak","2100","delayed","scenario_CCKP_CMIP6_interpole","information","TW_HORS_DOMAINE_STULL","Tw est correctement indisponible car au moins une entrée est hors du domaine publié de Stull.","Aucune correction de données : conserver NC et afficher quelle entrée dépasse le domaine."
"586","Pakistan","pak","2101","delayed","extension_exploratoire_post_2100","information","TW_HORS_DOMAINE_STULL","Tw est correctement indisponible car au moins une entrée est hors du domaine publié de Stull.","Aucune correction de données : conserver NC et afficher quelle entrée dépasse le domaine."
"004","Afghanistan","pak","2101","delayed","extension_exploratoire_post_2100","information","TW_HORS_DOMAINE_STULL","Tw est correctement indisponible car au moins une entrée est hors du domaine publié de Stull.","Aucune correction de données : conserver NC et afficher quelle entrée dépasse le domaine."
"586","Pakistan","pak","2102","delayed","extension_exploratoire_post_2100","information","TW_HORS_DOMAINE_STULL","Tw est correctement indisponible car au moins une entrée est hors du domaine publié de Stull.","Aucune correction de données : conserver NC et afficher quelle entrée dépasse le domaine."
"004","Afghanistan","pak","2102","delayed","extension_exploratoire_post_2100","information","TW_HORS_DOMAINE_STULL","Tw est correctement indisponible car au moins une entrée est hors du domaine publié de Stull.","Aucune correction de données : conserver NC et afficher quelle entrée dépasse le domaine."
"586","Pakistan","pak","2103","delayed","extension_exploratoire_post_2100","information","TW_HORS_DOMAINE_STULL","Tw est correctement indisponible car au moins une entrée est hors du domaine publié de Stull.","Aucune correction de données : conserver NC et afficher quelle entrée dépasse le domaine."
"004","Afghanistan","pak","2103","delayed","extension_exploratoire_post_2100","information","TW_HORS_DOMAINE_STULL","Tw est correctement indisponible car au moins une entrée est hors du domaine publié de Stull.","Aucune correction de données : conserver NC et afficher quelle entrée dépasse le domaine."
"586","Pakistan","pak","2104","delayed","extension_exploratoire_post_2100","information","TW_HORS_DOMAINE_STULL","Tw est correctement indisponible car au moins une entrée est hors du domaine publié de Stull.","Aucune correction de données : conserver NC et afficher quelle entrée dépasse le domaine."
"004","Afghanistan","pak","2104","delayed","extension_exploratoire_post_2100","information","TW_HORS_DOMAINE_STULL","Tw est correctement indisponible car au moins une entrée est hors du domaine publié de Stull.","Aucune correction de données : conserver NC et afficher quelle entrée dépasse le domaine."
"586","Pakistan","pak","2105","delayed","extension_exploratoire_post_2100","information","TW_HORS_DOMAINE_STULL","Tw est correctement indisponible car au moins une entrée est hors du domaine publié de Stull.","Aucune correction de données : conserver NC et afficher quelle entrée dépasse le domaine."
"004","Afghanistan","pak","2105","delayed","extension_exploratoire_post_2100","information","TW_HORS_DOMAINE_STULL","Tw est correctement indisponible car au moins une entrée est hors du domaine publié de Stull.","Aucune correction de données : conserver NC et afficher quelle entrée dépasse le domaine."
"586","Pakistan","pak","2106","delayed","extension_exploratoire_post_2100","information","TW_HORS_DOMAINE_STULL","Tw est correctement indisponible car au moins une entrée est hors du domaine publié de Stull.","Aucune correction de données : conserver NC et afficher quelle entrée dépasse le domaine."
"004","Afghanistan","pak","2106","delayed","extension_exploratoire_post_2100","information","TW_HORS_DOMAINE_STULL","Tw est correctement indisponible car au moins une entrée est hors du domaine publié de Stull.","Aucune correction de données : conserver NC et afficher quelle entrée dépasse le domaine."
"586","Pakistan","pak","2107","delayed","extension_exploratoire_post_2100","information","TW_HORS_DOMAINE_STULL","Tw est correctement indisponible car au moins une entrée est hors du domaine publié de Stull.","Aucune correction de données : conserver NC et afficher quelle entrée dépasse le domaine."
"004","Afghanistan","pak","2107","delayed","extension_exploratoire_post_2100","information","TW_HORS_DOMAINE_STULL","Tw est correctement indisponible car au moins une entrée est hors du domaine publié de Stull.","Aucune correction de données : conserver NC et afficher quelle entrée dépasse le domaine."
"586","Pakistan","pak","2108","delayed","extension_exploratoire_post_2100","information","TW_HORS_DOMAINE_STULL","Tw est correctement indisponible car au moins une entrée est hors du domaine publié de Stull.","Aucune correction de données : conserver NC et afficher quelle entrée dépasse le domaine."
"004","Afghanistan","pak","2108","delayed","extension_exploratoire_post_2100","information","TW_HORS_DOMAINE_STULL","Tw est correctement indisponible car au moins une entrée est hors du domaine publié de Stull.","Aucune correction de données : conserver NC et afficher quelle entrée dépasse le domaine."
"586","Pakistan","pak","2109","delayed","extension_exploratoire_post_2100","information","TW_HORS_DOMAINE_STULL","Tw est correctement indisponible car au moins une entrée est hors du domaine publié de Stull.","Aucune correction de données : conserver NC et afficher quelle entrée dépasse le domaine."
"004","Afghanistan","pak","2109","delayed","extension_exploratoire_post_2100","information","TW_HORS_DOMAINE_STULL","Tw est correctement indisponible car au moins une entrée est hors du domaine publié de Stull.","Aucune correction de données : conserver NC et afficher quelle entrée dépasse le domaine."
"586","Pakistan","pak","2110","delayed","extension_exploratoire_post_2100","information","TW_HORS_DOMAINE_STULL","Tw est correctement indisponible car au moins une entrée est hors du domaine publié de Stull.","Aucune correction de données : conserver NC et afficher quelle entrée dépasse le domaine."
"004","Afghanistan","pak","2110","delayed","extension_exploratoire_post_2100","information","TW_HORS_DOMAINE_STULL","Tw est correctement indisponible car au moins une entrée est hors du domaine publié de Stull.","Aucune correction de données : conserver NC et afficher quelle entrée dépasse le domaine."
"586","Pakistan","pak","2111","delayed","extension_exploratoire_post_2100","information","TW_HORS_DOMAINE_STULL","Tw est correctement indisponible car au moins une entrée est hors du domaine publié de Stull.","Aucune correction de données : conserver NC et afficher quelle entrée dépasse le domaine."
"004","Afghanistan","pak","2111","delayed","extension_exploratoire_post_2100","information","TW_HORS_DOMAINE_STULL","Tw est correctement indisponible car au moins une entrée est hors du domaine publié de Stull.","Aucune correction de données : conserver NC et afficher quelle entrée dépasse le domaine."
"586","Pakistan","pak","2112","delayed","extension_exploratoire_post_2100","information","TW_HORS_DOMAINE_STULL","Tw est correctement indisponible car au moins une entrée est hors du domaine publié de Stull.","Aucune correction de données : conserver NC et afficher quelle entrée dépasse le domaine."
"004","Afghanistan","pak","2112","delayed","extension_exploratoire_post_2100","information","TW_HORS_DOMAINE_STULL","Tw est correctement indisponible car au moins une entrée est hors du domaine publié de Stull.","Aucune correction de données : conserver NC et afficher quelle entrée dépasse le domaine."
"586","Pakistan","pak","2113","delayed","extension_exploratoire_post_2100","information","TW_HORS_DOMAINE_STULL","Tw est correctement indisponible car au moins une entrée est hors du domaine publié de Stull.","Aucune correction de données : conserver NC et afficher quelle entrée dépasse le domaine."
"004","Afghanistan","pak","2113","delayed","extension_exploratoire_post_2100","information","TW_HORS_DOMAINE_STULL","Tw est correctement indisponible car au moins une entrée est hors du domaine publié de Stull.","Aucune correction de données : conserver NC et afficher quelle entrée dépasse le domaine."
"586","Pakistan","pak","2114","delayed","extension_exploratoire_post_2100","information","TW_HORS_DOMAINE_STULL","Tw est correctement indisponible car au moins une entrée est hors du domaine publié de Stull.","Aucune correction de données : conserver NC et afficher quelle entrée dépasse le domaine."
"004","Afghanistan","pak","2114","delayed","extension_exploratoire_post_2100","information","TW_HORS_DOMAINE_STULL","Tw est correctement indisponible car au moins une entrée est hors du domaine publié de Stull.","Aucune correction de données : conserver NC et afficher quelle entrée dépasse le domaine."
"586","Pakistan","pak","2115","delayed","extension_exploratoire_post_2100","information","TW_HORS_DOMAINE_STULL","Tw est correctement indisponible car au moins une entrée est hors du domaine publié de Stull.","Aucune correction de données : conserver NC et afficher quelle entrée dépasse le domaine."
"004","Afghanistan","pak","2115","delayed","extension_exploratoire_post_2100","information","TW_HORS_DOMAINE_STULL","Tw est correctement indisponible car au moins une entrée est hors du domaine publié de Stull.","Aucune correction de données : conserver NC et afficher quelle entrée dépasse le domaine."
"586","Pakistan","pak","2116","delayed","extension_exploratoire_post_2100","information","TW_HORS_DOMAINE_STULL","Tw est correctement indisponible car au moins une entrée est hors du domaine publié de Stull.","Aucune correction de données : conserver NC et afficher quelle entrée dépasse le domaine."
"004","Afghanistan","pak","2116","delayed","extension_exploratoire_post_2100","information","TW_HORS_DOMAINE_STULL","Tw est correctement indisponible car au moins une entrée est hors du domaine publié de Stull.","Aucune correction de données : conserver NC et afficher quelle entrée dépasse le domaine."
"586","Pakistan","pak","2117","delayed","extension_exploratoire_post_2100","information","TW_HORS_DOMAINE_STULL","Tw est correctement indisponible car au moins une entrée est hors du domaine publié de Stull.","Aucune correction de données : conserver NC et afficher quelle entrée dépasse le domaine."
"004","Afghanistan","pak","2117","delayed","extension_exploratoire_post_2100","information","TW_HORS_DOMAINE_STULL","Tw est correctement indisponible car au moins une entrée est hors du domaine publié de Stull.","Aucune correction de données : conserver NC et afficher quelle entrée dépasse le domaine."
"586","Pakistan","pak","2118","delayed","extension_exploratoire_post_2100","information","TW_HORS_DOMAINE_STULL","Tw est correctement indisponible car au moins une entrée est hors du domaine publié de Stull.","Aucune correction de données : conserver NC et afficher quelle entrée dépasse le domaine."
"004","Afghanistan","pak","2118","delayed","extension_exploratoire_post_2100","information","TW_HORS_DOMAINE_STULL","Tw est correctement indisponible car au moins une entrée est hors du domaine publié de Stull.","Aucune correction de données : conserver NC et afficher quelle entrée dépasse le domaine."
"586","Pakistan","pak","2119","delayed","extension_exploratoire_post_2100","information","TW_HORS_DOMAINE_STULL","Tw est correctement indisponible car au moins une entrée est hors du domaine publié de Stull.","Aucune correction de données : conserver NC et afficher quelle entrée dépasse le domaine."
"004","Afghanistan","pak","2119","delayed","extension_exploratoire_post_2100","information","TW_HORS_DOMAINE_STULL","Tw est correctement indisponible car au moins une entrée est hors du domaine publié de Stull.","Aucune correction de données : conserver NC et afficher quelle entrée dépasse le domaine."
"586","Pakistan","pak","2120","delayed","extension_exploratoire_post_2100","information","TW_HORS_DOMAINE_STULL","Tw est correctement indisponible car au moins une entrée est hors du domaine publié de Stull.","Aucune correction de données : conserver NC et afficher quelle entrée dépasse le domaine."
"004","Afghanistan","pak","2120","delayed","extension_exploratoire_post_2100","information","TW_HORS_DOMAINE_STULL","Tw est correctement indisponible car au moins une entrée est hors du domaine publié de Stull.","Aucune correction de données : conserver NC et afficher quelle entrée dépasse le domaine."
"586","Pakistan","pak","2121","delayed","extension_exploratoire_post_2100","information","TW_HORS_DOMAINE_STULL","Tw est correctement indisponible car au moins une entrée est hors du domaine publié de Stull.","Aucune correction de données : conserver NC et afficher quelle entrée dépasse le domaine."
"004","Afghanistan","pak","2121","delayed","extension_exploratoire_post_2100","information","TW_HORS_DOMAINE_STULL","Tw est correctement indisponible car au moins une entrée est hors du domaine publié de Stull.","Aucune correction de données : conserver NC et afficher quelle entrée dépasse le domaine."
"586","Pakistan","pak","2122","delayed","extension_exploratoire_post_2100","information","TW_HORS_DOMAINE_STULL","Tw est correctement indisponible car au moins une entrée est hors du domaine publié de Stull.","Aucune correction de données : conserver NC et afficher quelle entrée dépasse le domaine."
"004","Afghanistan","pak","2122","delayed","extension_exploratoire_post_2100","information","TW_HORS_DOMAINE_STULL","Tw est correctement indisponible car au moins une entrée est hors du domaine publié de Stull.","Aucune correction de données : conserver NC et afficher quelle entrée dépasse le domaine."
"586","Pakistan","pak","2123","delayed","extension_exploratoire_post_2100","information","TW_HORS_DOMAINE_STULL","Tw est correctement indisponible car au moins une entrée est hors du domaine publié de Stull.","Aucune correction de données : conserver NC et afficher quelle entrée dépasse le domaine."
"004","Afghanistan","pak","2123","delayed","extension_exploratoire_post_2100","information","TW_HORS_DOMAINE_STULL","Tw est correctement indisponible car au moins une entrée est hors du domaine publié de Stull.","Aucune correction de données : conserver NC et afficher quelle entrée dépasse le domaine."
"586","Pakistan","pak","2124","delayed","extension_exploratoire_post_2100","information","TW_HORS_DOMAINE_STULL","Tw est correctement indisponible car au moins une entrée est hors du domaine publié de Stull.","Aucune correction de données : conserver NC et afficher quelle entrée dépasse le domaine."
"004","Afghanistan","pak","2124","delayed","extension_exploratoire_post_2100","information","TW_HORS_DOMAINE_STULL","Tw est correctement indisponible car au moins une entrée est hors du domaine publié de Stull.","Aucune correction de données : conserver NC et afficher quelle entrée dépasse le domaine."
"586","Pakistan","pak","2125","delayed","extension_exploratoire_post_2100","information","TW_HORS_DOMAINE_STULL","Tw est correctement indisponible car au moins une entrée est hors du domaine publié de Stull.","Aucune correction de données : conserver NC et afficher quelle entrée dépasse le domaine."
"004","Afghanistan","pak","2125","delayed","extension_exploratoire_post_2100","information","TW_HORS_DOMAINE_STULL","Tw est correctement indisponible car au moins une entrée est hors du domaine publié de Stull.","Aucune correction de données : conserver NC et afficher quelle entrée dépasse le domaine."
"586","Pakistan","pak","2126","delayed","extension_exploratoire_post_2100","information","TW_HORS_DOMAINE_STULL","Tw est correctement indisponible car au moins une entrée est hors du domaine publié de Stull.","Aucune correction de données : conserver NC et afficher quelle entrée dépasse le domaine."
"004","Afghanistan","pak","2126","delayed","extension_exploratoire_post_2100","information","TW_HORS_DOMAINE_STULL","Tw est correctement indisponible car au moins une entrée est hors du domaine publié de Stull.","Aucune correction de données : conserver NC et afficher quelle entrée dépasse le domaine."
"586","Pakistan","pak","2127","delayed","extension_exploratoire_post_2100","information","TW_HORS_DOMAINE_STULL","Tw est correctement indisponible car au moins une entrée est hors du domaine publié de Stull.","Aucune correction de données : conserver NC et afficher quelle entrée dépasse le domaine."
"004","Afghanistan","pak","2127","delayed","extension_exploratoire_post_2100","information","TW_HORS_DOMAINE_STULL","Tw est correctement indisponible car au moins une entrée est hors du domaine publié de Stull.","Aucune correction de données : conserver NC et afficher quelle entrée dépasse le domaine."
"586","Pakistan","pak","2128","delayed","extension_exploratoire_post_2100","information","TW_HORS_DOMAINE_STULL","Tw est correctement indisponible car au moins une entrée est hors du domaine publié de Stull.","Aucune correction de données : conserver NC et afficher quelle entrée dépasse le domaine."
"004","Afghanistan","pak","2128","delayed","extension_exploratoire_post_2100","information","TW_HORS_DOMAINE_STULL","Tw est correctement indisponible car au moins une entrée est hors du domaine publié de Stull.","Aucune correction de données : conserver NC et afficher quelle entrée dépasse le domaine."
"586","Pakistan","pak","2129","delayed","extension_exploratoire_post_2100","information","TW_HORS_DOMAINE_STULL","Tw est correctement indisponible car au moins une entrée est hors du domaine publié de Stull.","Aucune correction de données : conserver NC et afficher quelle entrée dépasse le domaine."
"004","Afghanistan","pak","2129","delayed","extension_exploratoire_post_2100","information","TW_HORS_DOMAINE_STULL","Tw est correctement indisponible car au moins une entrée est hors du domaine publié de Stull.","Aucune correction de données : conserver NC et afficher quelle entrée dépasse le domaine."
"586","Pakistan","pak","2130","delayed","extension_exploratoire_post_2100","information","TW_HORS_DOMAINE_STULL","Tw est correctement indisponible car au moins une entrée est hors du domaine publié de Stull.","Aucune correction de données : conserver NC et afficher quelle entrée dépasse le domaine."
"004","Afghanistan","pak","2130","delayed","extension_exploratoire_post_2100","information","TW_HORS_DOMAINE_STULL","Tw est correctement indisponible car au moins une entrée est hors du domaine publié de Stull.","Aucune correction de données : conserver NC et afficher quelle entrée dépasse le domaine."
"586","Pakistan","pak","2131","delayed","extension_exploratoire_post_2100","information","TW_HORS_DOMAINE_STULL","Tw est correctement indisponible car au moins une entrée est hors du domaine publié de Stull.","Aucune correction de données : conserver NC et afficher quelle entrée dépasse le domaine."
"004","Afghanistan","pak","2131","delayed","extension_exploratoire_post_2100","information","TW_HORS_DOMAINE_STULL","Tw est correctement indisponible car au moins une entrée est hors du domaine publié de Stull.","Aucune correction de données : conserver NC et afficher quelle entrée dépasse le domaine."
"586","Pakistan","pak","2132","delayed","extension_exploratoire_post_2100","information","TW_HORS_DOMAINE_STULL","Tw est correctement indisponible car au moins une entrée est hors du domaine publié de Stull.","Aucune correction de données : conserver NC et afficher quelle entrée dépasse le domaine."
"004","Afghanistan","pak","2132","delayed","extension_exploratoire_post_2100","information","TW_HORS_DOMAINE_STULL","Tw est correctement indisponible car au moins une entrée est hors du domaine publié de Stull.","Aucune correction de données : conserver NC et afficher quelle entrée dépasse le domaine."
"586","Pakistan","pak","2133","delayed","extension_exploratoire_post_2100","information","TW_HORS_DOMAINE_STULL","Tw est correctement indisponible car au moins une entrée est hors du domaine publié de Stull.","Aucune correction de données : conserver NC et afficher quelle entrée dépasse le domaine."
"004","Afghanistan","pak","2133","delayed","extension_exploratoire_post_2100","information","TW_HORS_DOMAINE_STULL","Tw est correctement indisponible car au moins une entrée est hors du domaine publié de Stull.","Aucune correction de données : conserver NC et afficher quelle entrée dépasse le domaine."
"586","Pakistan","pak","2134","delayed","extension_exploratoire_post_2100","information","TW_HORS_DOMAINE_STULL","Tw est correctement indisponible car au moins une entrée est hors du domaine publié de Stull.","Aucune correction de données : conserver NC et afficher quelle entrée dépasse le domaine."
"004","Afghanistan","pak","2134","delayed","extension_exploratoire_post_2100","information","TW_HORS_DOMAINE_STULL","Tw est correctement indisponible car au moins une entrée est hors du domaine publié de Stull.","Aucune correction de données : conserver NC et afficher quelle entrée dépasse le domaine."
"586","Pakistan","pak","2135","delayed","extension_exploratoire_post_2100","information","TW_HORS_DOMAINE_STULL","Tw est correctement indisponible car au moins une entrée est hors du domaine publié de Stull.","Aucune correction de données : conserver NC et afficher quelle entrée dépasse le domaine."
"004","Afghanistan","pak","2135","delayed","extension_exploratoire_post_2100","information","TW_HORS_DOMAINE_STULL","Tw est correctement indisponible car au moins une entrée est hors du domaine publié de Stull.","Aucune correction de données : conserver NC et afficher quelle entrée dépasse le domaine."
"586","Pakistan","pak","2136","delayed","extension_exploratoire_post_2100","information","TW_HORS_DOMAINE_STULL","Tw est correctement indisponible car au moins une entrée est hors du domaine publié de Stull.","Aucune correction de données : conserver NC et afficher quelle entrée dépasse le domaine."
"004","Afghanistan","pak","2136","delayed","extension_exploratoire_post_2100","information","TW_HORS_DOMAINE_STULL","Tw est correctement indisponible car au moins une entrée est hors du domaine publié de Stull.","Aucune correction de données : conserver NC et afficher quelle entrée dépasse le domaine."
"586","Pakistan","pak","2137","delayed","extension_exploratoire_post_2100","information","TW_HORS_DOMAINE_STULL","Tw est correctement indisponible car au moins une entrée est hors du domaine publié de Stull.","Aucune correction de données : conserver NC et afficher quelle entrée dépasse le domaine."
"004","Afghanistan","pak","2137","delayed","extension_exploratoire_post_2100","information","TW_HORS_DOMAINE_STULL","Tw est correctement indisponible car au moins une entrée est hors du domaine publié de Stull.","Aucune correction de données : conserver NC et afficher quelle entrée dépasse le domaine."
"586","Pakistan","pak","2138","delayed","extension_exploratoire_post_2100","information","TW_HORS_DOMAINE_STULL","Tw est correctement indisponible car au moins une entrée est hors du domaine publié de Stull.","Aucune correction de données : conserver NC et afficher quelle entrée dépasse le domaine."
"004","Afghanistan","pak","2138","delayed","extension_exploratoire_post_2100","information","TW_HORS_DOMAINE_STULL","Tw est correctement indisponible car au moins une entrée est hors du domaine publié de Stull.","Aucune correction de données : conserver NC et afficher quelle entrée dépasse le domaine."
"586","Pakistan","pak","2139","delayed","extension_exploratoire_post_2100","information","TW_HORS_DOMAINE_STULL","Tw est correctement indisponible car au moins une entrée est hors du domaine publié de Stull.","Aucune correction de données : conserver NC et afficher quelle entrée dépasse le domaine."
"004","Afghanistan","pak","2139","delayed","extension_exploratoire_post_2100","information","TW_HORS_DOMAINE_STULL","Tw est correctement indisponible car au moins une entrée est hors du domaine publié de Stull.","Aucune correction de données : conserver NC et afficher quelle entrée dépasse le domaine."
"586","Pakistan","pak","2140","delayed","extension_exploratoire_post_2100","information","TW_HORS_DOMAINE_STULL","Tw est correctement indisponible car au moins une entrée est hors du domaine publié de Stull.","Aucune correction de données : conserver NC et afficher quelle entrée dépasse le domaine."
"004","Afghanistan","pak","2140","delayed","extension_exploratoire_post_2100","information","TW_HORS_DOMAINE_STULL","Tw est correctement indisponible car au moins une entrée est hors du domaine publié de Stull.","Aucune correction de données : conserver NC et afficher quelle entrée dépasse le domaine."
"586","Pakistan","pak","2141","delayed","extension_exploratoire_post_2100","information","TW_HORS_DOMAINE_STULL","Tw est correctement indisponible car au moins une entrée est hors du domaine publié de Stull.","Aucune correction de données : conserver NC et afficher quelle entrée dépasse le domaine."
"004","Afghanistan","pak","2141","delayed","extension_exploratoire_post_2100","information","TW_HORS_DOMAINE_STULL","Tw est correctement indisponible car au moins une entrée est hors du domaine publié de Stull.","Aucune correction de données : conserver NC et afficher quelle entrée dépasse le domaine."
"586","Pakistan","pak","2142","delayed","extension_exploratoire_post_2100","information","TW_HORS_DOMAINE_STULL","Tw est correctement indisponible car au moins une entrée est hors du domaine publié de Stull.","Aucune correction de données : conserver NC et afficher quelle entrée dépasse le domaine."
"004","Afghanistan","pak","2142","delayed","extension_exploratoire_post_2100","information","TW_HORS_DOMAINE_STULL","Tw est correctement indisponible car au moins une entrée est hors du domaine publié de Stull.","Aucune correction de données : conserver NC et afficher quelle entrée dépasse le domaine."
"586","Pakistan","pak","2143","delayed","extension_exploratoire_post_2100","information","TW_HORS_DOMAINE_STULL","Tw est correctement indisponible car au moins une entrée est hors du domaine publié de Stull.","Aucune correction de données : conserver NC et afficher quelle entrée dépasse le domaine."
"004","Afghanistan","pak","2143","delayed","extension_exploratoire_post_2100","information","TW_HORS_DOMAINE_STULL","Tw est correctement indisponible car au moins une entrée est hors du domaine publié de Stull.","Aucune correction de données : conserver NC et afficher quelle entrée dépasse le domaine."
"586","Pakistan","pak","2144","delayed","extension_exploratoire_post_2100","information","TW_HORS_DOMAINE_STULL","Tw est correctement indisponible car au moins une entrée est hors du domaine publié de Stull.","Aucune correction de données : conserver NC et afficher quelle entrée dépasse le domaine."
"004","Afghanistan","pak","2144","delayed","extension_exploratoire_post_2100","information","TW_HORS_DOMAINE_STULL","Tw est correctement indisponible car au moins une entrée est hors du domaine publié de Stull.","Aucune correction de données : conserver NC et afficher quelle entrée dépasse le domaine."
"586","Pakistan","pak","2145","delayed","extension_exploratoire_post_2100","information","TW_HORS_DOMAINE_STULL","Tw est correctement indisponible car au moins une entrée est hors du domaine publié de Stull.","Aucune correction de données : conserver NC et afficher quelle entrée dépasse le domaine."
"004","Afghanistan","pak","2145","delayed","extension_exploratoire_post_2100","information","TW_HORS_DOMAINE_STULL","Tw est correctement indisponible car au moins une entrée est hors du domaine publié de Stull.","Aucune correction de données : conserver NC et afficher quelle entrée dépasse le domaine."
"586","Pakistan","pak","2146","delayed","extension_exploratoire_post_2100","information","TW_HORS_DOMAINE_STULL","Tw est correctement indisponible car au moins une entrée est hors du domaine publié de Stull.","Aucune correction de données : conserver NC et afficher quelle entrée dépasse le domaine."
"004","Afghanistan","pak","2146","delayed","extension_exploratoire_post_2100","information","TW_HORS_DOMAINE_STULL","Tw est correctement indisponible car au moins une entrée est hors du domaine publié de Stull.","Aucune correction de données : conserver NC et afficher quelle entrée dépasse le domaine."
"586","Pakistan","pak","2147","delayed","extension_exploratoire_post_2100","information","TW_HORS_DOMAINE_STULL","Tw est correctement indisponible car au moins une entrée est hors du domaine publié de Stull.","Aucune correction de données : conserver NC et afficher quelle entrée dépasse le domaine."
"004","Afghanistan","pak","2147","delayed","extension_exploratoire_post_2100","information","TW_HORS_DOMAINE_STULL","Tw est correctement indisponible car au moins une entrée est hors du domaine publié de Stull.","Aucune correction de données : conserver NC et afficher quelle entrée dépasse le domaine."
"586","Pakistan","pak","2148","delayed","extension_exploratoire_post_2100","information","TW_HORS_DOMAINE_STULL","Tw est correctement indisponible car au moins une entrée est hors du domaine publié de Stull.","Aucune correction de données : conserver NC et afficher quelle entrée dépasse le domaine."
"004","Afghanistan","pak","2148","delayed","extension_exploratoire_post_2100","information","TW_HORS_DOMAINE_STULL","Tw est correctement indisponible car au moins une entrée est hors du domaine publié de Stull.","Aucune correction de données : conserver NC et afficher quelle entrée dépasse le domaine."
"586","Pakistan","pak","2149","delayed","extension_exploratoire_post_2100","information","TW_HORS_DOMAINE_STULL","Tw est correctement indisponible car au moins une entrée est hors du domaine publié de Stull.","Aucune correction de données : conserver NC et afficher quelle entrée dépasse le domaine."
"004","Afghanistan","pak","2149","delayed","extension_exploratoire_post_2100","information","TW_HORS_DOMAINE_STULL","Tw est correctement indisponible car au moins une entrée est hors du domaine publié de Stull.","Aucune correction de données : conserver NC et afficher quelle entrée dépasse le domaine."
"586","Pakistan","pak","2150","delayed","extension_exploratoire_post_2100","information","TW_HORS_DOMAINE_STULL","Tw est correctement indisponible car au moins une entrée est hors du domaine publié de Stull.","Aucune correction de données : conserver NC et afficher quelle entrée dépasse le domaine."
"004","Afghanistan","pak","2150","delayed","extension_exploratoire_post_2100","information","TW_HORS_DOMAINE_STULL","Tw est correctement indisponible car au moins une entrée est hors du domaine publié de Stull.","Aucune correction de données : conserver NC et afficher quelle entrée dépasse le domaine."
"586","Pakistan","pak","2151","delayed","extension_exploratoire_post_2100","information","TW_HORS_DOMAINE_STULL","Tw est correctement indisponible car au moins une entrée est hors du domaine publié de Stull.","Aucune correction de données : conserver NC et afficher quelle entrée dépasse le domaine."
"004","Afghanistan","pak","2151","delayed","extension_exploratoire_post_2100","information","TW_HORS_DOMAINE_STULL","Tw est correctement indisponible car au moins une entrée est hors du domaine publié de Stull.","Aucune correction de données : conserver NC et afficher quelle entrée dépasse le domaine."
"586","Pakistan","pak","2152","delayed","extension_exploratoire_post_2100","information","TW_HORS_DOMAINE_STULL","Tw est correctement indisponible car au moins une entrée est hors du domaine publié de Stull.","Aucune correction de données : conserver NC et afficher quelle entrée dépasse le domaine."
"004","Afghanistan","pak","2152","delayed","extension_exploratoire_post_2100","information","TW_HORS_DOMAINE_STULL","Tw est correctement indisponible car au moins une entrée est hors du domaine publié de Stull.","Aucune correction de données : conserver NC et afficher quelle entrée dépasse le domaine."
"586","Pakistan","pak","2153","delayed","extension_exploratoire_post_2100","information","TW_HORS_DOMAINE_STULL","Tw est correctement indisponible car au moins une entrée est hors du domaine publié de Stull.","Aucune correction de données : conserver NC et afficher quelle entrée dépasse le domaine."
"004","Afghanistan","pak","2153","delayed","extension_exploratoire_post_2100","information","TW_HORS_DOMAINE_STULL","Tw est correctement indisponible car au moins une entrée est hors du domaine publié de Stull.","Aucune correction de données : conserver NC et afficher quelle entrée dépasse le domaine."
"586","Pakistan","pak","2154","delayed","extension_exploratoire_post_2100","information","TW_HORS_DOMAINE_STULL","Tw est correctement indisponible car au moins une entrée est hors du domaine publié de Stull.","Aucune correction de données : conserver NC et afficher quelle entrée dépasse le domaine."
"004","Afghanistan","pak","2154","delayed","extension_exploratoire_post_2100","information","TW_HORS_DOMAINE_STULL","Tw est correctement indisponible car au moins une entrée est hors du domaine publié de Stull.","Aucune correction de données : conserver NC et afficher quelle entrée dépasse le domaine."
"586","Pakistan","pak","2155","delayed","extension_exploratoire_post_2100","information","TW_HORS_DOMAINE_STULL","Tw est correctement indisponible car au moins une entrée est hors du domaine publié de Stull.","Aucune correction de données : conserver NC et afficher quelle entrée dépasse le domaine."
"004","Afghanistan","pak","2155","delayed","extension_exploratoire_post_2100","information","TW_HORS_DOMAINE_STULL","Tw est correctement indisponible car au moins une entrée est hors du domaine publié de Stull.","Aucune correction de données : conserver NC et afficher quelle entrée dépasse le domaine."
"586","Pakistan","pak","2156","delayed","extension_exploratoire_post_2100","information","TW_HORS_DOMAINE_STULL","Tw est correctement indisponible car au moins une entrée est hors du domaine publié de Stull.","Aucune correction de données : conserver NC et afficher quelle entrée dépasse le domaine."
"004","Afghanistan","pak","2156","delayed","extension_exploratoire_post_2100","information","TW_HORS_DOMAINE_STULL","Tw est correctement indisponible car au moins une entrée est hors du domaine publié de Stull.","Aucune correction de données : conserver NC et afficher quelle entrée dépasse le domaine."
"586","Pakistan","pak","2157","delayed","extension_exploratoire_post_2100","information","TW_HORS_DOMAINE_STULL","Tw est correctement indisponible car au moins une entrée est hors du domaine publié de Stull.","Aucune correction de données : conserver NC et afficher quelle entrée dépasse le domaine."
"004","Afghanistan","pak","2157","delayed","extension_exploratoire_post_2100","information","TW_HORS_DOMAINE_STULL","Tw est correctement indisponible car au moins une entrée est hors du domaine publié de Stull.","Aucune correction de données : conserver NC et afficher quelle entrée dépasse le domaine."
"586","Pakistan","pak","2158","delayed","extension_exploratoire_post_2100","information","TW_HORS_DOMAINE_STULL","Tw est correctement indisponible car au moins une entrée est hors du domaine publié de Stull.","Aucune correction de données : conserver NC et afficher quelle entrée dépasse le domaine."
"004","Afghanistan","pak","2158","delayed","extension_exploratoire_post_2100","information","TW_HORS_DOMAINE_STULL","Tw est correctement indisponible car au moins une entrée est hors du domaine publié de Stull.","Aucune correction de données : conserver NC et afficher quelle entrée dépasse le domaine."
"586","Pakistan","pak","2159","delayed","extension_exploratoire_post_2100","information","TW_HORS_DOMAINE_STULL","Tw est correctement indisponible car au moins une entrée est hors du domaine publié de Stull.","Aucune correction de données : conserver NC et afficher quelle entrée dépasse le domaine."
"004","Afghanistan","pak","2159","delayed","extension_exploratoire_post_2100","information","TW_HORS_DOMAINE_STULL","Tw est correctement indisponible car au moins une entrée est hors du domaine publié de Stull.","Aucune correction de données : conserver NC et afficher quelle entrée dépasse le domaine."
"586","Pakistan","pak","2160","delayed","extension_exploratoire_post_2100","information","TW_HORS_DOMAINE_STULL","Tw est correctement indisponible car au moins une entrée est hors du domaine publié de Stull.","Aucune correction de données : conserver NC et afficher quelle entrée dépasse le domaine."
"004","Afghanistan","pak","2160","delayed","extension_exploratoire_post_2100","information","TW_HORS_DOMAINE_STULL","Tw est correctement indisponible car au moins une entrée est hors du domaine publié de Stull.","Aucune correction de données : conserver NC et afficher quelle entrée dépasse le domaine."
"586","Pakistan","pak","2161","delayed","extension_exploratoire_post_2100","information","TW_HORS_DOMAINE_STULL","Tw est correctement indisponible car au moins une entrée est hors du domaine publié de Stull.","Aucune correction de données : conserver NC et afficher quelle entrée dépasse le domaine."
"004","Afghanistan","pak","2161","delayed","extension_exploratoire_post_2100","information","TW_HORS_DOMAINE_STULL","Tw est correctement indisponible car au moins une entrée est hors du domaine publié de Stull.","Aucune correction de données : conserver NC et afficher quelle entrée dépasse le domaine."
"586","Pakistan","pak","2162","delayed","extension_exploratoire_post_2100","information","TW_HORS_DOMAINE_STULL","Tw est correctement indisponible car au moins une entrée est hors du domaine publié de Stull.","Aucune correction de données : conserver NC et afficher quelle entrée dépasse le domaine."
"004","Afghanistan","pak","2162","delayed","extension_exploratoire_post_2100","information","TW_HORS_DOMAINE_STULL","Tw est correctement indisponible car au moins une entrée est hors du domaine publié de Stull.","Aucune correction de données : conserver NC et afficher quelle entrée dépasse le domaine."
"586","Pakistan","pak","2163","delayed","extension_exploratoire_post_2100","information","TW_HORS_DOMAINE_STULL","Tw est correctement indisponible car au moins une entrée est hors du domaine publié de Stull.","Aucune correction de données : conserver NC et afficher quelle entrée dépasse le domaine."
"004","Afghanistan","pak","2163","delayed","extension_exploratoire_post_2100","information","TW_HORS_DOMAINE_STULL","Tw est correctement indisponible car au moins une entrée est hors du domaine publié de Stull.","Aucune correction de données : conserver NC et afficher quelle entrée dépasse le domaine."
"586","Pakistan","pak","2164","delayed","extension_exploratoire_post_2100","information","TW_HORS_DOMAINE_STULL","Tw est correctement indisponible car au moins une entrée est hors du domaine publié de Stull.","Aucune correction de données : conserver NC et afficher quelle entrée dépasse le domaine."
"004","Afghanistan","pak","2164","delayed","extension_exploratoire_post_2100","information","TW_HORS_DOMAINE_STULL","Tw est correctement indisponible car au moins une entrée est hors du domaine publié de Stull.","Aucune correction de données : conserver NC et afficher quelle entrée dépasse le domaine."
"586","Pakistan","pak","2165","delayed","extension_exploratoire_post_2100","information","TW_HORS_DOMAINE_STULL","Tw est correctement indisponible car au moins une entrée est hors du domaine publié de Stull.","Aucune correction de données : conserver NC et afficher quelle entrée dépasse le domaine."
"004","Afghanistan","pak","2165","delayed","extension_exploratoire_post_2100","information","TW_HORS_DOMAINE_STULL","Tw est correctement indisponible car au moins une entrée est hors du domaine publié de Stull.","Aucune correction de données : conserver NC et afficher quelle entrée dépasse le domaine."
"586","Pakistan","pak","2166","delayed","extension_exploratoire_post_2100","information","TW_HORS_DOMAINE_STULL","Tw est correctement indisponible car au moins une entrée est hors du domaine publié de Stull.","Aucune correction de données : conserver NC et afficher quelle entrée dépasse le domaine."
"004","Afghanistan","pak","2166","delayed","extension_exploratoire_post_2100","information","TW_HORS_DOMAINE_STULL","Tw est correctement indisponible car au moins une entrée est hors du domaine publié de Stull.","Aucune correction de données : conserver NC et afficher quelle entrée dépasse le domaine."
"586","Pakistan","pak","2167","delayed","extension_exploratoire_post_2100","information","TW_HORS_DOMAINE_STULL","Tw est correctement indisponible car au moins une entrée est hors du domaine publié de Stull.","Aucune correction de données : conserver NC et afficher quelle entrée dépasse le domaine."
"004","Afghanistan","pak","2167","delayed","extension_exploratoire_post_2100","information","TW_HORS_DOMAINE_STULL","Tw est correctement indisponible car au moins une entrée est hors du domaine publié de Stull.","Aucune correction de données : conserver NC et afficher quelle entrée dépasse le domaine."
"586","Pakistan","pak","2168","delayed","extension_exploratoire_post_2100","information","TW_HORS_DOMAINE_STULL","Tw est correctement indisponible car au moins une entrée est hors du domaine publié de Stull.","Aucune correction de données : conserver NC et afficher quelle entrée dépasse le domaine."
"004","Afghanistan","pak","2168","delayed","extension_exploratoire_post_2100","information","TW_HORS_DOMAINE_STULL","Tw est correctement indisponible car au moins une entrée est hors du domaine publié de Stull.","Aucune correction de données : conserver NC et afficher quelle entrée dépasse le domaine."
"586","Pakistan","pak","2169","delayed","extension_exploratoire_post_2100","information","TW_HORS_DOMAINE_STULL","Tw est correctement indisponible car au moins une entrée est hors du domaine publié de Stull.","Aucune correction de données : conserver NC et afficher quelle entrée dépasse le domaine."
"004","Afghanistan","pak","2169","delayed","extension_exploratoire_post_2100","information","TW_HORS_DOMAINE_STULL","Tw est correctement indisponible car au moins une entrée est hors du domaine publié de Stull.","Aucune correction de données : conserver NC et afficher quelle entrée dépasse le domaine."
"586","Pakistan","pak","2170","delayed","extension_exploratoire_post_2100","information","TW_HORS_DOMAINE_STULL","Tw est correctement indisponible car au moins une entrée est hors du domaine publié de Stull.","Aucune correction de données : conserver NC et afficher quelle entrée dépasse le domaine."
"004","Afghanistan","pak","2170","delayed","extension_exploratoire_post_2100","information","TW_HORS_DOMAINE_STULL","Tw est correctement indisponible car au moins une entrée est hors du domaine publié de Stull.","Aucune correction de données : conserver NC et afficher quelle entrée dépasse le domaine."
"586","Pakistan","pak","2171","delayed","extension_exploratoire_post_2100","information","TW_HORS_DOMAINE_STULL","Tw est correctement indisponible car au moins une entrée est hors du domaine publié de Stull.","Aucune correction de données : conserver NC et afficher quelle entrée dépasse le domaine."
"004","Afghanistan","pak","2171","delayed","extension_exploratoire_post_2100","information","TW_HORS_DOMAINE_STULL","Tw est correctement indisponible car au moins une entrée est hors du domaine publié de Stull.","Aucune correction de données : conserver NC et afficher quelle entrée dépasse le domaine."
"586","Pakistan","pak","2172","delayed","extension_exploratoire_post_2100","information","TW_HORS_DOMAINE_STULL","Tw est correctement indisponible car au moins une entrée est hors du domaine publié de Stull.","Aucune correction de données : conserver NC et afficher quelle entrée dépasse le domaine."
"004","Afghanistan","pak","2172","delayed","extension_exploratoire_post_2100","information","TW_HORS_DOMAINE_STULL","Tw est correctement indisponible car au moins une entrée est hors du domaine publié de Stull.","Aucune correction de données : conserver NC et afficher quelle entrée dépasse le domaine."
"586","Pakistan","pak","2173","delayed","extension_exploratoire_post_2100","information","TW_HORS_DOMAINE_STULL","Tw est correctement indisponible car au moins une entrée est hors du domaine publié de Stull.","Aucune correction de données : conserver NC et afficher quelle entrée dépasse le domaine."
"004","Afghanistan","pak","2173","delayed","extension_exploratoire_post_2100","information","TW_HORS_DOMAINE_STULL","Tw est correctement indisponible car au moins une entrée est hors du domaine publié de Stull.","Aucune correction de données : conserver NC et afficher quelle entrée dépasse le domaine."
"586","Pakistan","pak","2174","delayed","extension_exploratoire_post_2100","information","TW_HORS_DOMAINE_STULL","Tw est correctement indisponible car au moins une entrée est hors du domaine publié de Stull.","Aucune correction de données : conserver NC et afficher quelle entrée dépasse le domaine."
"004","Afghanistan","pak","2174","delayed","extension_exploratoire_post_2100","information","TW_HORS_DOMAINE_STULL","Tw est correctement indisponible car au moins une entrée est hors du domaine publié de Stull.","Aucune correction de données : conserver NC et afficher quelle entrée dépasse le domaine."
"586","Pakistan","pak","2175","delayed","extension_exploratoire_post_2100","information","TW_HORS_DOMAINE_STULL","Tw est correctement indisponible car au moins une entrée est hors du domaine publié de Stull.","Aucune correction de données : conserver NC et afficher quelle entrée dépasse le domaine."
"004","Afghanistan","pak","2175","delayed","extension_exploratoire_post_2100","information","TW_HORS_DOMAINE_STULL","Tw est correctement indisponible car au moins une entrée est hors du domaine publié de Stull.","Aucune correction de données : conserver NC et afficher quelle entrée dépasse le domaine."
"586","Pakistan","pak","2176","delayed","extension_exploratoire_post_2100","information","TW_HORS_DOMAINE_STULL","Tw est correctement indisponible car au moins une entrée est hors du domaine publié de Stull.","Aucune correction de données : conserver NC et afficher quelle entrée dépasse le domaine."
"004","Afghanistan","pak","2176","delayed","extension_exploratoire_post_2100","information","TW_HORS_DOMAINE_STULL","Tw est correctement indisponible car au moins une entrée est hors du domaine publié de Stull.","Aucune correction de données : conserver NC et afficher quelle entrée dépasse le domaine."
"586","Pakistan","pak","2177","delayed","extension_exploratoire_post_2100","information","TW_HORS_DOMAINE_STULL","Tw est correctement indisponible car au moins une entrée est hors du domaine publié de Stull.","Aucune correction de données : conserver NC et afficher quelle entrée dépasse le domaine."
"004","Afghanistan","pak","2177","delayed","extension_exploratoire_post_2100","information","TW_HORS_DOMAINE_STULL","Tw est correctement indisponible car au moins une entrée est hors du domaine publié de Stull.","Aucune correction de données : conserver NC et afficher quelle entrée dépasse le domaine."
"586","Pakistan","pak","2178","delayed","extension_exploratoire_post_2100","information","TW_HORS_DOMAINE_STULL","Tw est correctement indisponible car au moins une entrée est hors du domaine publié de Stull.","Aucune correction de données : conserver NC et afficher quelle entrée dépasse le domaine."
"004","Afghanistan","pak","2178","delayed","extension_exploratoire_post_2100","information","TW_HORS_DOMAINE_STULL","Tw est correctement indisponible car au moins une entrée est hors du domaine publié de Stull.","Aucune correction de données : conserver NC et afficher quelle entrée dépasse le domaine."
"586","Pakistan","pak","2179","delayed","extension_exploratoire_post_2100","information","TW_HORS_DOMAINE_STULL","Tw est correctement indisponible car au moins une entrée est hors du domaine publié de Stull.","Aucune correction de données : conserver NC et afficher quelle entrée dépasse le domaine."
"004","Afghanistan","pak","2179","delayed","extension_exploratoire_post_2100","information","TW_HORS_DOMAINE_STULL","Tw est correctement indisponible car au moins une entrée est hors du domaine publié de Stull.","Aucune correction de données : conserver NC et afficher quelle entrée dépasse le domaine."
"586","Pakistan","pak","2180","delayed","extension_exploratoire_post_2100","information","TW_HORS_DOMAINE_STULL","Tw est correctement indisponible car au moins une entrée est hors du domaine publié de Stull.","Aucune correction de données : conserver NC et afficher quelle entrée dépasse le domaine."
"004","Afghanistan","pak","2180","delayed","extension_exploratoire_post_2100","information","TW_HORS_DOMAINE_STULL","Tw est correctement indisponible car au moins une entrée est hors du domaine publié de Stull.","Aucune correction de données : conserver NC et afficher quelle entrée dépasse le domaine."
"586","Pakistan","pak","2181","delayed","extension_exploratoire_post_2100","information","TW_HORS_DOMAINE_STULL","Tw est correctement indisponible car au moins une entrée est hors du domaine publié de Stull.","Aucune correction de données : conserver NC et afficher quelle entrée dépasse le domaine."
"004","Afghanistan","pak","2181","delayed","extension_exploratoire_post_2100","information","TW_HORS_DOMAINE_STULL","Tw est correctement indisponible car au moins une entrée est hors du domaine publié de Stull.","Aucune correction de données : conserver NC et afficher quelle entrée dépasse le domaine."
"586","Pakistan","pak","2182","delayed","extension_exploratoire_post_2100","information","TW_HORS_DOMAINE_STULL","Tw est correctement indisponible car au moins une entrée est hors du domaine publié de Stull.","Aucune correction de données : conserver NC et afficher quelle entrée dépasse le domaine."
"004","Afghanistan","pak","2182","delayed","extension_exploratoire_post_2100","information","TW_HORS_DOMAINE_STULL","Tw est correctement indisponible car au moins une entrée est hors du domaine publié de Stull.","Aucune correction de données : conserver NC et afficher quelle entrée dépasse le domaine."
"586","Pakistan","pak","2183","delayed","extension_exploratoire_post_2100","information","TW_HORS_DOMAINE_STULL","Tw est correctement indisponible car au moins une entrée est hors du domaine publié de Stull.","Aucune correction de données : conserver NC et afficher quelle entrée dépasse le domaine."
"004","Afghanistan","pak","2183","delayed","extension_exploratoire_post_2100","information","TW_HORS_DOMAINE_STULL","Tw est correctement indisponible car au moins une entrée est hors du domaine publié de Stull.","Aucune correction de données : conserver NC et afficher quelle entrée dépasse le domaine."
"586","Pakistan","pak","2184","delayed","extension_exploratoire_post_2100","information","TW_HORS_DOMAINE_STULL","Tw est correctement indisponible car au moins une entrée est hors du domaine publié de Stull.","Aucune correction de données : conserver NC et afficher quelle entrée dépasse le domaine."
"004","Afghanistan","pak","2184","delayed","extension_exploratoire_post_2100","information","TW_HORS_DOMAINE_STULL","Tw est correctement indisponible car au moins une entrée est hors du domaine publié de Stull.","Aucune correction de données : conserver NC et afficher quelle entrée dépasse le domaine."
"586","Pakistan","pak","2185","delayed","extension_exploratoire_post_2100","information","TW_HORS_DOMAINE_STULL","Tw est correctement indisponible car au moins une entrée est hors du domaine publié de Stull.","Aucune correction de données : conserver NC et afficher quelle entrée dépasse le domaine."
"004","Afghanistan","pak","2185","delayed","extension_exploratoire_post_2100","information","TW_HORS_DOMAINE_STULL","Tw est correctement indisponible car au moins une entrée est hors du domaine publié de Stull.","Aucune correction de données : conserver NC et afficher quelle entrée dépasse le domaine."
"586","Pakistan","pak","2186","delayed","extension_exploratoire_post_2100","information","TW_HORS_DOMAINE_STULL","Tw est correctement indisponible car au moins une entrée est hors du domaine publié de Stull.","Aucune correction de données : conserver NC et afficher quelle entrée dépasse le domaine."
"004","Afghanistan","pak","2186","delayed","extension_exploratoire_post_2100","information","TW_HORS_DOMAINE_STULL","Tw est correctement indisponible car au moins une entrée est hors du domaine publié de Stull.","Aucune correction de données : conserver NC et afficher quelle entrée dépasse le domaine."
"586","Pakistan","pak","2187","delayed","extension_exploratoire_post_2100","information","TW_HORS_DOMAINE_STULL","Tw est correctement indisponible car au moins une entrée est hors du domaine publié de Stull.","Aucune correction de données : conserver NC et afficher quelle entrée dépasse le domaine."
"004","Afghanistan","pak","2187","delayed","extension_exploratoire_post_2100","information","TW_HORS_DOMAINE_STULL","Tw est correctement indisponible car au moins une entrée est hors du domaine publié de Stull.","Aucune correction de données : conserver NC et afficher quelle entrée dépasse le domaine."
"586","Pakistan","pak","2188","delayed","extension_exploratoire_post_2100","information","TW_HORS_DOMAINE_STULL","Tw est correctement indisponible car au moins une entrée est hors du domaine publié de Stull.","Aucune correction de données : conserver NC et afficher quelle entrée dépasse le domaine."
"004","Afghanistan","pak","2188","delayed","extension_exploratoire_post_2100","information","TW_HORS_DOMAINE_STULL","Tw est correctement indisponible car au moins une entrée est hors du domaine publié de Stull.","Aucune correction de données : conserver NC et afficher quelle entrée dépasse le domaine."
"586","Pakistan","pak","2189","delayed","extension_exploratoire_post_2100","information","TW_HORS_DOMAINE_STULL","Tw est correctement indisponible car au moins une entrée est hors du domaine publié de Stull.","Aucune correction de données : conserver NC et afficher quelle entrée dépasse le domaine."
"004","Afghanistan","pak","2189","delayed","extension_exploratoire_post_2100","information","TW_HORS_DOMAINE_STULL","Tw est correctement indisponible car au moins une entrée est hors du domaine publié de Stull.","Aucune correction de données : conserver NC et afficher quelle entrée dépasse le domaine."
"586","Pakistan","pak","2190","delayed","extension_exploratoire_post_2100","information","TW_HORS_DOMAINE_STULL","Tw est correctement indisponible car au moins une entrée est hors du domaine publié de Stull.","Aucune correction de données : conserver NC et afficher quelle entrée dépasse le domaine."
"004","Afghanistan","pak","2190","delayed","extension_exploratoire_post_2100","information","TW_HORS_DOMAINE_STULL","Tw est correctement indisponible car au moins une entrée est hors du domaine publié de Stull.","Aucune correction de données : conserver NC et afficher quelle entrée dépasse le domaine."
"586","Pakistan","pak","2191","delayed","extension_exploratoire_post_2100","information","TW_HORS_DOMAINE_STULL","Tw est correctement indisponible car au moins une entrée est hors du domaine publié de Stull.","Aucune correction de données : conserver NC et afficher quelle entrée dépasse le domaine."
"004","Afghanistan","pak","2191","delayed","extension_exploratoire_post_2100","information","TW_HORS_DOMAINE_STULL","Tw est correctement indisponible car au moins une entrée est hors du domaine publié de Stull.","Aucune correction de données : conserver NC et afficher quelle entrée dépasse le domaine."
"586","Pakistan","pak","2192","delayed","extension_exploratoire_post_2100","information","TW_HORS_DOMAINE_STULL","Tw est correctement indisponible car au moins une entrée est hors du domaine publié de Stull.","Aucune correction de données : conserver NC et afficher quelle entrée dépasse le domaine."
"004","Afghanistan","pak","2192","delayed","extension_exploratoire_post_2100","information","TW_HORS_DOMAINE_STULL","Tw est correctement indisponible car au moins une entrée est hors du domaine publié de Stull.","Aucune correction de données : conserver NC et afficher quelle entrée dépasse le domaine."
"586","Pakistan","pak","2193","delayed","extension_exploratoire_post_2100","information","TW_HORS_DOMAINE_STULL","Tw est correctement indisponible car au moins une entrée est hors du domaine publié de Stull.","Aucune correction de données : conserver NC et afficher quelle entrée dépasse le domaine."
"004","Afghanistan","pak","2193","delayed","extension_exploratoire_post_2100","information","TW_HORS_DOMAINE_STULL","Tw est correctement indisponible car au moins une entrée est hors du domaine publié de Stull.","Aucune correction de données : conserver NC et afficher quelle entrée dépasse le domaine."
"586","Pakistan","pak","2194","delayed","extension_exploratoire_post_2100","information","TW_HORS_DOMAINE_STULL","Tw est correctement indisponible car au moins une entrée est hors du domaine publié de Stull.","Aucune correction de données : conserver NC et afficher quelle entrée dépasse le domaine."
"004","Afghanistan","pak","2194","delayed","extension_exploratoire_post_2100","information","TW_HORS_DOMAINE_STULL","Tw est correctement indisponible car au moins une entrée est hors du domaine publié de Stull.","Aucune correction de données : conserver NC et afficher quelle entrée dépasse le domaine."
"586","Pakistan","pak","2195","delayed","extension_exploratoire_post_2100","information","TW_HORS_DOMAINE_STULL","Tw est correctement indisponible car au moins une entrée est hors du domaine publié de Stull.","Aucune correction de données : conserver NC et afficher quelle entrée dépasse le domaine."
"004","Afghanistan","pak","2195","delayed","extension_exploratoire_post_2100","information","TW_HORS_DOMAINE_STULL","Tw est correctement indisponible car au moins une entrée est hors du domaine publié de Stull.","Aucune correction de données : conserver NC et afficher quelle entrée dépasse le domaine."
"586","Pakistan","pak","2196","delayed","extension_exploratoire_post_2100","information","TW_HORS_DOMAINE_STULL","Tw est correctement indisponible car au moins une entrée est hors du domaine publié de Stull.","Aucune correction de données : conserver NC et afficher quelle entrée dépasse le domaine."
"004","Afghanistan","pak","2196","delayed","extension_exploratoire_post_2100","information","TW_HORS_DOMAINE_STULL","Tw est correctement indisponible car au moins une entrée est hors du domaine publié de Stull.","Aucune correction de données : conserver NC et afficher quelle entrée dépasse le domaine."
"586","Pakistan","pak","2197","delayed","extension_exploratoire_post_2100","information","TW_HORS_DOMAINE_STULL","Tw est correctement indisponible car au moins une entrée est hors du domaine publié de Stull.","Aucune correction de données : conserver NC et afficher quelle entrée dépasse le domaine."
"004","Afghanistan","pak","2197","delayed","extension_exploratoire_post_2100","information","TW_HORS_DOMAINE_STULL","Tw est correctement indisponible car au moins une entrée est hors du domaine publié de Stull.","Aucune correction de données : conserver NC et afficher quelle entrée dépasse le domaine."
"586","Pakistan","pak","2198","delayed","extension_exploratoire_post_2100","information","TW_HORS_DOMAINE_STULL","Tw est correctement indisponible car au moins une entrée est hors du domaine publié de Stull.","Aucune correction de données : conserver NC et afficher quelle entrée dépasse le domaine."
"004","Afghanistan","pak","2198","delayed","extension_exploratoire_post_2100","information","TW_HORS_DOMAINE_STULL","Tw est correctement indisponible car au moins une entrée est hors du domaine publié de Stull.","Aucune correction de données : conserver NC et afficher quelle entrée dépasse le domaine."
"586","Pakistan","pak","2199","delayed","extension_exploratoire_post_2100","information","TW_HORS_DOMAINE_STULL","Tw est correctement indisponible car au moins une entrée est hors du domaine publié de Stull.","Aucune correction de données : conserver NC et afficher quelle entrée dépasse le domaine."
"004","Afghanistan","pak","2199","delayed","extension_exploratoire_post_2100","information","TW_HORS_DOMAINE_STULL","Tw est correctement indisponible car au moins une entrée est hors du domaine publié de Stull.","Aucune correction de données : conserver NC et afficher quelle entrée dépasse le domaine."
"586","Pakistan","pak","2200","delayed","extension_exploratoire_post_2100","information","TW_HORS_DOMAINE_STULL","Tw est correctement indisponible car au moins une entrée est hors du domaine publié de Stull.","Aucune correction de données : conserver NC et afficher quelle entrée dépasse le domaine."
"004","Afghanistan","pak","2200","delayed","extension_exploratoire_post_2100","information","TW_HORS_DOMAINE_STULL","Tw est correctement indisponible car au moins une entrée est hors du domaine publié de Stull.","Aucune correction de données : conserver NC et afficher quelle entrée dépasse le domaine."
"586","Pakistan","pak","2056","sobriety","scenario_CCKP_CMIP6_interpole","information","TW_HORS_DOMAINE_STULL","Tw est correctement indisponible car au moins une entrée est hors du domaine publié de Stull.","Aucune correction de données : conserver NC et afficher quelle entrée dépasse le domaine."
"004","Afghanistan","pak","2056","sobriety","scenario_CCKP_CMIP6_interpole","information","TW_HORS_DOMAINE_STULL","Tw est correctement indisponible car au moins une entrée est hors du domaine publié de Stull.","Aucune correction de données : conserver NC et afficher quelle entrée dépasse le domaine."
"586","Pakistan","pak","2057","sobriety","scenario_CCKP_CMIP6_interpole","information","TW_HORS_DOMAINE_STULL","Tw est correctement indisponible car au moins une entrée est hors du domaine publié de Stull.","Aucune correction de données : conserver NC et afficher quelle entrée dépasse le domaine."
"004","Afghanistan","pak","2057","sobriety","scenario_CCKP_CMIP6_interpole","information","TW_HORS_DOMAINE_STULL","Tw est correctement indisponible car au moins une entrée est hors du domaine publié de Stull.","Aucune correction de données : conserver NC et afficher quelle entrée dépasse le domaine."
"586","Pakistan","pak","2058","sobriety","scenario_CCKP_CMIP6_interpole","information","TW_HORS_DOMAINE_STULL","Tw est correctement indisponible car au moins une entrée est hors du domaine publié de Stull.","Aucune correction de données : conserver NC et afficher quelle entrée dépasse le domaine."
"004","Afghanistan","pak","2058","sobriety","scenario_CCKP_CMIP6_interpole","information","TW_HORS_DOMAINE_STULL","Tw est correctement indisponible car au moins une entrée est hors du domaine publié de Stull.","Aucune correction de données : conserver NC et afficher quelle entrée dépasse le domaine."
"586","Pakistan","pak","2059","sobriety","scenario_CCKP_CMIP6_interpole","information","TW_HORS_DOMAINE_STULL","Tw est correctement indisponible car au moins une entrée est hors du domaine publié de Stull.","Aucune correction de données : conserver NC et afficher quelle entrée dépasse le domaine."
"004","Afghanistan","pak","2059","sobriety","scenario_CCKP_CMIP6_interpole","information","TW_HORS_DOMAINE_STULL","Tw est correctement indisponible car au moins une entrée est hors du domaine publié de Stull.","Aucune correction de données : conserver NC et afficher quelle entrée dépasse le domaine."
"586","Pakistan","pak","2060","sobriety","scenario_CCKP_CMIP6_interpole","information","TW_HORS_DOMAINE_STULL","Tw est correctement indisponible car au moins une entrée est hors du domaine publié de Stull.","Aucune correction de données : conserver NC et afficher quelle entrée dépasse le domaine."
"004","Afghanistan","pak","2060","sobriety","scenario_CCKP_CMIP6_interpole","information","TW_HORS_DOMAINE_STULL","Tw est correctement indisponible car au moins une entrée est hors du domaine publié de Stull.","Aucune correction de données : conserver NC et afficher quelle entrée dépasse le domaine."
"586","Pakistan","pak","2061","sobriety","scenario_CCKP_CMIP6_interpole","information","TW_HORS_DOMAINE_STULL","Tw est correctement indisponible car au moins une entrée est hors du domaine publié de Stull.","Aucune correction de données : conserver NC et afficher quelle entrée dépasse le domaine."
"004","Afghanistan","pak","2061","sobriety","scenario_CCKP_CMIP6_interpole","information","TW_HORS_DOMAINE_STULL","Tw est correctement indisponible car au moins une entrée est hors du domaine publié de Stull.","Aucune correction de données : conserver NC et afficher quelle entrée dépasse le domaine."
"586","Pakistan","pak","2062","sobriety","scenario_CCKP_CMIP6_interpole","information","TW_HORS_DOMAINE_STULL","Tw est correctement indisponible car au moins une entrée est hors du domaine publié de Stull.","Aucune correction de données : conserver NC et afficher quelle entrée dépasse le domaine."
"004","Afghanistan","pak","2062","sobriety","scenario_CCKP_CMIP6_interpole","information","TW_HORS_DOMAINE_STULL","Tw est correctement indisponible car au moins une entrée est hors du domaine publié de Stull.","Aucune correction de données : conserver NC et afficher quelle entrée dépasse le domaine."
"586","Pakistan","pak","2063","sobriety","scenario_CCKP_CMIP6_interpole","information","TW_HORS_DOMAINE_STULL","Tw est correctement indisponible car au moins une entrée est hors du domaine publié de Stull.","Aucune correction de données : conserver NC et afficher quelle entrée dépasse le domaine."
"004","Afghanistan","pak","2063","sobriety","scenario_CCKP_CMIP6_interpole","information","TW_HORS_DOMAINE_STULL","Tw est correctement indisponible car au moins une entrée est hors du domaine publié de Stull.","Aucune correction de données : conserver NC et afficher quelle entrée dépasse le domaine."
"586","Pakistan","pak","2064","sobriety","scenario_CCKP_CMIP6_interpole","information","TW_HORS_DOMAINE_STULL","Tw est correctement indisponible car au moins une entrée est hors du domaine publié de Stull.","Aucune correction de données : conserver NC et afficher quelle entrée dépasse le domaine."
"004","Afghanistan","pak","2064","sobriety","scenario_CCKP_CMIP6_interpole","information","TW_HORS_DOMAINE_STULL","Tw est correctement indisponible car au moins une entrée est hors du domaine publié de Stull.","Aucune correction de données : conserver NC et afficher quelle entrée dépasse le domaine."
"586","Pakistan","pak","2065","sobriety","scenario_CCKP_CMIP6_interpole","information","TW_HORS_DOMAINE_STULL","Tw est correctement indisponible car au moins une entrée est hors du domaine publié de Stull.","Aucune correction de données : conserver NC et afficher quelle entrée dépasse le domaine."
"004","Afghanistan","pak","2065","sobriety","scenario_CCKP_CMIP6_interpole","information","TW_HORS_DOMAINE_STULL","Tw est correctement indisponible car au moins une entrée est hors du domaine publié de Stull.","Aucune correction de données : conserver NC et afficher quelle entrée dépasse le domaine."
"586","Pakistan","pak","2066","sobriety","scenario_CCKP_CMIP6_interpole","information","TW_HORS_DOMAINE_STULL","Tw est correctement indisponible car au moins une entrée est hors du domaine publié de Stull.","Aucune correction de données : conserver NC et afficher quelle entrée dépasse le domaine."
"004","Afghanistan","pak","2066","sobriety","scenario_CCKP_CMIP6_interpole","information","TW_HORS_DOMAINE_STULL","Tw est correctement indisponible car au moins une entrée est hors du domaine publié de Stull.","Aucune correction de données : conserver NC et afficher quelle entrée dépasse le domaine."
"586","Pakistan","pak","2067","sobriety","scenario_CCKP_CMIP6_interpole","information","TW_HORS_DOMAINE_STULL","Tw est correctement indisponible car au moins une entrée est hors du domaine publié de Stull.","Aucune correction de données : conserver NC et afficher quelle entrée dépasse le domaine."
"004","Afghanistan","pak","2067","sobriety","scenario_CCKP_CMIP6_interpole","information","TW_HORS_DOMAINE_STULL","Tw est correctement indisponible car au moins une entrée est hors du domaine publié de Stull.","Aucune correction de données : conserver NC et afficher quelle entrée dépasse le domaine."
"586","Pakistan","pak","2068","sobriety","scenario_CCKP_CMIP6_interpole","information","TW_HORS_DOMAINE_STULL","Tw est correctement indisponible car au moins une entrée est hors du domaine publié de Stull.","Aucune correction de données : conserver NC et afficher quelle entrée dépasse le domaine."
"004","Afghanistan","pak","2068","sobriety","scenario_CCKP_CMIP6_interpole","information","TW_HORS_DOMAINE_STULL","Tw est correctement indisponible car au moins une entrée est hors du domaine publié de Stull.","Aucune correction de données : conserver NC et afficher quelle entrée dépasse le domaine."
"586","Pakistan","pak","2069","sobriety","scenario_CCKP_CMIP6_interpole","information","TW_HORS_DOMAINE_STULL","Tw est correctement indisponible car au moins une entrée est hors du domaine publié de Stull.","Aucune correction de données : conserver NC et afficher quelle entrée dépasse le domaine."
"004","Afghanistan","pak","2069","sobriety","scenario_CCKP_CMIP6_interpole","information","TW_HORS_DOMAINE_STULL","Tw est correctement indisponible car au moins une entrée est hors du domaine publié de Stull.","Aucune correction de données : conserver NC et afficher quelle entrée dépasse le domaine."
"586","Pakistan","pak","2070","sobriety","scenario_CCKP_CMIP6_interpole","information","TW_HORS_DOMAINE_STULL","Tw est correctement indisponible car au moins une entrée est hors du domaine publié de Stull.","Aucune correction de données : conserver NC et afficher quelle entrée dépasse le domaine."
"004","Afghanistan","pak","2070","sobriety","scenario_CCKP_CMIP6_interpole","information","TW_HORS_DOMAINE_STULL","Tw est correctement indisponible car au moins une entrée est hors du domaine publié de Stull.","Aucune correction de données : conserver NC et afficher quelle entrée dépasse le domaine."
"586","Pakistan","pak","2071","sobriety","scenario_CCKP_CMIP6_interpole","information","TW_HORS_DOMAINE_STULL","Tw est correctement indisponible car au moins une entrée est hors du domaine publié de Stull.","Aucune correction de données : conserver NC et afficher quelle entrée dépasse le domaine."
"004","Afghanistan","pak","2071","sobriety","scenario_CCKP_CMIP6_interpole","information","TW_HORS_DOMAINE_STULL","Tw est correctement indisponible car au moins une entrée est hors du domaine publié de Stull.","Aucune correction de données : conserver NC et afficher quelle entrée dépasse le domaine."
"586","Pakistan","pak","2072","sobriety","scenario_CCKP_CMIP6_interpole","information","TW_HORS_DOMAINE_STULL","Tw est correctement indisponible car au moins une entrée est hors du domaine publié de Stull.","Aucune correction de données : conserver NC et afficher quelle entrée dépasse le domaine."
"004","Afghanistan","pak","2072","sobriety","scenario_CCKP_CMIP6_interpole","information","TW_HORS_DOMAINE_STULL","Tw est correctement indisponible car au moins une entrée est hors du domaine publié de Stull.","Aucune correction de données : conserver NC et afficher quelle entrée dépasse le domaine."
"586","Pakistan","pak","2073","sobriety","scenario_CCKP_CMIP6_interpole","information","TW_HORS_DOMAINE_STULL","Tw est correctement indisponible car au moins une entrée est hors du domaine publié de Stull.","Aucune correction de données : conserver NC et afficher quelle entrée dépasse le domaine."
"004","Afghanistan","pak","2073","sobriety","scenario_CCKP_CMIP6_interpole","information","TW_HORS_DOMAINE_STULL","Tw est correctement indisponible car au moins une entrée est hors du domaine publié de Stull.","Aucune correction de données : conserver NC et afficher quelle entrée dépasse le domaine."
"586","Pakistan","pak","2074","sobriety","scenario_CCKP_CMIP6_interpole","information","TW_HORS_DOMAINE_STULL","Tw est correctement indisponible car au moins une entrée est hors du domaine publié de Stull.","Aucune correction de données : conserver NC et afficher quelle entrée dépasse le domaine."
"004","Afghanistan","pak","2074","sobriety","scenario_CCKP_CMIP6_interpole","information","TW_HORS_DOMAINE_STULL","Tw est correctement indisponible car au moins une entrée est hors du domaine publié de Stull.","Aucune correction de données : conserver NC et afficher quelle entrée dépasse le domaine."
"586","Pakistan","pak","2075","sobriety","scenario_CCKP_CMIP6_interpole","information","TW_HORS_DOMAINE_STULL","Tw est correctement indisponible car au moins une entrée est hors du domaine publié de Stull.","Aucune correction de données : conserver NC et afficher quelle entrée dépasse le domaine."
"004","Afghanistan","pak","2075","sobriety","scenario_CCKP_CMIP6_interpole","information","TW_HORS_DOMAINE_STULL","Tw est correctement indisponible car au moins une entrée est hors du domaine publié de Stull.","Aucune correction de données : conserver NC et afficher quelle entrée dépasse le domaine."
"586","Pakistan","pak","2076","sobriety","scenario_CCKP_CMIP6_interpole","information","TW_HORS_DOMAINE_STULL","Tw est correctement indisponible car au moins une entrée est hors du domaine publié de Stull.","Aucune correction de données : conserver NC et afficher quelle entrée dépasse le domaine."
"004","Afghanistan","pak","2076","sobriety","scenario_CCKP_CMIP6_interpole","information","TW_HORS_DOMAINE_STULL","Tw est correctement indisponible car au moins une entrée est hors du domaine publié de Stull.","Aucune correction de données : conserver NC et afficher quelle entrée dépasse le domaine."
"586","Pakistan","pak","2077","sobriety","scenario_CCKP_CMIP6_interpole","information","TW_HORS_DOMAINE_STULL","Tw est correctement indisponible car au moins une entrée est hors du domaine publié de Stull.","Aucune correction de données : conserver NC et afficher quelle entrée dépasse le domaine."
"004","Afghanistan","pak","2077","sobriety","scenario_CCKP_CMIP6_interpole","information","TW_HORS_DOMAINE_STULL","Tw est correctement indisponible car au moins une entrée est hors du domaine publié de Stull.","Aucune correction de données : conserver NC et afficher quelle entrée dépasse le domaine."
"586","Pakistan","pak","2078","sobriety","scenario_CCKP_CMIP6_interpole","information","TW_HORS_DOMAINE_STULL","Tw est correctement indisponible car au moins une entrée est hors du domaine publié de Stull.","Aucune correction de données : conserver NC et afficher quelle entrée dépasse le domaine."
"004","Afghanistan","pak","2078","sobriety","scenario_CCKP_CMIP6_interpole","information","TW_HORS_DOMAINE_STULL","Tw est correctement indisponible car au moins une entrée est hors du domaine publié de Stull.","Aucune correction de données : conserver NC et afficher quelle entrée dépasse le domaine."
"586","Pakistan","pak","2079","sobriety","scenario_CCKP_CMIP6_interpole","information","TW_HORS_DOMAINE_STULL","Tw est correctement indisponible car au moins une entrée est hors du domaine publié de Stull.","Aucune correction de données : conserver NC et afficher quelle entrée dépasse le domaine."
"004","Afghanistan","pak","2079","sobriety","scenario_CCKP_CMIP6_interpole","information","TW_HORS_DOMAINE_STULL","Tw est correctement indisponible car au moins une entrée est hors du domaine publié de Stull.","Aucune correction de données : conserver NC et afficher quelle entrée dépasse le domaine."
"586","Pakistan","pak","2080","sobriety","scenario_CCKP_CMIP6_interpole","information","TW_HORS_DOMAINE_STULL","Tw est correctement indisponible car au moins une entrée est hors du domaine publié de Stull.","Aucune correction de données : conserver NC et afficher quelle entrée dépasse le domaine."
"004","Afghanistan","pak","2080","sobriety","scenario_CCKP_CMIP6_interpole","information","TW_HORS_DOMAINE_STULL","Tw est correctement indisponible car au moins une entrée est hors du domaine publié de Stull.","Aucune correction de données : conserver NC et afficher quelle entrée dépasse le domaine."
"586","Pakistan","pak","2081","sobriety","scenario_CCKP_CMIP6_interpole","information","TW_HORS_DOMAINE_STULL","Tw est correctement indisponible car au moins une entrée est hors du domaine publié de Stull.","Aucune correction de données : conserver NC et afficher quelle entrée dépasse le domaine."
"004","Afghanistan","pak","2081","sobriety","scenario_CCKP_CMIP6_interpole","information","TW_HORS_DOMAINE_STULL","Tw est correctement indisponible car au moins une entrée est hors du domaine publié de Stull.","Aucune correction de données : conserver NC et afficher quelle entrée dépasse le domaine."
"586","Pakistan","pak","2082","sobriety","scenario_CCKP_CMIP6_interpole","information","TW_HORS_DOMAINE_STULL","Tw est correctement indisponible car au moins une entrée est hors du domaine publié de Stull.","Aucune correction de données : conserver NC et afficher quelle entrée dépasse le domaine."
"004","Afghanistan","pak","2082","sobriety","scenario_CCKP_CMIP6_interpole","information","TW_HORS_DOMAINE_STULL","Tw est correctement indisponible car au moins une entrée est hors du domaine publié de Stull.","Aucune correction de données : conserver NC et afficher quelle entrée dépasse le domaine."
"586","Pakistan","pak","2083","sobriety","scenario_CCKP_CMIP6_interpole","information","TW_HORS_DOMAINE_STULL","Tw est correctement indisponible car au moins une entrée est hors du domaine publié de Stull.","Aucune correction de données : conserver NC et afficher quelle entrée dépasse le domaine."
"004","Afghanistan","pak","2083","sobriety","scenario_CCKP_CMIP6_interpole","information","TW_HORS_DOMAINE_STULL","Tw est correctement indisponible car au moins une entrée est hors du domaine publié de Stull.","Aucune correction de données : conserver NC et afficher quelle entrée dépasse le domaine."
"586","Pakistan","pak","2084","sobriety","scenario_CCKP_CMIP6_interpole","information","TW_HORS_DOMAINE_STULL","Tw est correctement indisponible car au moins une entrée est hors du domaine publié de Stull.","Aucune correction de données : conserver NC et afficher quelle entrée dépasse le domaine."
"004","Afghanistan","pak","2084","sobriety","scenario_CCKP_CMIP6_interpole","information","TW_HORS_DOMAINE_STULL","Tw est correctement indisponible car au moins une entrée est hors du domaine publié de Stull.","Aucune correction de données : conserver NC et afficher quelle entrée dépasse le domaine."
"586","Pakistan","pak","2085","sobriety","scenario_CCKP_CMIP6_interpole","information","TW_HORS_DOMAINE_STULL","Tw est correctement indisponible car au moins une entrée est hors du domaine publié de Stull.","Aucune correction de données : conserver NC et afficher quelle entrée dépasse le domaine."
"004","Afghanistan","pak","2085","sobriety","scenario_CCKP_CMIP6_interpole","information","TW_HORS_DOMAINE_STULL","Tw est correctement indisponible car au moins une entrée est hors du domaine publié de Stull.","Aucune correction de données : conserver NC et afficher quelle entrée dépasse le domaine."
"586","Pakistan","pak","2086","sobriety","scenario_CCKP_CMIP6_interpole","information","TW_HORS_DOMAINE_STULL","Tw est correctement indisponible car au moins une entrée est hors du domaine publié de Stull.","Aucune correction de données : conserver NC et afficher quelle entrée dépasse le domaine."
"004","Afghanistan","pak","2086","sobriety","scenario_CCKP_CMIP6_interpole","information","TW_HORS_DOMAINE_STULL","Tw est correctement indisponible car au moins une entrée est hors du domaine publié de Stull.","Aucune correction de données : conserver NC et afficher quelle entrée dépasse le domaine."
"586","Pakistan","pak","2087","sobriety","scenario_CCKP_CMIP6_interpole","information","TW_HORS_DOMAINE_STULL","Tw est correctement indisponible car au moins une entrée est hors du domaine publié de Stull.","Aucune correction de données : conserver NC et afficher quelle entrée dépasse le domaine."
"004","Afghanistan","pak","2087","sobriety","scenario_CCKP_CMIP6_interpole","information","TW_HORS_DOMAINE_STULL","Tw est correctement indisponible car au moins une entrée est hors du domaine publié de Stull.","Aucune correction de données : conserver NC et afficher quelle entrée dépasse le domaine."
"586","Pakistan","pak","2088","sobriety","scenario_CCKP_CMIP6_interpole","information","TW_HORS_DOMAINE_STULL","Tw est correctement indisponible car au moins une entrée est hors du domaine publié de Stull.","Aucune correction de données : conserver NC et afficher quelle entrée dépasse le domaine."
"004","Afghanistan","pak","2088","sobriety","scenario_CCKP_CMIP6_interpole","information","TW_HORS_DOMAINE_STULL","Tw est correctement indisponible car au moins une entrée est hors du domaine publié de Stull.","Aucune correction de données : conserver NC et afficher quelle entrée dépasse le domaine."
"586","Pakistan","pak","2089","sobriety","scenario_CCKP_CMIP6_interpole","information","TW_HORS_DOMAINE_STULL","Tw est correctement indisponible car au moins une entrée est hors du domaine publié de Stull.","Aucune correction de données : conserver NC et afficher quelle entrée dépasse le domaine."
"004","Afghanistan","pak","2089","sobriety","scenario_CCKP_CMIP6_interpole","information","TW_HORS_DOMAINE_STULL","Tw est correctement indisponible car au moins une entrée est hors du domaine publié de Stull.","Aucune correction de données : conserver NC et afficher quelle entrée dépasse le domaine."
"586","Pakistan","pak","2090","sobriety","scenario_CCKP_CMIP6_interpole","information","TW_HORS_DOMAINE_STULL","Tw est correctement indisponible car au moins une entrée est hors du domaine publié de Stull.","Aucune correction de données : conserver NC et afficher quelle entrée dépasse le domaine."
"004","Afghanistan","pak","2090","sobriety","scenario_CCKP_CMIP6_interpole","information","TW_HORS_DOMAINE_STULL","Tw est correctement indisponible car au moins une entrée est hors du domaine publié de Stull.","Aucune correction de données : conserver NC et afficher quelle entrée dépasse le domaine."
"586","Pakistan","pak","2091","sobriety","scenario_CCKP_CMIP6_interpole","information","TW_HORS_DOMAINE_STULL","Tw est correctement indisponible car au moins une entrée est hors du domaine publié de Stull.","Aucune correction de données : conserver NC et afficher quelle entrée dépasse le domaine."
"004","Afghanistan","pak","2091","sobriety","scenario_CCKP_CMIP6_interpole","information","TW_HORS_DOMAINE_STULL","Tw est correctement indisponible car au moins une entrée est hors du domaine publié de Stull.","Aucune correction de données : conserver NC et afficher quelle entrée dépasse le domaine."
"586","Pakistan","pak","2092","sobriety","scenario_CCKP_CMIP6_interpole","information","TW_HORS_DOMAINE_STULL","Tw est correctement indisponible car au moins une entrée est hors du domaine publié de Stull.","Aucune correction de données : conserver NC et afficher quelle entrée dépasse le domaine."
"004","Afghanistan","pak","2092","sobriety","scenario_CCKP_CMIP6_interpole","information","TW_HORS_DOMAINE_STULL","Tw est correctement indisponible car au moins une entrée est hors du domaine publié de Stull.","Aucune correction de données : conserver NC et afficher quelle entrée dépasse le domaine."
"586","Pakistan","pak","2093","sobriety","scenario_CCKP_CMIP6_interpole","information","TW_HORS_DOMAINE_STULL","Tw est correctement indisponible car au moins une entrée est hors du domaine publié de Stull.","Aucune correction de données : conserver NC et afficher quelle entrée dépasse le domaine."
"004","Afghanistan","pak","2093","sobriety","scenario_CCKP_CMIP6_interpole","information","TW_HORS_DOMAINE_STULL","Tw est correctement indisponible car au moins une entrée est hors du domaine publié de Stull.","Aucune correction de données : conserver NC et afficher quelle entrée dépasse le domaine."
"586","Pakistan","pak","2094","sobriety","scenario_CCKP_CMIP6_interpole","information","TW_HORS_DOMAINE_STULL","Tw est correctement indisponible car au moins une entrée est hors du domaine publié de Stull.","Aucune correction de données : conserver NC et afficher quelle entrée dépasse le domaine."
"004","Afghanistan","pak","2094","sobriety","scenario_CCKP_CMIP6_interpole","information","TW_HORS_DOMAINE_STULL","Tw est correctement indisponible car au moins une entrée est hors du domaine publié de Stull.","Aucune correction de données : conserver NC et afficher quelle entrée dépasse le domaine."
"586","Pakistan","pak","2095","sobriety","scenario_CCKP_CMIP6_interpole","information","TW_HORS_DOMAINE_STULL","Tw est correctement indisponible car au moins une entrée est hors du domaine publié de Stull.","Aucune correction de données : conserver NC et afficher quelle entrée dépasse le domaine."
"004","Afghanistan","pak","2095","sobriety","scenario_CCKP_CMIP6_interpole","information","TW_HORS_DOMAINE_STULL","Tw est correctement indisponible car au moins une entrée est hors du domaine publié de Stull.","Aucune correction de données : conserver NC et afficher quelle entrée dépasse le domaine."
"586","Pakistan","pak","2096","sobriety","scenario_CCKP_CMIP6_interpole","information","TW_HORS_DOMAINE_STULL","Tw est correctement indisponible car au moins une entrée est hors du domaine publié de Stull.","Aucune correction de données : conserver NC et afficher quelle entrée dépasse le domaine."
"004","Afghanistan","pak","2096","sobriety","scenario_CCKP_CMIP6_interpole","information","TW_HORS_DOMAINE_STULL","Tw est correctement indisponible car au moins une entrée est hors du domaine publié de Stull.","Aucune correction de données : conserver NC et afficher quelle entrée dépasse le domaine."
"586","Pakistan","pak","2097","sobriety","scenario_CCKP_CMIP6_interpole","information","TW_HORS_DOMAINE_STULL","Tw est correctement indisponible car au moins une entrée est hors du domaine publié de Stull.","Aucune correction de données : conserver NC et afficher quelle entrée dépasse le domaine."
"004","Afghanistan","pak","2097","sobriety","scenario_CCKP_CMIP6_interpole","information","TW_HORS_DOMAINE_STULL","Tw est correctement indisponible car au moins une entrée est hors du domaine publié de Stull.","Aucune correction de données : conserver NC et afficher quelle entrée dépasse le domaine."
"586","Pakistan","pak","2098","sobriety","scenario_CCKP_CMIP6_interpole","information","TW_HORS_DOMAINE_STULL","Tw est correctement indisponible car au moins une entrée est hors du domaine publié de Stull.","Aucune correction de données : conserver NC et afficher quelle entrée dépasse le domaine."
"004","Afghanistan","pak","2098","sobriety","scenario_CCKP_CMIP6_interpole","information","TW_HORS_DOMAINE_STULL","Tw est correctement indisponible car au moins une entrée est hors du domaine publié de Stull.","Aucune correction de données : conserver NC et afficher quelle entrée dépasse le domaine."
"586","Pakistan","pak","2099","sobriety","scenario_CCKP_CMIP6_interpole","information","TW_HORS_DOMAINE_STULL","Tw est correctement indisponible car au moins une entrée est hors du domaine publié de Stull.","Aucune correction de données : conserver NC et afficher quelle entrée dépasse le domaine."
"004","Afghanistan","pak","2099","sobriety","scenario_CCKP_CMIP6_interpole","information","TW_HORS_DOMAINE_STULL","Tw est correctement indisponible car au moins une entrée est hors du domaine publié de Stull.","Aucune correction de données : conserver NC et afficher quelle entrée dépasse le domaine."
"586","Pakistan","pak","2100","sobriety","scenario_CCKP_CMIP6_interpole","information","TW_HORS_DOMAINE_STULL","Tw est correctement indisponible car au moins une entrée est hors du domaine publié de Stull.","Aucune correction de données : conserver NC et afficher quelle entrée dépasse le domaine."
"004","Afghanistan","pak","2100","sobriety","scenario_CCKP_CMIP6_interpole","information","TW_HORS_DOMAINE_STULL","Tw est correctement indisponible car au moins une entrée est hors du domaine publié de Stull.","Aucune correction de données : conserver NC et afficher quelle entrée dépasse le domaine."
"586","Pakistan","pak","2101","sobriety","extension_exploratoire_post_2100","information","TW_HORS_DOMAINE_STULL","Tw est correctement indisponible car au moins une entrée est hors du domaine publié de Stull.","Aucune correction de données : conserver NC et afficher quelle entrée dépasse le domaine."
"004","Afghanistan","pak","2101","sobriety","extension_exploratoire_post_2100","information","TW_HORS_DOMAINE_STULL","Tw est correctement indisponible car au moins une entrée est hors du domaine publié de Stull.","Aucune correction de données : conserver NC et afficher quelle entrée dépasse le domaine."
"586","Pakistan","pak","2102","sobriety","extension_exploratoire_post_2100","information","TW_HORS_DOMAINE_STULL","Tw est correctement indisponible car au moins une entrée est hors du domaine publié de Stull.","Aucune correction de données : conserver NC et afficher quelle entrée dépasse le domaine."
"004","Afghanistan","pak","2102","sobriety","extension_exploratoire_post_2100","information","TW_HORS_DOMAINE_STULL","Tw est correctement indisponible car au moins une entrée est hors du domaine publié de Stull.","Aucune correction de données : conserver NC et afficher quelle entrée dépasse le domaine."
"586","Pakistan","pak","2103","sobriety","extension_exploratoire_post_2100","information","TW_HORS_DOMAINE_STULL","Tw est correctement indisponible car au moins une entrée est hors du domaine publié de Stull.","Aucune correction de données : conserver NC et afficher quelle entrée dépasse le domaine."
"004","Afghanistan","pak","2103","sobriety","extension_exploratoire_post_2100","information","TW_HORS_DOMAINE_STULL","Tw est correctement indisponible car au moins une entrée est hors du domaine publié de Stull.","Aucune correction de données : conserver NC et afficher quelle entrée dépasse le domaine."
"586","Pakistan","pak","2104","sobriety","extension_exploratoire_post_2100","information","TW_HORS_DOMAINE_STULL","Tw est correctement indisponible car au moins une entrée est hors du domaine publié de Stull.","Aucune correction de données : conserver NC et afficher quelle entrée dépasse le domaine."
"004","Afghanistan","pak","2104","sobriety","extension_exploratoire_post_2100","information","TW_HORS_DOMAINE_STULL","Tw est correctement indisponible car au moins une entrée est hors du domaine publié de Stull.","Aucune correction de données : conserver NC et afficher quelle entrée dépasse le domaine."
"586","Pakistan","pak","2105","sobriety","extension_exploratoire_post_2100","information","TW_HORS_DOMAINE_STULL","Tw est correctement indisponible car au moins une entrée est hors du domaine publié de Stull.","Aucune correction de données : conserver NC et afficher quelle entrée dépasse le domaine."
"004","Afghanistan","pak","2105","sobriety","extension_exploratoire_post_2100","information","TW_HORS_DOMAINE_STULL","Tw est correctement indisponible car au moins une entrée est hors du domaine publié de Stull.","Aucune correction de données : conserver NC et afficher quelle entrée dépasse le domaine."
"586","Pakistan","pak","2106","sobriety","extension_exploratoire_post_2100","information","TW_HORS_DOMAINE_STULL","Tw est correctement indisponible car au moins une entrée est hors du domaine publié de Stull.","Aucune correction de données : conserver NC et afficher quelle entrée dépasse le domaine."
"004","Afghanistan","pak","2106","sobriety","extension_exploratoire_post_2100","information","TW_HORS_DOMAINE_STULL","Tw est correctement indisponible car au moins une entrée est hors du domaine publié de Stull.","Aucune correction de données : conserver NC et afficher quelle entrée dépasse le domaine."
"586","Pakistan","pak","2107","sobriety","extension_exploratoire_post_2100","information","TW_HORS_DOMAINE_STULL","Tw est correctement indisponible car au moins une entrée est hors du domaine publié de Stull.","Aucune correction de données : conserver NC et afficher quelle entrée dépasse le domaine."
"004","Afghanistan","pak","2107","sobriety","extension_exploratoire_post_2100","information","TW_HORS_DOMAINE_STULL","Tw est correctement indisponible car au moins une entrée est hors du domaine publié de Stull.","Aucune correction de données : conserver NC et afficher quelle entrée dépasse le domaine."
"586","Pakistan","pak","2108","sobriety","extension_exploratoire_post_2100","information","TW_HORS_DOMAINE_STULL","Tw est correctement indisponible car au moins une entrée est hors du domaine publié de Stull.","Aucune correction de données : conserver NC et afficher quelle entrée dépasse le domaine."
"004","Afghanistan","pak","2108","sobriety","extension_exploratoire_post_2100","information","TW_HORS_DOMAINE_STULL","Tw est correctement indisponible car au moins une entrée est hors du domaine publié de Stull.","Aucune correction de données : conserver NC et afficher quelle entrée dépasse le domaine."
"586","Pakistan","pak","2109","sobriety","extension_exploratoire_post_2100","information","TW_HORS_DOMAINE_STULL","Tw est correctement indisponible car au moins une entrée est hors du domaine publié de Stull.","Aucune correction de données : conserver NC et afficher quelle entrée dépasse le domaine."
"004","Afghanistan","pak","2109","sobriety","extension_exploratoire_post_2100","information","TW_HORS_DOMAINE_STULL","Tw est correctement indisponible car au moins une entrée est hors du domaine publié de Stull.","Aucune correction de données : conserver NC et afficher quelle entrée dépasse le domaine."
"586","Pakistan","pak","2110","sobriety","extension_exploratoire_post_2100","information","TW_HORS_DOMAINE_STULL","Tw est correctement indisponible car au moins une entrée est hors du domaine publié de Stull.","Aucune correction de données : conserver NC et afficher quelle entrée dépasse le domaine."
"004","Afghanistan","pak","2110","sobriety","extension_exploratoire_post_2100","information","TW_HORS_DOMAINE_STULL","Tw est correctement indisponible car au moins une entrée est hors du domaine publié de Stull.","Aucune correction de données : conserver NC et afficher quelle entrée dépasse le domaine."
"586","Pakistan","pak","2111","sobriety","extension_exploratoire_post_2100","information","TW_HORS_DOMAINE_STULL","Tw est correctement indisponible car au moins une entrée est hors du domaine publié de Stull.","Aucune correction de données : conserver NC et afficher quelle entrée dépasse le domaine."
"004","Afghanistan","pak","2111","sobriety","extension_exploratoire_post_2100","information","TW_HORS_DOMAINE_STULL","Tw est correctement indisponible car au moins une entrée est hors du domaine publié de Stull.","Aucune correction de données : conserver NC et afficher quelle entrée dépasse le domaine."
"586","Pakistan","pak","2112","sobriety","extension_exploratoire_post_2100","information","TW_HORS_DOMAINE_STULL","Tw est correctement indisponible car au moins une entrée est hors du domaine publié de Stull.","Aucune correction de données : conserver NC et afficher quelle entrée dépasse le domaine."
"004","Afghanistan","pak","2112","sobriety","extension_exploratoire_post_2100","information","TW_HORS_DOMAINE_STULL","Tw est correctement indisponible car au moins une entrée est hors du domaine publié de Stull.","Aucune correction de données : conserver NC et afficher quelle entrée dépasse le domaine."
"586","Pakistan","pak","2113","sobriety","extension_exploratoire_post_2100","information","TW_HORS_DOMAINE_STULL","Tw est correctement indisponible car au moins une entrée est hors du domaine publié de Stull.","Aucune correction de données : conserver NC et afficher quelle entrée dépasse le domaine."
"004","Afghanistan","pak","2113","sobriety","extension_exploratoire_post_2100","information","TW_HORS_DOMAINE_STULL","Tw est correctement indisponible car au moins une entrée est hors du domaine publié de Stull.","Aucune correction de données : conserver NC et afficher quelle entrée dépasse le domaine."
"586","Pakistan","pak","2114","sobriety","extension_exploratoire_post_2100","information","TW_HORS_DOMAINE_STULL","Tw est correctement indisponible car au moins une entrée est hors du domaine publié de Stull.","Aucune correction de données : conserver NC et afficher quelle entrée dépasse le domaine."
"004","Afghanistan","pak","2114","sobriety","extension_exploratoire_post_2100","information","TW_HORS_DOMAINE_STULL","Tw est correctement indisponible car au moins une entrée est hors du domaine publié de Stull.","Aucune correction de données : conserver NC et afficher quelle entrée dépasse le domaine."
"586","Pakistan","pak","2115","sobriety","extension_exploratoire_post_2100","information","TW_HORS_DOMAINE_STULL","Tw est correctement indisponible car au moins une entrée est hors du domaine publié de Stull.","Aucune correction de données : conserver NC et afficher quelle entrée dépasse le domaine."
"004","Afghanistan","pak","2115","sobriety","extension_exploratoire_post_2100","information","TW_HORS_DOMAINE_STULL","Tw est correctement indisponible car au moins une entrée est hors du domaine publié de Stull.","Aucune correction de données : conserver NC et afficher quelle entrée dépasse le domaine."
"586","Pakistan","pak","2116","sobriety","extension_exploratoire_post_2100","information","TW_HORS_DOMAINE_STULL","Tw est correctement indisponible car au moins une entrée est hors du domaine publié de Stull.","Aucune correction de données : conserver NC et afficher quelle entrée dépasse le domaine."
"004","Afghanistan","pak","2116","sobriety","extension_exploratoire_post_2100","information","TW_HORS_DOMAINE_STULL","Tw est correctement indisponible car au moins une entrée est hors du domaine publié de Stull.","Aucune correction de données : conserver NC et afficher quelle entrée dépasse le domaine."
"586","Pakistan","pak","2117","sobriety","extension_exploratoire_post_2100","information","TW_HORS_DOMAINE_STULL","Tw est correctement indisponible car au moins une entrée est hors du domaine publié de Stull.","Aucune correction de données : conserver NC et afficher quelle entrée dépasse le domaine."
"004","Afghanistan","pak","2117","sobriety","extension_exploratoire_post_2100","information","TW_HORS_DOMAINE_STULL","Tw est correctement indisponible car au moins une entrée est hors du domaine publié de Stull.","Aucune correction de données : conserver NC et afficher quelle entrée dépasse le domaine."
"586","Pakistan","pak","2118","sobriety","extension_exploratoire_post_2100","information","TW_HORS_DOMAINE_STULL","Tw est correctement indisponible car au moins une entrée est hors du domaine publié de Stull.","Aucune correction de données : conserver NC et afficher quelle entrée dépasse le domaine."
"004","Afghanistan","pak","2118","sobriety","extension_exploratoire_post_2100","information","TW_HORS_DOMAINE_STULL","Tw est correctement indisponible car au moins une entrée est hors du domaine publié de Stull.","Aucune correction de données : conserver NC et afficher quelle entrée dépasse le domaine."
"586","Pakistan","pak","2119","sobriety","extension_exploratoire_post_2100","information","TW_HORS_DOMAINE_STULL","Tw est correctement indisponible car au moins une entrée est hors du domaine publié de Stull.","Aucune correction de données : conserver NC et afficher quelle entrée dépasse le domaine."
"004","Afghanistan","pak","2119","sobriety","extension_exploratoire_post_2100","information","TW_HORS_DOMAINE_STULL","Tw est correctement indisponible car au moins une entrée est hors du domaine publié de Stull.","Aucune correction de données : conserver NC et afficher quelle entrée dépasse le domaine."
"586","Pakistan","pak","2120","sobriety","extension_exploratoire_post_2100","information","TW_HORS_DOMAINE_STULL","Tw est correctement indisponible car au moins une entrée est hors du domaine publié de Stull.","Aucune correction de données : conserver NC et afficher quelle entrée dépasse le domaine."
"004","Afghanistan","pak","2120","sobriety","extension_exploratoire_post_2100","information","TW_HORS_DOMAINE_STULL","Tw est correctement indisponible car au moins une entrée est hors du domaine publié de Stull.","Aucune correction de données : conserver NC et afficher quelle entrée dépasse le domaine."
"586","Pakistan","pak","2121","sobriety","extension_exploratoire_post_2100","information","TW_HORS_DOMAINE_STULL","Tw est correctement indisponible car au moins une entrée est hors du domaine publié de Stull.","Aucune correction de données : conserver NC et afficher quelle entrée dépasse le domaine."
"004","Afghanistan","pak","2121","sobriety","extension_exploratoire_post_2100","information","TW_HORS_DOMAINE_STULL","Tw est correctement indisponible car au moins une entrée est hors du domaine publié de Stull.","Aucune correction de données : conserver NC et afficher quelle entrée dépasse le domaine."
"586","Pakistan","pak","2122","sobriety","extension_exploratoire_post_2100","information","TW_HORS_DOMAINE_STULL","Tw est correctement indisponible car au moins une entrée est hors du domaine publié de Stull.","Aucune correction de données : conserver NC et afficher quelle entrée dépasse le domaine."
"004","Afghanistan","pak","2122","sobriety","extension_exploratoire_post_2100","information","TW_HORS_DOMAINE_STULL","Tw est correctement indisponible car au moins une entrée est hors du domaine publié de Stull.","Aucune correction de données : conserver NC et afficher quelle entrée dépasse le domaine."
"586","Pakistan","pak","2123","sobriety","extension_exploratoire_post_2100","information","TW_HORS_DOMAINE_STULL","Tw est correctement indisponible car au moins une entrée est hors du domaine publié de Stull.","Aucune correction de données : conserver NC et afficher quelle entrée dépasse le domaine."
"004","Afghanistan","pak","2123","sobriety","extension_exploratoire_post_2100","information","TW_HORS_DOMAINE_STULL","Tw est correctement indisponible car au moins une entrée est hors du domaine publié de Stull.","Aucune correction de données : conserver NC et afficher quelle entrée dépasse le domaine."
"586","Pakistan","pak","2124","sobriety","extension_exploratoire_post_2100","information","TW_HORS_DOMAINE_STULL","Tw est correctement indisponible car au moins une entrée est hors du domaine publié de Stull.","Aucune correction de données : conserver NC et afficher quelle entrée dépasse le domaine."
"004","Afghanistan","pak","2124","sobriety","extension_exploratoire_post_2100","information","TW_HORS_DOMAINE_STULL","Tw est correctement indisponible car au moins une entrée est hors du domaine publié de Stull.","Aucune correction de données : conserver NC et afficher quelle entrée dépasse le domaine."
"586","Pakistan","pak","2125","sobriety","extension_exploratoire_post_2100","information","TW_HORS_DOMAINE_STULL","Tw est correctement indisponible car au moins une entrée est hors du domaine publié de Stull.","Aucune correction de données : conserver NC et afficher quelle entrée dépasse le domaine."
"004","Afghanistan","pak","2125","sobriety","extension_exploratoire_post_2100","information","TW_HORS_DOMAINE_STULL","Tw est correctement indisponible car au moins une entrée est hors du domaine publié de Stull.","Aucune correction de données : conserver NC et afficher quelle entrée dépasse le domaine."
"586","Pakistan","pak","2126","sobriety","extension_exploratoire_post_2100","information","TW_HORS_DOMAINE_STULL","Tw est correctement indisponible car au moins une entrée est hors du domaine publié de Stull.","Aucune correction de données : conserver NC et afficher quelle entrée dépasse le domaine."
"004","Afghanistan","pak","2126","sobriety","extension_exploratoire_post_2100","information","TW_HORS_DOMAINE_STULL","Tw est correctement indisponible car au moins une entrée est hors du domaine publié de Stull.","Aucune correction de données : conserver NC et afficher quelle entrée dépasse le domaine."
"586","Pakistan","pak","2127","sobriety","extension_exploratoire_post_2100","information","TW_HORS_DOMAINE_STULL","Tw est correctement indisponible car au moins une entrée est hors du domaine publié de Stull.","Aucune correction de données : conserver NC et afficher quelle entrée dépasse le domaine."
"004","Afghanistan","pak","2127","sobriety","extension_exploratoire_post_2100","information","TW_HORS_DOMAINE_STULL","Tw est correctement indisponible car au moins une entrée est hors du domaine publié de Stull.","Aucune correction de données : conserver NC et afficher quelle entrée dépasse le domaine."
"586","Pakistan","pak","2128","sobriety","extension_exploratoire_post_2100","information","TW_HORS_DOMAINE_STULL","Tw est correctement indisponible car au moins une entrée est hors du domaine publié de Stull.","Aucune correction de données : conserver NC et afficher quelle entrée dépasse le domaine."
"004","Afghanistan","pak","2128","sobriety","extension_exploratoire_post_2100","information","TW_HORS_DOMAINE_STULL","Tw est correctement indisponible car au moins une entrée est hors du domaine publié de Stull.","Aucune correction de données : conserver NC et afficher quelle entrée dépasse le domaine."
"586","Pakistan","pak","2129","sobriety","extension_exploratoire_post_2100","information","TW_HORS_DOMAINE_STULL","Tw est correctement indisponible car au moins une entrée est hors du domaine publié de Stull.","Aucune correction de données : conserver NC et afficher quelle entrée dépasse le domaine."
"004","Afghanistan","pak","2129","sobriety","extension_exploratoire_post_2100","information","TW_HORS_DOMAINE_STULL","Tw est correctement indisponible car au moins une entrée est hors du domaine publié de Stull.","Aucune correction de données : conserver NC et afficher quelle entrée dépasse le domaine."
"586","Pakistan","pak","2130","sobriety","extension_exploratoire_post_2100","information","TW_HORS_DOMAINE_STULL","Tw est correctement indisponible car au moins une entrée est hors du domaine publié de Stull.","Aucune correction de données : conserver NC et afficher quelle entrée dépasse le domaine."
"004","Afghanistan","pak","2130","sobriety","extension_exploratoire_post_2100","information","TW_HORS_DOMAINE_STULL","Tw est correctement indisponible car au moins une entrée est hors du domaine publié de Stull.","Aucune correction de données : conserver NC et afficher quelle entrée dépasse le domaine."
"586","Pakistan","pak","2131","sobriety","extension_exploratoire_post_2100","information","TW_HORS_DOMAINE_STULL","Tw est correctement indisponible car au moins une entrée est hors du domaine publié de Stull.","Aucune correction de données : conserver NC et afficher quelle entrée dépasse le domaine."
"004","Afghanistan","pak","2131","sobriety","extension_exploratoire_post_2100","information","TW_HORS_DOMAINE_STULL","Tw est correctement indisponible car au moins une entrée est hors du domaine publié de Stull.","Aucune correction de données : conserver NC et afficher quelle entrée dépasse le domaine."
"586","Pakistan","pak","2132","sobriety","extension_exploratoire_post_2100","information","TW_HORS_DOMAINE_STULL","Tw est correctement indisponible car au moins une entrée est hors du domaine publié de Stull.","Aucune correction de données : conserver NC et afficher quelle entrée dépasse le domaine."
"004","Afghanistan","pak","2132","sobriety","extension_exploratoire_post_2100","information","TW_HORS_DOMAINE_STULL","Tw est correctement indisponible car au moins une entrée est hors du domaine publié de Stull.","Aucune correction de données : conserver NC et afficher quelle entrée dépasse le domaine."
"586","Pakistan","pak","2133","sobriety","extension_exploratoire_post_2100","information","TW_HORS_DOMAINE_STULL","Tw est correctement indisponible car au moins une entrée est hors du domaine publié de Stull.","Aucune correction de données : conserver NC et afficher quelle entrée dépasse le domaine."
"004","Afghanistan","pak","2133","sobriety","extension_exploratoire_post_2100","information","TW_HORS_DOMAINE_STULL","Tw est correctement indisponible car au moins une entrée est hors du domaine publié de Stull.","Aucune correction de données : conserver NC et afficher quelle entrée dépasse le domaine."
"586","Pakistan","pak","2134","sobriety","extension_exploratoire_post_2100","information","TW_HORS_DOMAINE_STULL","Tw est correctement indisponible car au moins une entrée est hors du domaine publié de Stull.","Aucune correction de données : conserver NC et afficher quelle entrée dépasse le domaine."
"004","Afghanistan","pak","2134","sobriety","extension_exploratoire_post_2100","information","TW_HORS_DOMAINE_STULL","Tw est correctement indisponible car au moins une entrée est hors du domaine publié de Stull.","Aucune correction de données : conserver NC et afficher quelle entrée dépasse le domaine."
"586","Pakistan","pak","2135","sobriety","extension_exploratoire_post_2100","information","TW_HORS_DOMAINE_STULL","Tw est correctement indisponible car au moins une entrée est hors du domaine publié de Stull.","Aucune correction de données : conserver NC et afficher quelle entrée dépasse le domaine."
"004","Afghanistan","pak","2135","sobriety","extension_exploratoire_post_2100","information","TW_HORS_DOMAINE_STULL","Tw est correctement indisponible car au moins une entrée est hors du domaine publié de Stull.","Aucune correction de données : conserver NC et afficher quelle entrée dépasse le domaine."
"586","Pakistan","pak","2136","sobriety","extension_exploratoire_post_2100","information","TW_HORS_DOMAINE_STULL","Tw est correctement indisponible car au moins une entrée est hors du domaine publié de Stull.","Aucune correction de données : conserver NC et afficher quelle entrée dépasse le domaine."
"004","Afghanistan","pak","2136","sobriety","extension_exploratoire_post_2100","information","TW_HORS_DOMAINE_STULL","Tw est correctement indisponible car au moins une entrée est hors du domaine publié de Stull.","Aucune correction de données : conserver NC et afficher quelle entrée dépasse le domaine."
"586","Pakistan","pak","2137","sobriety","extension_exploratoire_post_2100","information","TW_HORS_DOMAINE_STULL","Tw est correctement indisponible car au moins une entrée est hors du domaine publié de Stull.","Aucune correction de données : conserver NC et afficher quelle entrée dépasse le domaine."
"004","Afghanistan","pak","2137","sobriety","extension_exploratoire_post_2100","information","TW_HORS_DOMAINE_STULL","Tw est correctement indisponible car au moins une entrée est hors du domaine publié de Stull.","Aucune correction de données : conserver NC et afficher quelle entrée dépasse le domaine."
"586","Pakistan","pak","2138","sobriety","extension_exploratoire_post_2100","information","TW_HORS_DOMAINE_STULL","Tw est correctement indisponible car au moins une entrée est hors du domaine publié de Stull.","Aucune correction de données : conserver NC et afficher quelle entrée dépasse le domaine."
"004","Afghanistan","pak","2138","sobriety","extension_exploratoire_post_2100","information","TW_HORS_DOMAINE_STULL","Tw est correctement indisponible car au moins une entrée est hors du domaine publié de Stull.","Aucune correction de données : conserver NC et afficher quelle entrée dépasse le domaine."
"586","Pakistan","pak","2139","sobriety","extension_exploratoire_post_2100","information","TW_HORS_DOMAINE_STULL","Tw est correctement indisponible car au moins une entrée est hors du domaine publié de Stull.","Aucune correction de données : conserver NC et afficher quelle entrée dépasse le domaine."
"004","Afghanistan","pak","2139","sobriety","extension_exploratoire_post_2100","information","TW_HORS_DOMAINE_STULL","Tw est correctement indisponible car au moins une entrée est hors du domaine publié de Stull.","Aucune correction de données : conserver NC et afficher quelle entrée dépasse le domaine."
"586","Pakistan","pak","2140","sobriety","extension_exploratoire_post_2100","information","TW_HORS_DOMAINE_STULL","Tw est correctement indisponible car au moins une entrée est hors du domaine publié de Stull.","Aucune correction de données : conserver NC et afficher quelle entrée dépasse le domaine."
"004","Afghanistan","pak","2140","sobriety","extension_exploratoire_post_2100","information","TW_HORS_DOMAINE_STULL","Tw est correctement indisponible car au moins une entrée est hors du domaine publié de Stull.","Aucune correction de données : conserver NC et afficher quelle entrée dépasse le domaine."
"586","Pakistan","pak","2141","sobriety","extension_exploratoire_post_2100","information","TW_HORS_DOMAINE_STULL","Tw est correctement indisponible car au moins une entrée est hors du domaine publié de Stull.","Aucune correction de données : conserver NC et afficher quelle entrée dépasse le domaine."
"004","Afghanistan","pak","2141","sobriety","extension_exploratoire_post_2100","information","TW_HORS_DOMAINE_STULL","Tw est correctement indisponible car au moins une entrée est hors du domaine publié de Stull.","Aucune correction de données : conserver NC et afficher quelle entrée dépasse le domaine."
"586","Pakistan","pak","2142","sobriety","extension_exploratoire_post_2100","information","TW_HORS_DOMAINE_STULL","Tw est correctement indisponible car au moins une entrée est hors du domaine publié de Stull.","Aucune correction de données : conserver NC et afficher quelle entrée dépasse le domaine."
"004","Afghanistan","pak","2142","sobriety","extension_exploratoire_post_2100","information","TW_HORS_DOMAINE_STULL","Tw est correctement indisponible car au moins une entrée est hors du domaine publié de Stull.","Aucune correction de données : conserver NC et afficher quelle entrée dépasse le domaine."
"586","Pakistan","pak","2143","sobriety","extension_exploratoire_post_2100","information","TW_HORS_DOMAINE_STULL","Tw est correctement indisponible car au moins une entrée est hors du domaine publié de Stull.","Aucune correction de données : conserver NC et afficher quelle entrée dépasse le domaine."
"004","Afghanistan","pak","2143","sobriety","extension_exploratoire_post_2100","information","TW_HORS_DOMAINE_STULL","Tw est correctement indisponible car au moins une entrée est hors du domaine publié de Stull.","Aucune correction de données : conserver NC et afficher quelle entrée dépasse le domaine."
"586","Pakistan","pak","2144","sobriety","extension_exploratoire_post_2100","information","TW_HORS_DOMAINE_STULL","Tw est correctement indisponible car au moins une entrée est hors du domaine publié de Stull.","Aucune correction de données : conserver NC et afficher quelle entrée dépasse le domaine."
"004","Afghanistan","pak","2144","sobriety","extension_exploratoire_post_2100","information","TW_HORS_DOMAINE_STULL","Tw est correctement indisponible car au moins une entrée est hors du domaine publié de Stull.","Aucune correction de données : conserver NC et afficher quelle entrée dépasse le domaine."
"586","Pakistan","pak","2145","sobriety","extension_exploratoire_post_2100","information","TW_HORS_DOMAINE_STULL","Tw est correctement indisponible car au moins une entrée est hors du domaine publié de Stull.","Aucune correction de données : conserver NC et afficher quelle entrée dépasse le domaine."
"004","Afghanistan","pak","2145","sobriety","extension_exploratoire_post_2100","information","TW_HORS_DOMAINE_STULL","Tw est correctement indisponible car au moins une entrée est hors du domaine publié de Stull.","Aucune correction de données : conserver NC et afficher quelle entrée dépasse le domaine."
"586","Pakistan","pak","2146","sobriety","extension_exploratoire_post_2100","information","TW_HORS_DOMAINE_STULL","Tw est correctement indisponible car au moins une entrée est hors du domaine publié de Stull.","Aucune correction de données : conserver NC et afficher quelle entrée dépasse le domaine."
"004","Afghanistan","pak","2146","sobriety","extension_exploratoire_post_2100","information","TW_HORS_DOMAINE_STULL","Tw est correctement indisponible car au moins une entrée est hors du domaine publié de Stull.","Aucune correction de données : conserver NC et afficher quelle entrée dépasse le domaine."
"586","Pakistan","pak","2147","sobriety","extension_exploratoire_post_2100","information","TW_HORS_DOMAINE_STULL","Tw est correctement indisponible car au moins une entrée est hors du domaine publié de Stull.","Aucune correction de données : conserver NC et afficher quelle entrée dépasse le domaine."
"004","Afghanistan","pak","2147","sobriety","extension_exploratoire_post_2100","information","TW_HORS_DOMAINE_STULL","Tw est correctement indisponible car au moins une entrée est hors du domaine publié de Stull.","Aucune correction de données : conserver NC et afficher quelle entrée dépasse le domaine."
"586","Pakistan","pak","2148","sobriety","extension_exploratoire_post_2100","information","TW_HORS_DOMAINE_STULL","Tw est correctement indisponible car au moins une entrée est hors du domaine publié de Stull.","Aucune correction de données : conserver NC et afficher quelle entrée dépasse le domaine."
"004","Afghanistan","pak","2148","sobriety","extension_exploratoire_post_2100","information","TW_HORS_DOMAINE_STULL","Tw est correctement indisponible car au moins une entrée est hors du domaine publié de Stull.","Aucune correction de données : conserver NC et afficher quelle entrée dépasse le domaine."
"586","Pakistan","pak","2149","sobriety","extension_exploratoire_post_2100","information","TW_HORS_DOMAINE_STULL","Tw est correctement indisponible car au moins une entrée est hors du domaine publié de Stull.","Aucune correction de données : conserver NC et afficher quelle entrée dépasse le domaine."
"004","Afghanistan","pak","2149","sobriety","extension_exploratoire_post_2100","information","TW_HORS_DOMAINE_STULL","Tw est correctement indisponible car au moins une entrée est hors du domaine publié de Stull.","Aucune correction de données : conserver NC et afficher quelle entrée dépasse le domaine."
"586","Pakistan","pak","2150","sobriety","extension_exploratoire_post_2100","information","TW_HORS_DOMAINE_STULL","Tw est correctement indisponible car au moins une entrée est hors du domaine publié de Stull.","Aucune correction de données : conserver NC et afficher quelle entrée dépasse le domaine."
"004","Afghanistan","pak","2150","sobriety","extension_exploratoire_post_2100","information","TW_HORS_DOMAINE_STULL","Tw est correctement indisponible car au moins une entrée est hors du domaine publié de Stull.","Aucune correction de données : conserver NC et afficher quelle entrée dépasse le domaine."
"586","Pakistan","pak","2151","sobriety","extension_exploratoire_post_2100","information","TW_HORS_DOMAINE_STULL","Tw est correctement indisponible car au moins une entrée est hors du domaine publié de Stull.","Aucune correction de données : conserver NC et afficher quelle entrée dépasse le domaine."
"004","Afghanistan","pak","2151","sobriety","extension_exploratoire_post_2100","information","TW_HORS_DOMAINE_STULL","Tw est correctement indisponible car au moins une entrée est hors du domaine publié de Stull.","Aucune correction de données : conserver NC et afficher quelle entrée dépasse le domaine."
"586","Pakistan","pak","2152","sobriety","extension_exploratoire_post_2100","information","TW_HORS_DOMAINE_STULL","Tw est correctement indisponible car au moins une entrée est hors du domaine publié de Stull.","Aucune correction de données : conserver NC et afficher quelle entrée dépasse le domaine."
"004","Afghanistan","pak","2152","sobriety","extension_exploratoire_post_2100","information","TW_HORS_DOMAINE_STULL","Tw est correctement indisponible car au moins une entrée est hors du domaine publié de Stull.","Aucune correction de données : conserver NC et afficher quelle entrée dépasse le domaine."
"586","Pakistan","pak","2153","sobriety","extension_exploratoire_post_2100","information","TW_HORS_DOMAINE_STULL","Tw est correctement indisponible car au moins une entrée est hors du domaine publié de Stull.","Aucune correction de données : conserver NC et afficher quelle entrée dépasse le domaine."
"004","Afghanistan","pak","2153","sobriety","extension_exploratoire_post_2100","information","TW_HORS_DOMAINE_STULL","Tw est correctement indisponible car au moins une entrée est hors du domaine publié de Stull.","Aucune correction de données : conserver NC et afficher quelle entrée dépasse le domaine."
"586","Pakistan","pak","2154","sobriety","extension_exploratoire_post_2100","information","TW_HORS_DOMAINE_STULL","Tw est correctement indisponible car au moins une entrée est hors du domaine publié de Stull.","Aucune correction de données : conserver NC et afficher quelle entrée dépasse le domaine."
"004","Afghanistan","pak","2154","sobriety","extension_exploratoire_post_2100","information","TW_HORS_DOMAINE_STULL","Tw est correctement indisponible car au moins une entrée est hors du domaine publié de Stull.","Aucune correction de données : conserver NC et afficher quelle entrée dépasse le domaine."
"586","Pakistan","pak","2155","sobriety","extension_exploratoire_post_2100","information","TW_HORS_DOMAINE_STULL","Tw est correctement indisponible car au moins une entrée est hors du domaine publié de Stull.","Aucune correction de données : conserver NC et afficher quelle entrée dépasse le domaine."
"004","Afghanistan","pak","2155","sobriety","extension_exploratoire_post_2100","information","TW_HORS_DOMAINE_STULL","Tw est correctement indisponible car au moins une entrée est hors du domaine publié de Stull.","Aucune correction de données : conserver NC et afficher quelle entrée dépasse le domaine."
"586","Pakistan","pak","2156","sobriety","extension_exploratoire_post_2100","information","TW_HORS_DOMAINE_STULL","Tw est correctement indisponible car au moins une entrée est hors du domaine publié de Stull.","Aucune correction de données : conserver NC et afficher quelle entrée dépasse le domaine."
"004","Afghanistan","pak","2156","sobriety","extension_exploratoire_post_2100","information","TW_HORS_DOMAINE_STULL","Tw est correctement indisponible car au moins une entrée est hors du domaine publié de Stull.","Aucune correction de données : conserver NC et afficher quelle entrée dépasse le domaine."
"586","Pakistan","pak","2157","sobriety","extension_exploratoire_post_2100","information","TW_HORS_DOMAINE_STULL","Tw est correctement indisponible car au moins une entrée est hors du domaine publié de Stull.","Aucune correction de données : conserver NC et afficher quelle entrée dépasse le domaine."
"004","Afghanistan","pak","2157","sobriety","extension_exploratoire_post_2100","information","TW_HORS_DOMAINE_STULL","Tw est correctement indisponible car au moins une entrée est hors du domaine publié de Stull.","Aucune correction de données : conserver NC et afficher quelle entrée dépasse le domaine."
"586","Pakistan","pak","2158","sobriety","extension_exploratoire_post_2100","information","TW_HORS_DOMAINE_STULL","Tw est correctement indisponible car au moins une entrée est hors du domaine publié de Stull.","Aucune correction de données : conserver NC et afficher quelle entrée dépasse le domaine."
"004","Afghanistan","pak","2158","sobriety","extension_exploratoire_post_2100","information","TW_HORS_DOMAINE_STULL","Tw est correctement indisponible car au moins une entrée est hors du domaine publié de Stull.","Aucune correction de données : conserver NC et afficher quelle entrée dépasse le domaine."
"586","Pakistan","pak","2159","sobriety","extension_exploratoire_post_2100","information","TW_HORS_DOMAINE_STULL","Tw est correctement indisponible car au moins une entrée est hors du domaine publié de Stull.","Aucune correction de données : conserver NC et afficher quelle entrée dépasse le domaine."
"004","Afghanistan","pak","2159","sobriety","extension_exploratoire_post_2100","information","TW_HORS_DOMAINE_STULL","Tw est correctement indisponible car au moins une entrée est hors du domaine publié de Stull.","Aucune correction de données : conserver NC et afficher quelle entrée dépasse le domaine."
"586","Pakistan","pak","2160","sobriety","extension_exploratoire_post_2100","information","TW_HORS_DOMAINE_STULL","Tw est correctement indisponible car au moins une entrée est hors du domaine publié de Stull.","Aucune correction de données : conserver NC et afficher quelle entrée dépasse le domaine."
"004","Afghanistan","pak","2160","sobriety","extension_exploratoire_post_2100","information","TW_HORS_DOMAINE_STULL","Tw est correctement indisponible car au moins une entrée est hors du domaine publié de Stull.","Aucune correction de données : conserver NC et afficher quelle entrée dépasse le domaine."
"586","Pakistan","pak","2161","sobriety","extension_exploratoire_post_2100","information","TW_HORS_DOMAINE_STULL","Tw est correctement indisponible car au moins une entrée est hors du domaine publié de Stull.","Aucune correction de données : conserver NC et afficher quelle entrée dépasse le domaine."
"004","Afghanistan","pak","2161","sobriety","extension_exploratoire_post_2100","information","TW_HORS_DOMAINE_STULL","Tw est correctement indisponible car au moins une entrée est hors du domaine publié de Stull.","Aucune correction de données : conserver NC et afficher quelle entrée dépasse le domaine."
"586","Pakistan","pak","2162","sobriety","extension_exploratoire_post_2100","information","TW_HORS_DOMAINE_STULL","Tw est correctement indisponible car au moins une entrée est hors du domaine publié de Stull.","Aucune correction de données : conserver NC et afficher quelle entrée dépasse le domaine."
"004","Afghanistan","pak","2162","sobriety","extension_exploratoire_post_2100","information","TW_HORS_DOMAINE_STULL","Tw est correctement indisponible car au moins une entrée est hors du domaine publié de Stull.","Aucune correction de données : conserver NC et afficher quelle entrée dépasse le domaine."
"586","Pakistan","pak","2163","sobriety","extension_exploratoire_post_2100","information","TW_HORS_DOMAINE_STULL","Tw est correctement indisponible car au moins une entrée est hors du domaine publié de Stull.","Aucune correction de données : conserver NC et afficher quelle entrée dépasse le domaine."
"004","Afghanistan","pak","2163","sobriety","extension_exploratoire_post_2100","information","TW_HORS_DOMAINE_STULL","Tw est correctement indisponible car au moins une entrée est hors du domaine publié de Stull.","Aucune correction de données : conserver NC et afficher quelle entrée dépasse le domaine."
"586","Pakistan","pak","2164","sobriety","extension_exploratoire_post_2100","information","TW_HORS_DOMAINE_STULL","Tw est correctement indisponible car au moins une entrée est hors du domaine publié de Stull.","Aucune correction de données : conserver NC et afficher quelle entrée dépasse le domaine."
"004","Afghanistan","pak","2164","sobriety","extension_exploratoire_post_2100","information","TW_HORS_DOMAINE_STULL","Tw est correctement indisponible car au moins une entrée est hors du domaine publié de Stull.","Aucune correction de données : conserver NC et afficher quelle entrée dépasse le domaine."
"586","Pakistan","pak","2165","sobriety","extension_exploratoire_post_2100","information","TW_HORS_DOMAINE_STULL","Tw est correctement indisponible car au moins une entrée est hors du domaine publié de Stull.","Aucune correction de données : conserver NC et afficher quelle entrée dépasse le domaine."
"004","Afghanistan","pak","2165","sobriety","extension_exploratoire_post_2100","information","TW_HORS_DOMAINE_STULL","Tw est correctement indisponible car au moins une entrée est hors du domaine publié de Stull.","Aucune correction de données : conserver NC et afficher quelle entrée dépasse le domaine."
"586","Pakistan","pak","2166","sobriety","extension_exploratoire_post_2100","information","TW_HORS_DOMAINE_STULL","Tw est correctement indisponible car au moins une entrée est hors du domaine publié de Stull.","Aucune correction de données : conserver NC et afficher quelle entrée dépasse le domaine."
"004","Afghanistan","pak","2166","sobriety","extension_exploratoire_post_2100","information","TW_HORS_DOMAINE_STULL","Tw est correctement indisponible car au moins une entrée est hors du domaine publié de Stull.","Aucune correction de données : conserver NC et afficher quelle entrée dépasse le domaine."
"586","Pakistan","pak","2167","sobriety","extension_exploratoire_post_2100","information","TW_HORS_DOMAINE_STULL","Tw est correctement indisponible car au moins une entrée est hors du domaine publié de Stull.","Aucune correction de données : conserver NC et afficher quelle entrée dépasse le domaine."
"004","Afghanistan","pak","2167","sobriety","extension_exploratoire_post_2100","information","TW_HORS_DOMAINE_STULL","Tw est correctement indisponible car au moins une entrée est hors du domaine publié de Stull.","Aucune correction de données : conserver NC et afficher quelle entrée dépasse le domaine."
"586","Pakistan","pak","2168","sobriety","extension_exploratoire_post_2100","information","TW_HORS_DOMAINE_STULL","Tw est correctement indisponible car au moins une entrée est hors du domaine publié de Stull.","Aucune correction de données : conserver NC et afficher quelle entrée dépasse le domaine."
"004","Afghanistan","pak","2168","sobriety","extension_exploratoire_post_2100","information","TW_HORS_DOMAINE_STULL","Tw est correctement indisponible car au moins une entrée est hors du domaine publié de Stull.","Aucune correction de données : conserver NC et afficher quelle entrée dépasse le domaine."
"586","Pakistan","pak","2169","sobriety","extension_exploratoire_post_2100","information","TW_HORS_DOMAINE_STULL","Tw est correctement indisponible car au moins une entrée est hors du domaine publié de Stull.","Aucune correction de données : conserver NC et afficher quelle entrée dépasse le domaine."
"004","Afghanistan","pak","2169","sobriety","extension_exploratoire_post_2100","information","TW_HORS_DOMAINE_STULL","Tw est correctement indisponible car au moins une entrée est hors du domaine publié de Stull.","Aucune correction de données : conserver NC et afficher quelle entrée dépasse le domaine."
"586","Pakistan","pak","2170","sobriety","extension_exploratoire_post_2100","information","TW_HORS_DOMAINE_STULL","Tw est correctement indisponible car au moins une entrée est hors du domaine publié de Stull.","Aucune correction de données : conserver NC et afficher quelle entrée dépasse le domaine."
"004","Afghanistan","pak","2170","sobriety","extension_exploratoire_post_2100","information","TW_HORS_DOMAINE_STULL","Tw est correctement indisponible car au moins une entrée est hors du domaine publié de Stull.","Aucune correction de données : conserver NC et afficher quelle entrée dépasse le domaine."
"586","Pakistan","pak","2171","sobriety","extension_exploratoire_post_2100","information","TW_HORS_DOMAINE_STULL","Tw est correctement indisponible car au moins une entrée est hors du domaine publié de Stull.","Aucune correction de données : conserver NC et afficher quelle entrée dépasse le domaine."
"004","Afghanistan","pak","2171","sobriety","extension_exploratoire_post_2100","information","TW_HORS_DOMAINE_STULL","Tw est correctement indisponible car au moins une entrée est hors du domaine publié de Stull.","Aucune correction de données : conserver NC et afficher quelle entrée dépasse le domaine."
"586","Pakistan","pak","2172","sobriety","extension_exploratoire_post_2100","information","TW_HORS_DOMAINE_STULL","Tw est correctement indisponible car au moins une entrée est hors du domaine publié de Stull.","Aucune correction de données : conserver NC et afficher quelle entrée dépasse le domaine."
"004","Afghanistan","pak","2172","sobriety","extension_exploratoire_post_2100","information","TW_HORS_DOMAINE_STULL","Tw est correctement indisponible car au moins une entrée est hors du domaine publié de Stull.","Aucune correction de données : conserver NC et afficher quelle entrée dépasse le domaine."
"586","Pakistan","pak","2173","sobriety","extension_exploratoire_post_2100","information","TW_HORS_DOMAINE_STULL","Tw est correctement indisponible car au moins une entrée est hors du domaine publié de Stull.","Aucune correction de données : conserver NC et afficher quelle entrée dépasse le domaine."
"004","Afghanistan","pak","2173","sobriety","extension_exploratoire_post_2100","information","TW_HORS_DOMAINE_STULL","Tw est correctement indisponible car au moins une entrée est hors du domaine publié de Stull.","Aucune correction de données : conserver NC et afficher quelle entrée dépasse le domaine."
"586","Pakistan","pak","2174","sobriety","extension_exploratoire_post_2100","information","TW_HORS_DOMAINE_STULL","Tw est correctement indisponible car au moins une entrée est hors du domaine publié de Stull.","Aucune correction de données : conserver NC et afficher quelle entrée dépasse le domaine."
"004","Afghanistan","pak","2174","sobriety","extension_exploratoire_post_2100","information","TW_HORS_DOMAINE_STULL","Tw est correctement indisponible car au moins une entrée est hors du domaine publié de Stull.","Aucune correction de données : conserver NC et afficher quelle entrée dépasse le domaine."
"586","Pakistan","pak","2175","sobriety","extension_exploratoire_post_2100","information","TW_HORS_DOMAINE_STULL","Tw est correctement indisponible car au moins une entrée est hors du domaine publié de Stull.","Aucune correction de données : conserver NC et afficher quelle entrée dépasse le domaine."
"004","Afghanistan","pak","2175","sobriety","extension_exploratoire_post_2100","information","TW_HORS_DOMAINE_STULL","Tw est correctement indisponible car au moins une entrée est hors du domaine publié de Stull.","Aucune correction de données : conserver NC et afficher quelle entrée dépasse le domaine."
"586","Pakistan","pak","2176","sobriety","extension_exploratoire_post_2100","information","TW_HORS_DOMAINE_STULL","Tw est correctement indisponible car au moins une entrée est hors du domaine publié de Stull.","Aucune correction de données : conserver NC et afficher quelle entrée dépasse le domaine."
"004","Afghanistan","pak","2176","sobriety","extension_exploratoire_post_2100","information","TW_HORS_DOMAINE_STULL","Tw est correctement indisponible car au moins une entrée est hors du domaine publié de Stull.","Aucune correction de données : conserver NC et afficher quelle entrée dépasse le domaine."
"586","Pakistan","pak","2177","sobriety","extension_exploratoire_post_2100","information","TW_HORS_DOMAINE_STULL","Tw est correctement indisponible car au moins une entrée est hors du domaine publié de Stull.","Aucune correction de données : conserver NC et afficher quelle entrée dépasse le domaine."
"004","Afghanistan","pak","2177","sobriety","extension_exploratoire_post_2100","information","TW_HORS_DOMAINE_STULL","Tw est correctement indisponible car au moins une entrée est hors du domaine publié de Stull.","Aucune correction de données : conserver NC et afficher quelle entrée dépasse le domaine."
"586","Pakistan","pak","2178","sobriety","extension_exploratoire_post_2100","information","TW_HORS_DOMAINE_STULL","Tw est correctement indisponible car au moins une entrée est hors du domaine publié de Stull.","Aucune correction de données : conserver NC et afficher quelle entrée dépasse le domaine."
"004","Afghanistan","pak","2178","sobriety","extension_exploratoire_post_2100","information","TW_HORS_DOMAINE_STULL","Tw est correctement indisponible car au moins une entrée est hors du domaine publié de Stull.","Aucune correction de données : conserver NC et afficher quelle entrée dépasse le domaine."
"586","Pakistan","pak","2179","sobriety","extension_exploratoire_post_2100","information","TW_HORS_DOMAINE_STULL","Tw est correctement indisponible car au moins une entrée est hors du domaine publié de Stull.","Aucune correction de données : conserver NC et afficher quelle entrée dépasse le domaine."
"004","Afghanistan","pak","2179","sobriety","extension_exploratoire_post_2100","information","TW_HORS_DOMAINE_STULL","Tw est correctement indisponible car au moins une entrée est hors du domaine publié de Stull.","Aucune correction de données : conserver NC et afficher quelle entrée dépasse le domaine."
"586","Pakistan","pak","2180","sobriety","extension_exploratoire_post_2100","information","TW_HORS_DOMAINE_STULL","Tw est correctement indisponible car au moins une entrée est hors du domaine publié de Stull.","Aucune correction de données : conserver NC et afficher quelle entrée dépasse le domaine."
"004","Afghanistan","pak","2180","sobriety","extension_exploratoire_post_2100","information","TW_HORS_DOMAINE_STULL","Tw est correctement indisponible car au moins une entrée est hors du domaine publié de Stull.","Aucune correction de données : conserver NC et afficher quelle entrée dépasse le domaine."
"586","Pakistan","pak","2181","sobriety","extension_exploratoire_post_2100","information","TW_HORS_DOMAINE_STULL","Tw est correctement indisponible car au moins une entrée est hors du domaine publié de Stull.","Aucune correction de données : conserver NC et afficher quelle entrée dépasse le domaine."
"004","Afghanistan","pak","2181","sobriety","extension_exploratoire_post_2100","information","TW_HORS_DOMAINE_STULL","Tw est correctement indisponible car au moins une entrée est hors du domaine publié de Stull.","Aucune correction de données : conserver NC et afficher quelle entrée dépasse le domaine."
"586","Pakistan","pak","2182","sobriety","extension_exploratoire_post_2100","information","TW_HORS_DOMAINE_STULL","Tw est correctement indisponible car au moins une entrée est hors du domaine publié de Stull.","Aucune correction de données : conserver NC et afficher quelle entrée dépasse le domaine."
"004","Afghanistan","pak","2182","sobriety","extension_exploratoire_post_2100","information","TW_HORS_DOMAINE_STULL","Tw est correctement indisponible car au moins une entrée est hors du domaine publié de Stull.","Aucune correction de données : conserver NC et afficher quelle entrée dépasse le domaine."
"586","Pakistan","pak","2183","sobriety","extension_exploratoire_post_2100","information","TW_HORS_DOMAINE_STULL","Tw est correctement indisponible car au moins une entrée est hors du domaine publié de Stull.","Aucune correction de données : conserver NC et afficher quelle entrée dépasse le domaine."
"004","Afghanistan","pak","2183","sobriety","extension_exploratoire_post_2100","information","TW_HORS_DOMAINE_STULL","Tw est correctement indisponible car au moins une entrée est hors du domaine publié de Stull.","Aucune correction de données : conserver NC et afficher quelle entrée dépasse le domaine."
"586","Pakistan","pak","2184","sobriety","extension_exploratoire_post_2100","information","TW_HORS_DOMAINE_STULL","Tw est correctement indisponible car au moins une entrée est hors du domaine publié de Stull.","Aucune correction de données : conserver NC et afficher quelle entrée dépasse le domaine."
"004","Afghanistan","pak","2184","sobriety","extension_exploratoire_post_2100","information","TW_HORS_DOMAINE_STULL","Tw est correctement indisponible car au moins une entrée est hors du domaine publié de Stull.","Aucune correction de données : conserver NC et afficher quelle entrée dépasse le domaine."
"586","Pakistan","pak","2185","sobriety","extension_exploratoire_post_2100","information","TW_HORS_DOMAINE_STULL","Tw est correctement indisponible car au moins une entrée est hors du domaine publié de Stull.","Aucune correction de données : conserver NC et afficher quelle entrée dépasse le domaine."
"004","Afghanistan","pak","2185","sobriety","extension_exploratoire_post_2100","information","TW_HORS_DOMAINE_STULL","Tw est correctement indisponible car au moins une entrée est hors du domaine publié de Stull.","Aucune correction de données : conserver NC et afficher quelle entrée dépasse le domaine."
"586","Pakistan","pak","2186","sobriety","extension_exploratoire_post_2100","information","TW_HORS_DOMAINE_STULL","Tw est correctement indisponible car au moins une entrée est hors du domaine publié de Stull.","Aucune correction de données : conserver NC et afficher quelle entrée dépasse le domaine."
"004","Afghanistan","pak","2186","sobriety","extension_exploratoire_post_2100","information","TW_HORS_DOMAINE_STULL","Tw est correctement indisponible car au moins une entrée est hors du domaine publié de Stull.","Aucune correction de données : conserver NC et afficher quelle entrée dépasse le domaine."
"586","Pakistan","pak","2187","sobriety","extension_exploratoire_post_2100","information","TW_HORS_DOMAINE_STULL","Tw est correctement indisponible car au moins une entrée est hors du domaine publié de Stull.","Aucune correction de données : conserver NC et afficher quelle entrée dépasse le domaine."
"004","Afghanistan","pak","2187","sobriety","extension_exploratoire_post_2100","information","TW_HORS_DOMAINE_STULL","Tw est correctement indisponible car au moins une entrée est hors du domaine publié de Stull.","Aucune correction de données : conserver NC et afficher quelle entrée dépasse le domaine."
"586","Pakistan","pak","2188","sobriety","extension_exploratoire_post_2100","information","TW_HORS_DOMAINE_STULL","Tw est correctement indisponible car au moins une entrée est hors du domaine publié de Stull.","Aucune correction de données : conserver NC et afficher quelle entrée dépasse le domaine."
"004","Afghanistan","pak","2188","sobriety","extension_exploratoire_post_2100","information","TW_HORS_DOMAINE_STULL","Tw est correctement indisponible car au moins une entrée est hors du domaine publié de Stull.","Aucune correction de données : conserver NC et afficher quelle entrée dépasse le domaine."
"586","Pakistan","pak","2189","sobriety","extension_exploratoire_post_2100","information","TW_HORS_DOMAINE_STULL","Tw est correctement indisponible car au moins une entrée est hors du domaine publié de Stull.","Aucune correction de données : conserver NC et afficher quelle entrée dépasse le domaine."
"004","Afghanistan","pak","2189","sobriety","extension_exploratoire_post_2100","information","TW_HORS_DOMAINE_STULL","Tw est correctement indisponible car au moins une entrée est hors du domaine publié de Stull.","Aucune correction de données : conserver NC et afficher quelle entrée dépasse le domaine."
"586","Pakistan","pak","2190","sobriety","extension_exploratoire_post_2100","information","TW_HORS_DOMAINE_STULL","Tw est correctement indisponible car au moins une entrée est hors du domaine publié de Stull.","Aucune correction de données : conserver NC et afficher quelle entrée dépasse le domaine."
"004","Afghanistan","pak","2190","sobriety","extension_exploratoire_post_2100","information","TW_HORS_DOMAINE_STULL","Tw est correctement indisponible car au moins une entrée est hors du domaine publié de Stull.","Aucune correction de données : conserver NC et afficher quelle entrée dépasse le domaine."
"586","Pakistan","pak","2191","sobriety","extension_exploratoire_post_2100","information","TW_HORS_DOMAINE_STULL","Tw est correctement indisponible car au moins une entrée est hors du domaine publié de Stull.","Aucune correction de données : conserver NC et afficher quelle entrée dépasse le domaine."
"004","Afghanistan","pak","2191","sobriety","extension_exploratoire_post_2100","information","TW_HORS_DOMAINE_STULL","Tw est correctement indisponible car au moins une entrée est hors du domaine publié de Stull.","Aucune correction de données : conserver NC et afficher quelle entrée dépasse le domaine."
"586","Pakistan","pak","2192","sobriety","extension_exploratoire_post_2100","information","TW_HORS_DOMAINE_STULL","Tw est correctement indisponible car au moins une entrée est hors du domaine publié de Stull.","Aucune correction de données : conserver NC et afficher quelle entrée dépasse le domaine."
"004","Afghanistan","pak","2192","sobriety","extension_exploratoire_post_2100","information","TW_HORS_DOMAINE_STULL","Tw est correctement indisponible car au moins une entrée est hors du domaine publié de Stull.","Aucune correction de données : conserver NC et afficher quelle entrée dépasse le domaine."
"586","Pakistan","pak","2193","sobriety","extension_exploratoire_post_2100","information","TW_HORS_DOMAINE_STULL","Tw est correctement indisponible car au moins une entrée est hors du domaine publié de Stull.","Aucune correction de données : conserver NC et afficher quelle entrée dépasse le domaine."
"004","Afghanistan","pak","2193","sobriety","extension_exploratoire_post_2100","information","TW_HORS_DOMAINE_STULL","Tw est correctement indisponible car au moins une entrée est hors du domaine publié de Stull.","Aucune correction de données : conserver NC et afficher quelle entrée dépasse le domaine."
"586","Pakistan","pak","2194","sobriety","extension_exploratoire_post_2100","information","TW_HORS_DOMAINE_STULL","Tw est correctement indisponible car au moins une entrée est hors du domaine publié de Stull.","Aucune correction de données : conserver NC et afficher quelle entrée dépasse le domaine."
"004","Afghanistan","pak","2194","sobriety","extension_exploratoire_post_2100","information","TW_HORS_DOMAINE_STULL","Tw est correctement indisponible car au moins une entrée est hors du domaine publié de Stull.","Aucune correction de données : conserver NC et afficher quelle entrée dépasse le domaine."
"586","Pakistan","pak","2195","sobriety","extension_exploratoire_post_2100","information","TW_HORS_DOMAINE_STULL","Tw est correctement indisponible car au moins une entrée est hors du domaine publié de Stull.","Aucune correction de données : conserver NC et afficher quelle entrée dépasse le domaine."
"004","Afghanistan","pak","2195","sobriety","extension_exploratoire_post_2100","information","TW_HORS_DOMAINE_STULL","Tw est correctement indisponible car au moins une entrée est hors du domaine publié de Stull.","Aucune correction de données : conserver NC et afficher quelle entrée dépasse le domaine."
"586","Pakistan","pak","2196","sobriety","extension_exploratoire_post_2100","information","TW_HORS_DOMAINE_STULL","Tw est correctement indisponible car au moins une entrée est hors du domaine publié de Stull.","Aucune correction de données : conserver NC et afficher quelle entrée dépasse le domaine."
"004","Afghanistan","pak","2196","sobriety","extension_exploratoire_post_2100","information","TW_HORS_DOMAINE_STULL","Tw est correctement indisponible car au moins une entrée est hors du domaine publié de Stull.","Aucune correction de données : conserver NC et afficher quelle entrée dépasse le domaine."
"586","Pakistan","pak","2197","sobriety","extension_exploratoire_post_2100","information","TW_HORS_DOMAINE_STULL","Tw est correctement indisponible car au moins une entrée est hors du domaine publié de Stull.","Aucune correction de données : conserver NC et afficher quelle entrée dépasse le domaine."
"004","Afghanistan","pak","2197","sobriety","extension_exploratoire_post_2100","information","TW_HORS_DOMAINE_STULL","Tw est correctement indisponible car au moins une entrée est hors du domaine publié de Stull.","Aucune correction de données : conserver NC et afficher quelle entrée dépasse le domaine."
"586","Pakistan","pak","2198","sobriety","extension_exploratoire_post_2100","information","TW_HORS_DOMAINE_STULL","Tw est correctement indisponible car au moins une entrée est hors du domaine publié de Stull.","Aucune correction de données : conserver NC et afficher quelle entrée dépasse le domaine."
"004","Afghanistan","pak","2198","sobriety","extension_exploratoire_post_2100","information","TW_HORS_DOMAINE_STULL","Tw est correctement indisponible car au moins une entrée est hors du domaine publié de Stull.","Aucune correction de données : conserver NC et afficher quelle entrée dépasse le domaine."
"586","Pakistan","pak","2199","sobriety","extension_exploratoire_post_2100","information","TW_HORS_DOMAINE_STULL","Tw est correctement indisponible car au moins une entrée est hors du domaine publié de Stull.","Aucune correction de données : conserver NC et afficher quelle entrée dépasse le domaine."
"004","Afghanistan","pak","2199","sobriety","extension_exploratoire_post_2100","information","TW_HORS_DOMAINE_STULL","Tw est correctement indisponible car au moins une entrée est hors du domaine publié de Stull.","Aucune correction de données : conserver NC et afficher quelle entrée dépasse le domaine."
"586","Pakistan","pak","2200","sobriety","extension_exploratoire_post_2100","information","TW_HORS_DOMAINE_STULL","Tw est correctement indisponible car au moins une entrée est hors du domaine publié de Stull.","Aucune correction de données : conserver NC et afficher quelle entrée dépasse le domaine."
"004","Afghanistan","pak","2200","sobriety","extension_exploratoire_post_2100","information","TW_HORS_DOMAINE_STULL","Tw est correctement indisponible car au moins une entrée est hors du domaine publié de Stull.","Aucune correction de données : conserver NC et afficher quelle entrée dépasse le domaine."
